timestamp,temperature,humidity,pressure,wind_speed,clouds,aqi,co,no,no2,o3,so2,pm2_5,pm10,nh3
2026-07-27 18:37:07.162915,27.33,81,1000,7.66,99,4,65.42,0,0.1,41.76,0.53,22.33,101.99,0
2026-07-27T19:57:40.219798+00:00,Karachi,PK,24.8607,67.0011,27.35,81.0,999.0,7.37,257.0,100.0,,4.0,23.2,106.6,66.53,0.0,0.1,0.52,41.85,0.0,openweather,success,2.5360297999577597,"{""weather"": {""coord"": {""lon"": 67.0011, ""lat"": 24.8607}, ""weather"": [{""id"": 804, ""main"": ""Clouds"", ""description"": ""overcast clouds"", ""icon"": ""04n""}], ""base"": ""stations"", ""main"": {""temp"": 27.35, ""feels_like"": 30.65, ""temp_min"": 27.35, ""temp_max"": 27.35, ""pressure"": 999, ""humidity"": 81, ""sea_level"": 999, ""grnd_level"": 997}, ""visibility"": 10000, ""wind"": {""speed"": 7.37, ""deg"": 257, ""gust"": 8.46}, ""clouds"": {""all"": 100}, ""dt"": 1785182253, ""sys"": {""country"": ""PK"", ""sunrise"": 1785200258, ""sunset"": 1785248347}, ""timezone"": 18000, ""id"": 1174872, ""name"": ""Karachi"", ""cod"": 200}, ""air_quality"": {""coord"": {""lon"": 67.0011, ""lat"": 24.8607}, ""list"": [{""main"": {""aqi"": 4}, ""components"": {""co"": 66.53, ""no"": 0, ""no2"": 0.1, ""o3"": 41.85, ""so2"": 0.52, ""pm2_5"": 23.2, ""pm10"": 106.6, ""nh3"": 0}, ""dt"": 1785182259}]}}"
2026-07-27T19:45,Karachi,PK,24.8607,67.0011,28.1,82.0,999.6,14.3,256.0,82.0,0.0,82.0,20.8,58.9,121.0,,4.6,4.7,49.0,,openmeteo,success,2.3378571000648662,"{""weather"": {""latitude"": 24.850615, ""longitude"": 66.992485, ""generationtime_ms"": 0.12743473052978516, ""utc_offset_seconds"": 0, ""timezone"": ""GMT"", ""timezone_abbreviation"": ""GMT"", ""elevation"": 7.0, ""current_units"": {""time"": ""iso8601"", ""interval"": ""seconds"", ""temperature_2m"": ""°C"", ""relative_humidity_2m"": ""%"", ""pressure_msl"": ""hPa"", ""wind_speed_10m"": ""km/h"", ""wind_direction_10m"": ""°"", ""cloud_cover"": ""%"", ""rain"": ""mm""}, ""current"": {""time"": ""2026-07-27T19:45"", ""interval"": 900, ""temperature_2m"": 28.1, ""relative_humidity_2m"": 82, ""pressure_msl"": 999.6, ""wind_speed_10m"": 14.3, ""wind_direction_10m"": 256, ""cloud_cover"": 82, ""rain"": 0.0}}, ""air_quality"": {""latitude"": 24.900002, ""longitude"": 67.0, ""generationtime_ms"": 0.31065940856933594, ""utc_offset_seconds"": 0, ""timezone"": ""GMT"", ""timezone_abbreviation"": ""GMT"", ""elevation"": 7.0, ""hourly_units"": {""time"": ""iso8601"", ""pm10"": ""μg/m³"", ""pm2_5"": ""μg/m³"", ""carbon_monoxide"": ""μg/m³"", ""nitrogen_dioxide"": ""μg/m³"", ""ozone"": ""μg/m³"", ""sulphur_dioxide"": ""μg/m³"", ""ammonia"": ""μg/m³"", ""us_aqi"": ""USAQI""}, ""hourly"": {""time"": [""2026-07-27T00:00"", ""2026-07-27T01:00"", ""2026-07-27T02:00"", ""2026-07-27T03:00"", ""2026-07-27T04:00"", ""2026-07-27T05:00"", ""2026-07-27T06:00"", ""2026-07-27T07:00"", ""2026-07-27T08:00"", ""2026-07-27T09:00"", ""2026-07-27T10:00"", ""2026-07-27T11:00"", ""2026-07-27T12:00"", ""2026-07-27T13:00"", ""2026-07-27T14:00"", ""2026-07-27T15:00"", ""2026-07-27T16:00"", ""2026-07-27T17:00"", ""2026-07-27T18:00"", ""2026-07-27T19:00"", ""2026-07-27T20:00"", ""2026-07-27T21:00"", ""2026-07-27T22:00"", ""2026-07-27T23:00"", ""2026-07-28T00:00"", ""2026-07-28T01:00"", ""2026-07-28T02:00"", ""2026-07-28T03:00"", ""2026-07-28T04:00"", ""2026-07-28T05:00"", ""2026-07-28T06:00"", ""2026-07-28T07:00"", ""2026-07-28T08:00"", ""2026-07-28T09:00"", ""2026-07-28T10:00"", ""2026-07-28T11:00"", ""2026-07-28T12:00"", ""2026-07-28T13:00"", ""2026-07-28T14:00"", ""2026-07-28T15:00"", ""2026-07-28T16:00"", ""2026-07-28T17:00"", ""2026-07-28T18:00"", ""2026-07-28T19:00"", ""2026-07-28T20:00"", ""2026-07-28T21:00"", ""2026-07-28T22:00"", ""2026-07-28T23:00"", ""2026-07-29T00:00"", ""2026-07-29T01:00"", ""2026-07-29T02:00"", ""2026-07-29T03:00"", ""2026-07-29T04:00"", ""2026-07-29T05:00"", ""2026-07-29T06:00"", ""2026-07-29T07:00"", ""2026-07-29T08:00"", ""2026-07-29T09:00"", ""2026-07-29T10:00"", ""2026-07-29T11:00"", ""2026-07-29T12:00"", ""2026-07-29T13:00"", ""2026-07-29T14:00"", ""2026-07-29T15:00"", ""2026-07-29T16:00"", ""2026-07-29T17:00"", ""2026-07-29T18:00"", ""2026-07-29T19:00"", ""2026-07-29T20:00"", ""2026-07-29T21:00"", ""2026-07-29T22:00"", ""2026-07-29T23:00"", ""2026-07-30T00:00"", ""2026-07-30T01:00"", ""2026-07-30T02:00"", ""2026-07-30T03:00"", ""2026-07-30T04:00"", ""2026-07-30T05:00"", ""2026-07-30T06:00"", ""2026-07-30T07:00"", ""2026-07-30T08:00"", ""2026-07-30T09:00"", ""2026-07-30T10:00"", ""2026-07-30T11:00"", ""2026-07-30T12:00"", ""2026-07-30T13:00"", ""2026-07-30T14:00"", ""2026-07-30T15:00"", ""2026-07-30T16:00"", ""2026-07-30T17:00"", ""2026-07-30T18:00"", ""2026-07-30T19:00"", ""2026-07-30T20:00"", ""2026-07-30T21:00"", ""2026-07-30T22:00"", ""2026-07-30T23:00"", ""2026-07-31T00:00"", ""2026-07-31T01:00"", ""2026-07-31T02:00"", ""2026-07-31T03:00"", ""2026-07-31T04:00"", ""2026-07-31T05:00"", ""2026-07-31T06:00"", ""2026-07-31T07:00"", ""2026-07-31T08:00"", ""2026-07-31T09:00"", ""2026-07-31T10:00"", ""2026-07-31T11:00"", ""2026-07-31T12:00"", ""2026-07-31T13:00"", ""2026-07-31T14:00"", ""2026-07-31T15:00"", ""2026-07-31T16:00"", ""2026-07-31T17:00"", ""2026-07-31T18:00"", ""2026-07-31T19:00"", ""2026-07-31T20:00"", ""2026-07-31T21:00"", ""2026-07-31T22:00"", ""2026-07-31T23:00""], ""pm10"": [58.9, 61.7, 78.2, 105.0, 106.4, 120.1, 121.5, 118.3, 113.4, 113.2, 110.6, 103.6, 95.0, 85.0, 77.1, 73.3, 73.8, 76.1, 74.3, 61.9, 55.5, 57.7, 49.2, 46.6, 53.3, 47.3, 52.7, 64.3, 69.2, 75.0, 78.2, 81.7, 85.0, 89.6, 86.4, 85.4, 77.5, 77.1, 64.5, 59.1, 47.6, 43.5, 43.1, 41.9, 40.0, 39.3, 40.0, 40.5, 41.9, 40.9, 45.6, 56.5, 73.8, 84.1, 92.7, 86.6, 79.4, 77.3, 77.8, 76.6, 70.8, 65.0, 57.5, 51.1, 50.6, 50.4, 50.3, 50.4, 50.5, 50.6, 51.7, 56.0, 61.9, 61.5, 65.7, 75.9, 93.6, 93.8, 93.4, 93.8, 90.8, 88.0, 87.1, 85.9, 84.1, 79.2, 73.6, 66.6, 63.8, 63.6, 63.8, 63.8, 62.2, 57.7, 53.0, 51.3, 51.0, 53.7, 75.2, 96.9, 112.2, 117.6, 118.3, 118.5, 117.1, 111.5, 103.1, 95.2, 88.9, 84.8, 82.7, 80.8, 78.2, 77.1, 75.7, 75.9, 75.4, 75.2, 73.6, 71.7], ""pm2_5"": [20.8, 21.4, 24.3, 30.7, 31.4, 35.6, 37.4, 37.7, 36.8, 36.6, 36.1, 34.8, 32.9, 30.3, 28.2, 27.0, 26.6, 26.2, 25.1, 21.2, 19.3, 19.8, 17.5, 17.0, 19.3, 17.9, 19.3, 24.2, 25.9, 27.3, 27.9, 29.2, 30.3, 31.9, 31.4, 31.2, 29.0, 29.3, 26.3, 26.0, 21.4, 20.4, 20.4, 20.1, 19.3, 18.6, 18.3, 18.3, 18.6, 18.6, 20.3, 22.5, 28.3, 30.9, 33.5, 33.2, 32.0, 31.1, 30.9, 30.0, 28.6, 27.5, 25.1, 22.9, 22.7, 22.9, 23.5, 23.7, 23.1, 22.1, 21.5, 21.8, 22.7, 22.8, 24.0, 26.4, 32.2, 33.4, 34.8, 36.0, 35.9, 35.2, 34.6, 33.9, 33.1, 31.7, 30.2, 27.2, 25.8, 25.7, 25.8, 25.9, 25.4, 24.4, 23.3, 22.7, 22.4, 23.2, 27.3, 31.1, 34.6, 37.0, 39.1, 41.1, 42.5, 42.1, 39.8, 36.9, 34.3, 32.1, 30.6, 29.7, 27.9, 27.1, 26.5, 26.0, 25.2, 25.0, 24.6, 24.2], ""carbon_monoxide"": [121.0, 165.0, 225.0, 262.0, 256.0, 228.0, 205.0, 196.0, 192.0, 193.0, 203.0, 217.0, 226.0, 224.0, 215.0, 205.0, 193.0, 179.0, 165.0, 149.0, 133.0, 121.0, 112.0, 108.0, 120.0, 167.0, 231.0, 269.0, 257.0, 219.0, 191.0, 186.0, 191.0, 200.0, 215.0, 235.0, 247.0, 246.0, 238.0, 230.0, 225.0, 219.0, 208.0, 187.0, 162.0, 144.0, 132.0, 128.0, 142.0, 195.0, 267.0, 311.0, 297.0, 255.0, 222.0, 212.0, 213.0, 221.0, 241.0, 268.0, 292.0, 310.0, 325.0, 331.0, 324.0, 308.0, 286.0, 253.0, 213.0, 182.0, 160.0, 146.0, 154.0, 204.0, 275.0, 318.0, 304.0, 262.0, 231.0, 224.0, 227.0, 240.0, 263.0, 295.0, 331.0, 373.0, 419.0, 454.0, 482.0, 499.0, 481.0, 400.0, 284.0, 198.0, 163.0, 158.0, 184.0, 262.0, 371.0, 449.0, 465.0, 449.0, 429.0, 410.0, 388.0, 376.0, 384.0, 403.0, 418.0, 428.0, 433.0, 425.0, 391.0, 343.0, 308.0, 296.0, 297.0, 307.0, 332.0, 366.0], ""nitrogen_dioxide"": [4.6, 5.7, 7.1, 7.9, 7.3, 6.0, 4.9, 4.1, 3.4, 3.3, 3.9, 4.9, 6.2, 7.9, 9.9, 11.0, 10.7, 9.5, 8.4, 7.7, 7.1, 6.5, 5.6, 4.7, 4.5, 5.9, 8.0, 9.3, 8.9, 7.6, 6.4, 5.3, 4.3, 3.9, 4.4, 5.6, 7.1, 9.3, 11.9, 13.8, 14.5, 14.4, 13.7, 12.2, 10.2, 8.4, 6.9, 5.7, 5.3, 6.5, 8.6, 9.7, 8.7, 6.8, 5.2, 4.4, 4.0, 4.2, 5.1, 6.7, 8.8, 11.8, 15.3, 18.1, 19.8, 20.8, 20.7, 19.2, 16.7, 14.1, 11.2, 8.2, 6.5, 7.3, 9.5, 10.6, 9.5, 7.5, 5.8, 4.9, 4.4, 4.6, 5.6, 7.2, 9.6, 13.5, 18.1, 21.3, 21.8, 20.8, 19.6, 18.6, 17.4, 16.5, 15.9, 15.4, 15.4, 16.2, 17.3, 17.6, 16.4, 14.4, 12.4, 10.5, 8.7, 7.9, 8.4, 10.0, 12.3, 16.1, 20.8, 24.0, 24.9, 24.4, 23.2, 21.3, 18.7, 16.6, 15.4, 14.7], ""ozone"": [49.0, 49.0, 48.0, 52.0, 63.0, 77.0, 88.0, 92.0, 91.0, 88.0, 81.0, 71.0, 62.0, 55.0, 50.0, 46.0, 45.0, 46.0, 47.0, 47.0, 47.0, 47.0, 48.0, 49.0, 49.0, 48.0, 47.0, 47.0, 50.0, 55.0, 61.0, 68.0, 75.0, 79.0, 77.0, 71.0, 65.0, 59.0, 53.0, 48.0, 46.0, 46.0, 46.0, 47.0, 48.0, 49.0, 50.0, 51.0, 51.0, 50.0, 48.0, 50.0, 59.0, 72.0, 83.0, 91.0, 98.0, 99.0, 92.0, 80.0, 69.0, 60.0, 52.0, 46.0, 42.0, 41.0, 40.0, 41.0, 42.0, 45.0, 49.0, 53.0, 56.0, 56.0, 54.0, 57.0, 69.0, 85.0, 99.0, 110.0, 118.0, 121.0, 115.0, 102.0, 89.0, 75.0, 61.0, 50.0, 47.0, 47.0, 48.0, 48.0, 48.0, 47.0, 44.0, 40.0, 39.0, 41.0, 45.0, 52.0, 62.0, 75.0, 87.0, 101.0, 115.0, 121.0, 114.0, 98.0, 82.0, 67.0, 51.0, 39.0, 34.0, 33.0, 34.0, 35.0, 38.0, 40.0, 41.0, 41.0], ""sulphur_dioxide"": [4.7, 5.0, 5.5, 6.0, 6.5, 7.0, 7.1, 6.7, 5.9, 5.3, 5.1, 5.1, 5.1, 5.1, 5.0, 5.0, 5.0, 5.0, 5.0, 4.9, 4.7, 4.6, 4.5, 4.3, 4.3, 4.5, 4.7, 5.0, 5.2, 5.5, 5.6, 5.6, 5.4, 5.3, 5.2, 5.2, 5.2, 5.3, 5.5, 5.7, 5.9, 6.2, 6.2, 5.9, 5.3, 4.9, 4.6, 4.5, 4.5, 4.8, 5.2, 5.6, 5.8, 6.0, 6.1, 6.1, 6.0, 5.9, 5.8, 5.8, 5.8, 6.0, 6.3, 6.7, 7.3, 7.9, 8.2, 7.9, 7.3, 6.7, 6.2, 5.8, 5.6, 5.9, 6.4, 6.9, 7.2, 7.5, 7.6, 7.5, 7.3, 7.1, 7.0, 7.0, 7.1, 7.3, 7.6, 8.0, 8.5, 9.1, 9.5, 9.4, 9.0, 8.7, 8.3, 7.9, 8.0, 9.0, 10.6, 12.0, 13.2, 14.2, 14.9, 15.1, 14.9, 14.3, 13.2, 11.9, 10.7, 9.9, 9.3, 9.1, 9.5, 10.3, 10.9, 10.9, 10.6, 10.5, 10.7, 11.0], ""ammonia"": [null, null, null, null, null, null, null, null, null, null, null, null, null, null, null, null, null, null, null, null, null, null, null, null, null, null, null, null, null, null, null, null, null, null, null, null, null, null, null, null, null, null, null, null, null, null, null, null, null, null, null, null, null, null, null, null, null, null, null, null, null, null, null, null, null, null, null, null, null, null, null, null, null, null, null, null, null, null, null, null, null, null, null, null, null, null, null, null, null, null, null, null, null, null, null, null, null, null, null, null, null, null, null, null, null, null, null, null, null, null, null, null, null, null, null, null, null, null, null, null], ""us_aqi"": [82, 82, 82, 82, 82, 82, 83, 83, 83, 83, 84, 84, 84, 85, 85, 85, 86, 86, 87, 87, 87, 87, 87, 86, 86, 86, 86, 85, 85, 84, 84, 83, 82, 82, 81, 81, 81, 80, 80, 80, 80, 80, 79, 79, 79, 79, 79, 79, 79, 79, 79, 79, 79, 79, 79, 80, 80, 80, 80, 80, 80, 80, 80, 80, 79, 80, 80, 80, 80, 81, 81, 81, 81, 82, 82, 82, 83, 83, 83, 83, 83, 84, 84, 84, 85, 85, 85, 86, 86, 86, 87, 87, 87, 87, 87, 87, 88, 87, 88, 88, 88, 88, 89, 89, 89, 90, 90, 91, 91, 91, 91, 91, 91, 92, 92, 92, 92, 92, 92, 92]}}}"
2026-07-27T19:57:38.742008+00:00,Karachi,PK,24.8607,67.0011,,,,,,,,,,,,,,,,,aqicn,success,1.049557299935259,"{""air_quality"": {""status"": ""error"", ""data"": ""Invalid key""}}"
"{'utc': '2025-03-04T12:00:00Z', 'local': '2025-03-04T17:00:00+05:00'}",Karachi,PK,24.8607,67.0011,,,,,,,,,,,,,,,,,openaq,success,3.905912599992007,"{""locations"": {""meta"": {""name"": ""openaq-api"", ""website"": ""/"", ""page"": 1, ""limit"": 1, ""found"": "">1""}, ""results"": [{""id"": 8156, ""name"": ""Karachi"", ""locality"": ""N/A"", ""timezone"": ""Asia/Karachi"", ""country"": {""id"": 109, ""code"": ""PK"", ""name"": ""Pakistan""}, ""owner"": {""id"": 4, ""name"": ""Unknown Governmental Organization""}, ""provider"": {""id"": 119, ""name"": ""AirNow""}, ""isMobile"": false, ""isMonitor"": true, ""instruments"": [{""id"": 2, ""name"": ""Government Monitor""}], ""sensors"": [{""id"": 23747, ""name"": ""pm25 µg/m³"", ""parameter"": {""id"": 2, ""name"": ""pm25"", ""units"": ""µg/m³"", ""displayName"": ""PM2.5""}}], ""coordinates"": {""latitude"": 24.8415, ""longitude"": 67.0091}, ""licenses"": [{""id"": 33, ""name"": ""US Public Domain"", ""attribution"": {""name"": ""Unknown Governmental Organization"", ""url"": null}, ""dateFrom"": ""2016-01-30"", ""dateTo"": null}], ""bounds"": [67.0091, 24.8415, 67.0091, 24.8415], ""distance"": 2275.31376878, ""datetimeFirst"": {""utc"": ""2019-05-22T22:00:00Z"", ""local"": ""2019-05-23T03:00:00+05:00""}, ""datetimeLast"": {""utc"": ""2025-03-04T12:00:00Z"", ""local"": ""2025-03-04T17:00:00+05:00""}}]}, ""latest"": {""meta"": {""name"": ""openaq-api"", ""website"": ""/"", ""page"": 1, ""limit"": 100, ""found"": 1}, ""results"": [{""datetime"": {""utc"": ""2025-03-04T12:00:00Z"", ""local"": ""2025-03-04T17:00:00+05:00""}, ""value"": 62.0, ""coordinates"": {""latitude"": 24.8415, ""longitude"": 67.0091}, ""sensorsId"": 23747, ""locationsId"": 8156}]}}"
2026-07-27T19:57:40.206245+00:00,Hyderabad,PK,25.396,68.3578,28.92,70.0,998.0,9.84,233.0,87.0,,3.0,19.69,84.53,78.39,0.0,1.15,1.92,42.15,0.45,openweather,success,2.511997999972664,"{""weather"": {""coord"": {""lon"": 68.3578, ""lat"": 25.396}, ""weather"": [{""id"": 804, ""main"": ""Clouds"", ""description"": ""overcast clouds"", ""icon"": ""04n""}], ""base"": ""stations"", ""main"": {""temp"": 28.92, ""feels_like"": 32.55, ""temp_min"": 28.92, ""temp_max"": 28.92, ""pressure"": 998, ""humidity"": 70, ""sea_level"": 998, ""grnd_level"": 993}, ""visibility"": 10000, ""wind"": {""speed"": 9.84, ""deg"": 233, ""gust"": 12.92}, ""clouds"": {""all"": 87}, ""dt"": 1785182258, ""sys"": {""country"": ""PK"", ""sunrise"": 1785199876, ""sunset"": 1785248078}, ""timezone"": 18000, ""id"": 1176734, ""name"": ""Hyderābād"", ""cod"": 200}, ""air_quality"": {""coord"": {""lon"": 68.3578, ""lat"": 25.396}, ""list"": [{""main"": {""aqi"": 3}, ""components"": {""co"": 78.39, ""no"": 0, ""no2"": 1.15, ""o3"": 42.15, ""so2"": 1.92, ""pm2_5"": 19.69, ""pm10"": 84.53, ""nh3"": 0.45}, ""dt"": 1785182259}]}}"
2026-07-27T19:45,Hyderabad,PK,25.396,68.3578,28.1,81.0,998.1,17.7,227.0,12.0,0.0,87.0,17.7,33.2,122.0,,8.5,6.4,35.0,,openmeteo,success,2.6263504000380635,"{""weather"": {""latitude"": 25.413004, ""longitude"": 68.353195, ""generationtime_ms"": 0.13399124145507812, ""utc_offset_seconds"": 0, ""timezone"": ""GMT"", ""timezone_abbreviation"": ""GMT"", ""elevation"": 29.0, ""current_units"": {""time"": ""iso8601"", ""interval"": ""seconds"", ""temperature_2m"": ""°C"", ""relative_humidity_2m"": ""%"", ""pressure_msl"": ""hPa"", ""wind_speed_10m"": ""km/h"", ""wind_direction_10m"": ""°"", ""cloud_cover"": ""%"", ""rain"": ""mm""}, ""current"": {""time"": ""2026-07-27T19:45"", ""interval"": 900, ""temperature_2m"": 28.1, ""relative_humidity_2m"": 81, ""pressure_msl"": 998.1, ""wind_speed_10m"": 17.7, ""wind_direction_10m"": 227, ""cloud_cover"": 12, ""rain"": 0.0}}, ""air_quality"": {""latitude"": 25.400002, ""longitude"": 68.40001, ""generationtime_ms"": 0.5322694778442383, ""utc_offset_seconds"": 0, ""timezone"": ""GMT"", ""timezone_abbreviation"": ""GMT"", ""elevation"": 29.0, ""hourly_units"": {""time"": ""iso8601"", ""pm10"": ""μg/m³"", ""pm2_5"": ""μg/m³"", ""carbon_monoxide"": ""μg/m³"", ""nitrogen_dioxide"": ""μg/m³"", ""ozone"": ""μg/m³"", ""sulphur_dioxide"": ""μg/m³"", ""ammonia"": ""μg/m³"", ""us_aqi"": ""USAQI""}, ""hourly"": {""time"": [""2026-07-27T00:00"", ""2026-07-27T01:00"", ""2026-07-27T02:00"", ""2026-07-27T03:00"", ""2026-07-27T04:00"", ""2026-07-27T05:00"", ""2026-07-27T06:00"", ""2026-07-27T07:00"", ""2026-07-27T08:00"", ""2026-07-27T09:00"", ""2026-07-27T10:00"", ""2026-07-27T11:00"", ""2026-07-27T12:00"", ""2026-07-27T13:00"", ""2026-07-27T14:00"", ""2026-07-27T15:00"", ""2026-07-27T16:00"", ""2026-07-27T17:00"", ""2026-07-27T18:00"", ""2026-07-27T19:00"", ""2026-07-27T20:00"", ""2026-07-27T21:00"", ""2026-07-27T22:00"", ""2026-07-27T23:00"", ""2026-07-28T00:00"", ""2026-07-28T01:00"", ""2026-07-28T02:00"", ""2026-07-28T03:00"", ""2026-07-28T04:00"", ""2026-07-28T05:00"", ""2026-07-28T06:00"", ""2026-07-28T07:00"", ""2026-07-28T08:00"", ""2026-07-28T09:00"", ""2026-07-28T10:00"", ""2026-07-28T11:00"", ""2026-07-28T12:00"", ""2026-07-28T13:00"", ""2026-07-28T14:00"", ""2026-07-28T15:00"", ""2026-07-28T16:00"", ""2026-07-28T17:00"", ""2026-07-28T18:00"", ""2026-07-28T19:00"", ""2026-07-28T20:00"", ""2026-07-28T21:00"", ""2026-07-28T22:00"", ""2026-07-28T23:00"", ""2026-07-29T00:00"", ""2026-07-29T01:00"", ""2026-07-29T02:00"", ""2026-07-29T03:00"", ""2026-07-29T04:00"", ""2026-07-29T05:00"", ""2026-07-29T06:00"", ""2026-07-29T07:00"", ""2026-07-29T08:00"", ""2026-07-29T09:00"", ""2026-07-29T10:00"", ""2026-07-29T11:00"", ""2026-07-29T12:00"", ""2026-07-29T13:00"", ""2026-07-29T14:00"", ""2026-07-29T15:00"", ""2026-07-29T16:00"", ""2026-07-29T17:00"", ""2026-07-29T18:00"", ""2026-07-29T19:00"", ""2026-07-29T20:00"", ""2026-07-29T21:00"", ""2026-07-29T22:00"", ""2026-07-29T23:00"", ""2026-07-30T00:00"", ""2026-07-30T01:00"", ""2026-07-30T02:00"", ""2026-07-30T03:00"", ""2026-07-30T04:00"", ""2026-07-30T05:00"", ""2026-07-30T06:00"", ""2026-07-30T07:00"", ""2026-07-30T08:00"", ""2026-07-30T09:00"", ""2026-07-30T10:00"", ""2026-07-30T11:00"", ""2026-07-30T12:00"", ""2026-07-30T13:00"", ""2026-07-30T14:00"", ""2026-07-30T15:00"", ""2026-07-30T16:00"", ""2026-07-30T17:00"", ""2026-07-30T18:00"", ""2026-07-30T19:00"", ""2026-07-30T20:00"", ""2026-07-30T21:00"", ""2026-07-30T22:00"", ""2026-07-30T23:00"", ""2026-07-31T00:00"", ""2026-07-31T01:00"", ""2026-07-31T02:00"", ""2026-07-31T03:00"", ""2026-07-31T04:00"", ""2026-07-31T05:00"", ""2026-07-31T06:00"", ""2026-07-31T07:00"", ""2026-07-31T08:00"", ""2026-07-31T09:00"", ""2026-07-31T10:00"", ""2026-07-31T11:00"", ""2026-07-31T12:00"", ""2026-07-31T13:00"", ""2026-07-31T14:00"", ""2026-07-31T15:00"", ""2026-07-31T16:00"", ""2026-07-31T17:00"", ""2026-07-31T18:00"", ""2026-07-31T19:00"", ""2026-07-31T20:00"", ""2026-07-31T21:00"", ""2026-07-31T22:00"", ""2026-07-31T23:00""], ""pm10"": [33.2, 37.0, 39.3, 44.0, 51.7, 61.9, 76.4, 88.0, 98.3, 105.9, 108.3, 105.0, 97.3, 88.0, 79.2, 76.4, 73.1, 69.2, 64.3, 59.0, 57.7, 57.2, 53.0, 48.8, 43.2, 39.0, 39.2, 51.1, 65.9, 70.8, 77.5, 84.3, 89.6, 92.2, 91.7, 90.3, 88.9, 86.8, 80.1, 75.4, 68.9, 62.6, 55.1, 45.1, 38.5, 36.7, 38.4, 40.5, 40.6, 39.8, 43.8, 58.9, 68.0, 89.4, 106.2, 127.1, 146.2, 155.1, 157.4, 149.5, 134.1, 113.2, 88.7, 74.0, 65.7, 60.8, 55.5, 50.2, 45.6, 44.7, 46.3, 49.8, 51.2, 53.7, 80.6, 69.6, 77.3, 79.6, 85.7, 95.2, 105.5, 116.9, 125.7, 128.5, 128.1, 118.5, 96.6, 77.8, 68.2, 61.7, 59.1, 56.2, 54.0, 52.4, 49.6, 48.9, 47.3, 46.0, 50.3, 61.9, 78.9, 95.7, 109.0, 114.8, 115.7, 112.7, 108.0, 104.3, 102.2, 100.6, 89.6, 77.5, 75.9, 68.2, 62.6, 58.7, 56.9, 54.2, 51.9, 50.6], ""pm2_5"": [17.7, 18.0, 18.3, 19.4, 21.4, 24.4, 28.9, 33.3, 37.1, 39.8, 41.6, 41.7, 40.7, 39.0, 36.9, 35.0, 32.8, 30.5, 28.0, 25.7, 23.5, 22.0, 19.6, 18.0, 16.3, 15.3, 15.8, 19.4, 23.8, 26.4, 29.5, 32.4, 34.5, 35.6, 35.9, 35.6, 35.3, 34.9, 33.5, 31.5, 29.3, 27.2, 24.4, 20.6, 17.8, 16.9, 17.2, 17.6, 17.6, 17.3, 18.2, 22.8, 24.3, 29.5, 34.3, 40.2, 45.5, 48.9, 50.5, 50.1, 47.6, 43.4, 37.7, 32.8, 29.7, 27.8, 25.2, 22.6, 20.2, 19.4, 19.6, 20.2, 20.5, 21.4, 28.2, 24.2, 27.1, 29.0, 32.1, 35.9, 39.6, 43.0, 45.4, 46.6, 47.0, 45.9, 42.7, 38.4, 34.2, 31.4, 29.7, 27.6, 25.7, 24.2, 22.1, 21.1, 20.4, 20.1, 21.1, 23.6, 27.6, 31.8, 35.4, 37.1, 37.6, 36.9, 35.6, 34.7, 34.1, 33.9, 34.1, 34.6, 33.6, 31.9, 30.2, 28.6, 27.4, 25.8, 24.7, 23.9], ""carbon_monoxide"": [122.0, 170.0, 236.0, 277.0, 267.0, 232.0, 206.0, 202.0, 207.0, 217.0, 237.0, 262.0, 276.0, 270.0, 252.0, 233.0, 215.0, 196.0, 181.0, 173.0, 169.0, 165.0, 157.0, 150.0, 153.0, 177.0, 210.0, 234.0, 238.0, 231.0, 222.0, 212.0, 201.0, 193.0, 192.0, 195.0, 197.0, 197.0, 197.0, 195.0, 191.0, 184.0, 174.0, 155.0, 133.0, 119.0, 116.0, 121.0, 140.0, 187.0, 248.0, 288.0, 286.0, 263.0, 244.0, 237.0, 234.0, 241.0, 268.0, 304.0, 323.0, 308.0, 277.0, 256.0, 263.0, 280.0, 287.0, 271.0, 245.0, 225.0, 215.0, 210.0, 219.0, 252.0, 298.0, 328.0, 326.0, 307.0, 292.0, 286.0, 284.0, 289.0, 308.0, 334.0, 354.0, 363.0, 366.0, 363.0, 356.0, 344.0, 321.0, 279.0, 227.0, 188.0, 168.0, 160.0, 174.0, 227.0, 301.0, 349.0, 346.0, 317.0, 288.0, 266.0, 244.0, 232.0, 231.0, 240.0, 264.0, 315.0, 380.0, 427.0, 446.0, 446.0, 420.0, 349.0, 253.0, 182.0, 162.0, 169.0], ""nitrogen_dioxide"": [8.5, 8.1, 7.4, 6.6, 5.4, 4.0, 2.8, 2.1, 1.7, 1.5, 1.5, 1.8, 2.4, 3.5, 4.9, 6.1, 6.9, 7.5, 7.7, 7.3, 6.6, 5.9, 5.5, 5.2, 4.9, 4.6, 4.2, 3.8, 3.1, 2.4, 1.8, 1.5, 1.4, 1.4, 1.5, 1.8, 2.3, 3.2, 4.4, 5.4, 6.1, 6.6, 6.9, 6.8, 6.5, 6.2, 6.0, 5.8, 5.6, 5.3, 5.1, 4.6, 3.8, 2.9, 2.2, 1.8, 1.7, 1.7, 1.9, 2.2, 2.8, 3.8, 4.9, 6.1, 7.2, 8.3, 9.0, 9.1, 8.8, 8.4, 8.2, 7.9, 7.5, 6.9, 6.2, 5.4, 4.4, 3.2, 2.3, 1.8, 1.6, 1.6, 1.7, 2.0, 2.6, 3.9, 5.5, 6.9, 7.8, 8.5, 9.1, 9.8, 10.4, 10.7, 10.5, 9.9, 9.3, 8.7, 7.9, 7.0, 5.8, 4.4, 3.3, 2.6, 2.1, 1.8, 1.5, 1.5, 2.5, 5.5, 9.6, 12.1, 11.5, 9.4, 8.0, 8.2, 9.1, 10.2, 11.4, 12.7], ""ozone"": [35.0, 36.0, 37.0, 42.0, 51.0, 63.0, 76.0, 89.0, 103.0, 113.0, 119.0, 122.0, 118.0, 104.0, 85.0, 68.0, 58.0, 50.0, 45.0, 43.0, 43.0, 44.0, 44.0, 44.0, 44.0, 44.0, 45.0, 49.0, 58.0, 69.0, 80.0, 90.0, 99.0, 104.0, 105.0, 102.0, 96.0, 87.0, 75.0, 65.0, 58.0, 52.0, 48.0, 46.0, 47.0, 47.0, 46.0, 46.0, 46.0, 47.0, 48.0, 53.0, 63.0, 75.0, 88.0, 100.0, 112.0, 121.0, 127.0, 131.0, 129.0, 118.0, 101.0, 85.0, 72.0, 59.0, 50.0, 46.0, 46.0, 46.0, 45.0, 45.0, 46.0, 47.0, 50.0, 56.0, 68.0, 84.0, 98.0, 110.0, 121.0, 129.0, 133.0, 135.0, 133.0, 127.0, 118.0, 107.0, 93.0, 76.0, 63.0, 54.0, 48.0, 44.0, 42.0, 41.0, 42.0, 43.0, 46.0, 52.0, 64.0, 79.0, 92.0, 100.0, 106.0, 109.0, 111.0, 110.0, 106.0, 95.0, 80.0, 68.0, 62.0, 58.0, 54.0, 49.0, 44.0, 40.0, 36.0, 32.0], ""sulphur_dioxide"": [6.4, 6.3, 6.3, 6.3, 6.5, 6.9, 7.2, 7.4, 7.6, 7.8, 7.9, 7.9, 8.0, 8.1, 8.3, 8.3, 8.2, 8.0, 7.8, 7.5, 7.2, 6.9, 6.4, 6.0, 5.6, 5.5, 5.5, 5.6, 5.8, 6.1, 6.3, 6.4, 6.4, 6.4, 6.4, 6.4, 6.5, 6.8, 7.1, 7.3, 7.3, 7.2, 7.1, 7.0, 6.8, 6.6, 6.4, 6.2, 6.1, 6.0, 5.9, 6.0, 6.2, 6.5, 6.9, 7.3, 7.8, 8.2, 8.4, 8.6, 8.7, 8.8, 8.9, 8.9, 8.8, 8.7, 8.5, 8.4, 8.2, 8.1, 8.0, 7.8, 7.7, 7.6, 7.4, 7.4, 7.5, 7.7, 8.0, 8.3, 8.7, 9.0, 9.0, 8.9, 8.9, 9.0, 9.1, 9.3, 9.5, 9.8, 9.9, 9.7, 9.4, 9.1, 8.8, 8.4, 8.2, 8.3, 8.5, 8.8, 9.3, 9.8, 9.8, 8.8, 7.3, 6.1, 5.5, 5.3, 5.2, 5.1, 5.2, 5.8, 7.3, 9.2, 10.6, 11.0, 10.8, 10.6, 10.6, 10.7], ""ammonia"": [null, null, null, null, null, null, null, null, null, null, null, null, null, null, null, null, null, null, null, null, null, null, null, null, null, null, null, null, null, null, null, null, null, null, null, null, null, null, null, null, null, null, null, null, null, null, null, null, null, null, null, null, null, null, null, null, null, null, null, null, null, null, null, null, null, null, null, null, null, null, null, null, null, null, null, null, null, null, null, null, null, null, null, null, null, null, null, null, null, null, null, null, null, null, null, null, null, null, null, null, null, null, null, null, null, null, null, null, null, null, null, null, null, null, null, null, null, null, null, null], ""us_aqi"": [87, 87, 87, 87, 87, 87, 86, 86, 86, 86, 86, 86, 87, 87, 87, 87, 87, 86, 86, 87, 87, 87, 88, 88, 88, 87, 87, 87, 87, 87, 87, 87, 87, 87, 87, 86, 86, 85, 85, 85, 85, 84, 84, 84, 83, 83, 83, 82, 82, 82, 83, 83, 83, 83, 83, 84, 84, 85, 86, 87, 88, 89, 90, 90, 91, 91, 91, 91, 91, 91, 91, 91, 92, 92, 92, 93, 93, 93, 93, 93, 93, 92, 92, 91, 91, 91, 91, 92, 92, 92, 93, 93, 93, 94, 94, 95, 95, 95, 94, 94, 94, 94, 94, 94, 94, 94, 94, 93, 92, 91, 90, 89, 89, 89, 89, 89, 89, 89, 90, 90]}}}"
2026-07-27T19:57:40.068356+00:00,Hyderabad,PK,25.396,68.3578,,,,,,,,,,,,,,,,,aqicn,success,2.3721230000955984,"{""air_quality"": {""status"": ""error"", ""data"": ""Invalid key""}}"
"{'utc': '2026-07-27T19:00:00Z', 'local': '2026-07-28T00:00:00+05:00'}",Hyderabad,PK,25.396,68.3578,,,,,,,,,,,,,,,,,openaq,success,2.2693314000498503,"{""locations"": {""meta"": {""name"": ""openaq-api"", ""website"": ""/"", ""page"": 1, ""limit"": 1, ""found"": "">1""}, ""results"": [{""id"": 4889110, ""name"": ""G3 Engineering Consultancy, Hyderabad"", ""locality"": null, ""timezone"": ""Asia/Karachi"", ""country"": {""id"": 109, ""code"": ""PK"", ""name"": ""Pakistan""}, ""owner"": {""id"": 16818, ""name"": ""The Urban Unit""}, ""provider"": {""id"": 66, ""name"": ""AirGradient""}, ""isMobile"": false, ""isMonitor"": false, ""instruments"": [{""id"": 24, ""name"": ""AirGradient Open Air Generation 1 (O-1PST)""}], ""sensors"": [{""id"": 13454880, ""name"": ""pm1 µg/m³"", ""parameter"": {""id"": 19, ""name"": ""pm1"", ""units"": ""µg/m³"", ""displayName"": ""PM1""}}, {""id"": 13454881, ""name"": ""pm25 µg/m³"", ""parameter"": {""id"": 2, ""name"": ""pm25"", ""units"": ""µg/m³"", ""displayName"": ""PM2.5""}}, {""id"": 13454882, ""name"": ""relativehumidity %"", ""parameter"": {""id"": 98, ""name"": ""relativehumidity"", ""units"": ""%"", ""displayName"": ""RH""}}, {""id"": 13454883, ""name"": ""temperature c"", ""parameter"": {""id"": 100, ""name"": ""temperature"", ""units"": ""c"", ""displayName"": ""Temperature (C)""}}, {""id"": 13454884, ""name"": ""um003 particles/cm³"", ""parameter"": {""id"": 125, ""name"": ""um003"", ""units"": ""particles/cm³"", ""displayName"": ""PM0.3 count""}}], ""coordinates"": {""latitude"": 25.385742, ""longitude"": 68.352781}, ""licenses"": [{""id"": 41, ""name"": ""CC BY 4.0"", ""attribution"": {""name"": ""The Urban Unit"", ""url"": null}, ""dateFrom"": ""2023-07-15"", ""dateTo"": null}], ""bounds"": [68.352781, 25.385742, 68.352781, 25.385742], ""distance"": 1243.54827417, ""datetimeFirst"": {""utc"": ""2025-06-28T15:00:00Z"", ""local"": ""2025-06-28T20:00:00+05:00""}, ""datetimeLast"": {""utc"": ""2026-07-27T19:00:00Z"", ""local"": ""2026-07-28T00:00:00+05:00""}}]}, ""latest"": {""meta"": {""name"": ""openaq-api"", ""website"": ""/"", ""page"": 1, ""limit"": 100, ""found"": 5}, ""results"": [{""datetime"": {""utc"": ""2026-07-27T19:00:00Z"", ""local"": ""2026-07-28T00:00:00+05:00""}, ""value"": 6.7, ""coordinates"": {""latitude"": 25.385742, ""longitude"": 68.352781}, ""sensorsId"": 13454880, ""locationsId"": 4889110}, {""datetime"": {""utc"": ""2026-07-27T19:00:00Z"", ""local"": ""2026-07-28T00:00:00+05:00""}, ""value"": 17.6, ""coordinates"": {""latitude"": 25.385742, ""longitude"": 68.352781}, ""sensorsId"": 13454881, ""locationsId"": 4889110}, {""datetime"": {""utc"": ""2026-07-27T19:00:00Z"", ""local"": ""2026-07-28T00:00:00+05:00""}, ""value"": 51.0, ""coordinates"": {""latitude"": 25.385742, ""longitude"": 68.352781}, ""sensorsId"": 13454882, ""locationsId"": 4889110}, {""datetime"": {""utc"": ""2026-07-27T19:00:00Z"", ""local"": ""2026-07-28T00:00:00+05:00""}, ""value"": 31.7, ""coordinates"": {""latitude"": 25.385742, ""longitude"": 68.352781}, ""sensorsId"": 13454883, ""locationsId"": 4889110}, {""datetime"": {""utc"": ""2026-07-27T19:00:00Z"", ""local"": ""2026-07-28T00:00:00+05:00""}, ""value"": 632.0, ""coordinates"": {""latitude"": 25.385742, ""longitude"": 68.352781}, ""sensorsId"": 13454884, ""locationsId"": 4889110}]}}"
2026-07-27T19:57:39.087864+00:00,Sukkur,PK,27.7052,68.8484,36.65,41.0,994.0,6.27,185.0,11.0,,4.0,27.84,112.84,110.5,0.0,1.88,1.6,45.73,4.89,openweather,success,1.389409500057809,"{""weather"": {""coord"": {""lon"": 68.8484, ""lat"": 27.7052}, ""weather"": [{""id"": 801, ""main"": ""Clouds"", ""description"": ""few clouds"", ""icon"": ""02n""}], ""base"": ""stations"", ""main"": {""temp"": 36.65, ""feels_like"": 40.86, ""temp_min"": 36.65, ""temp_max"": 36.65, ""pressure"": 994, ""humidity"": 41, ""sea_level"": 994, ""grnd_level"": 987}, ""visibility"": 10000, ""wind"": {""speed"": 6.27, ""deg"": 185, ""gust"": 9.01}, ""clouds"": {""all"": 11}, ""dt"": 1785182258, ""sys"": {""country"": ""PK"", ""sunrise"": 1785199510, ""sunset"": 1785248208}, ""timezone"": 18000, ""id"": 1164408, ""name"": ""Sukkur"", ""cod"": 200}, ""air_quality"": {""coord"": {""lon"": 68.8484, ""lat"": 27.7052}, ""list"": [{""main"": {""aqi"": 4}, ""components"": {""co"": 110.5, ""no"": 0, ""no2"": 1.88, ""o3"": 45.73, ""so2"": 1.6, ""pm2_5"": 27.84, ""pm10"": 112.84, ""nh3"": 4.89}, ""dt"": 1785182258}]}}"
2026-07-27T19:45,Sukkur,PK,27.7052,68.8484,34.2,53.0,995.2,15.2,194.0,3.0,0.0,89.0,27.7,29.6,945.0,,18.3,4.7,38.0,,openmeteo,success,2.462068900000304,"{""weather"": {""latitude"": 27.732864, ""longitude"": 68.865166, ""generationtime_ms"": 1.0800361633300781, ""utc_offset_seconds"": 0, ""timezone"": ""GMT"", ""timezone_abbreviation"": ""GMT"", ""elevation"": 61.0, ""current_units"": {""time"": ""iso8601"", ""interval"": ""seconds"", ""temperature_2m"": ""°C"", ""relative_humidity_2m"": ""%"", ""pressure_msl"": ""hPa"", ""wind_speed_10m"": ""km/h"", ""wind_direction_10m"": ""°"", ""cloud_cover"": ""%"", ""rain"": ""mm""}, ""current"": {""time"": ""2026-07-27T19:45"", ""interval"": 900, ""temperature_2m"": 34.2, ""relative_humidity_2m"": 53, ""pressure_msl"": 995.2, ""wind_speed_10m"": 15.2, ""wind_direction_10m"": 194, ""cloud_cover"": 3, ""rain"": 0.0}}, ""air_quality"": {""latitude"": 27.700005, ""longitude"": 68.8, ""generationtime_ms"": 0.3069639205932617, ""utc_offset_seconds"": 0, ""timezone"": ""GMT"", ""timezone_abbreviation"": ""GMT"", ""elevation"": 61.0, ""hourly_units"": {""time"": ""iso8601"", ""pm10"": ""μg/m³"", ""pm2_5"": ""μg/m³"", ""carbon_monoxide"": ""μg/m³"", ""nitrogen_dioxide"": ""μg/m³"", ""ozone"": ""μg/m³"", ""sulphur_dioxide"": ""μg/m³"", ""ammonia"": ""μg/m³"", ""us_aqi"": ""USAQI""}, ""hourly"": {""time"": [""2026-07-27T00:00"", ""2026-07-27T01:00"", ""2026-07-27T02:00"", ""2026-07-27T03:00"", ""2026-07-27T04:00"", ""2026-07-27T05:00"", ""2026-07-27T06:00"", ""2026-07-27T07:00"", ""2026-07-27T08:00"", ""2026-07-27T09:00"", ""2026-07-27T10:00"", ""2026-07-27T11:00"", ""2026-07-27T12:00"", ""2026-07-27T13:00"", ""2026-07-27T14:00"", ""2026-07-27T15:00"", ""2026-07-27T16:00"", ""2026-07-27T17:00"", ""2026-07-27T18:00"", ""2026-07-27T19:00"", ""2026-07-27T20:00"", ""2026-07-27T21:00"", ""2026-07-27T22:00"", ""2026-07-27T23:00"", ""2026-07-28T00:00"", ""2026-07-28T01:00"", ""2026-07-28T02:00"", ""2026-07-28T03:00"", ""2026-07-28T04:00"", ""2026-07-28T05:00"", ""2026-07-28T06:00"", ""2026-07-28T07:00"", ""2026-07-28T08:00"", ""2026-07-28T09:00"", ""2026-07-28T10:00"", ""2026-07-28T11:00"", ""2026-07-28T12:00"", ""2026-07-28T13:00"", ""2026-07-28T14:00"", ""2026-07-28T15:00"", ""2026-07-28T16:00"", ""2026-07-28T17:00"", ""2026-07-28T18:00"", ""2026-07-28T19:00"", ""2026-07-28T20:00"", ""2026-07-28T21:00"", ""2026-07-28T22:00"", ""2026-07-28T23:00"", ""2026-07-29T00:00"", ""2026-07-29T01:00"", ""2026-07-29T02:00"", ""2026-07-29T03:00"", ""2026-07-29T04:00"", ""2026-07-29T05:00"", ""2026-07-29T06:00"", ""2026-07-29T07:00"", ""2026-07-29T08:00"", ""2026-07-29T09:00"", ""2026-07-29T10:00"", ""2026-07-29T11:00"", ""2026-07-29T12:00"", ""2026-07-29T13:00"", ""2026-07-29T14:00"", ""2026-07-29T15:00"", ""2026-07-29T16:00"", ""2026-07-29T17:00"", ""2026-07-29T18:00"", ""2026-07-29T19:00"", ""2026-07-29T20:00"", ""2026-07-29T21:00"", ""2026-07-29T22:00"", ""2026-07-29T23:00"", ""2026-07-30T00:00"", ""2026-07-30T01:00"", ""2026-07-30T02:00"", ""2026-07-30T03:00"", ""2026-07-30T04:00"", ""2026-07-30T05:00"", ""2026-07-30T06:00"", ""2026-07-30T07:00"", ""2026-07-30T08:00"", ""2026-07-30T09:00"", ""2026-07-30T10:00"", ""2026-07-30T11:00"", ""2026-07-30T12:00"", ""2026-07-30T13:00"", ""2026-07-30T14:00"", ""2026-07-30T15:00"", ""2026-07-30T16:00"", ""2026-07-30T17:00"", ""2026-07-30T18:00"", ""2026-07-30T19:00"", ""2026-07-30T20:00"", ""2026-07-30T21:00"", ""2026-07-30T22:00"", ""2026-07-30T23:00"", ""2026-07-31T00:00"", ""2026-07-31T01:00"", ""2026-07-31T02:00"", ""2026-07-31T03:00"", ""2026-07-31T04:00"", ""2026-07-31T05:00"", ""2026-07-31T06:00"", ""2026-07-31T07:00"", ""2026-07-31T08:00"", ""2026-07-31T09:00"", ""2026-07-31T10:00"", ""2026-07-31T11:00"", ""2026-07-31T12:00"", ""2026-07-31T13:00"", ""2026-07-31T14:00"", ""2026-07-31T15:00"", ""2026-07-31T16:00"", ""2026-07-31T17:00"", ""2026-07-31T18:00"", ""2026-07-31T19:00"", ""2026-07-31T20:00"", ""2026-07-31T21:00"", ""2026-07-31T22:00"", ""2026-07-31T23:00""], ""pm10"": [29.6, 27.2, 25.1, 17.5, 15.8, 21.0, 28.9, 36.7, 44.9, 50.6, 57.4, 63.1, 65.7, 68.7, 66.6, 68.7, 72.6, 76.8, 99.9, 154.1, 206.3, 218.9, 209.5, 192.3, 165.3, 135.5, 105.5, 82.4, 78.7, 95.2, 111.5, 118.0, 124.3, 131.3, 141.6, 149.5, 157.4, 157.9, 135.5, 108.5, 88.2, 81.5, 105.7, 154.1, 177.0, 169.5, 144.4, 115.9, 85.2, 65.7, 54.0, 53.4, 61.0, 72.9, 89.6, 107.8, 122.5, 122.5, 114.3, 104.8, 95.7, 85.7, 73.1, 64.3, 58.9, 54.4, 52.5, 52.5, 52.6, 52.7, 53.8, 56.8, 62.4, 69.6, 79.6, 92.7, 107.6, 131.8, 157.4, 156.9, 156.5, 157.9, 161.1, 160.7, 155.5, 144.4, 118.3, 90.6, 73.8, 63.8, 61.0, 61.5, 62.9, 64.7, 65.4, 62.9, 59.6, 55.8, 54.7, 55.6, 66.4, 101.0, 135.0, 152.3, 157.4, 158.3, 158.3, 155.5, 156.9, 165.3, 166.2, 141.1, 151.3, 113.9, 95.5, 85.0, 88.7, 88.5, 80.6, 77.3], ""pm2_5"": [27.7, 26.1, 24.4, 16.6, 14.1, 15.0, 17.7, 20.3, 22.3, 23.7, 25.4, 27.3, 28.9, 31.1, 34.0, 37.1, 38.1, 38.6, 43.2, 55.6, 70.8, 79.4, 80.6, 76.1, 67.8, 57.2, 45.3, 34.9, 30.3, 31.4, 34.0, 35.3, 36.7, 38.6, 41.3, 43.9, 46.6, 48.4, 48.4, 46.2, 42.1, 39.8, 45.1, 57.2, 65.7, 65.7, 59.0, 49.7, 40.5, 32.8, 27.6, 25.7, 26.4, 28.7, 31.9, 35.3, 38.4, 39.3, 38.5, 37.1, 35.5, 34.0, 32.9, 32.4, 31.2, 30.2, 29.5, 28.8, 28.6, 28.6, 28.9, 30.0, 32.1, 34.9, 38.1, 40.5, 42.6, 46.6, 50.8, 49.9, 49.0, 48.8, 49.0, 49.0, 48.4, 47.1, 45.1, 41.8, 37.8, 34.6, 32.8, 31.9, 31.4, 31.2, 31.0, 30.5, 29.9, 29.5, 29.8, 30.7, 33.5, 37.7, 41.9, 44.7, 45.6, 45.6, 45.5, 44.8, 45.4, 48.3, 52.2, 55.3, 57.6, 52.0, 47.8, 44.7, 41.6, 37.3, 35.4, 34.8], ""carbon_monoxide"": [945.0, 802.0, 646.0, 518.0, 432.0, 373.0, 332.0, 315.0, 316.0, 314.0, 292.0, 266.0, 261.0, 305.0, 370.0, 401.0, 364.0, 293.0, 230.0, 189.0, 156.0, 132.0, 120.0, 117.0, 121.0, 135.0, 156.0, 170.0, 171.0, 166.0, 160.0, 153.0, 145.0, 141.0, 140.0, 143.0, 153.0, 179.0, 213.0, 234.0, 232.0, 217.0, 203.0, 193.0, 183.0, 176.0, 172.0, 171.0, 172.0, 177.0, 184.0, 188.0, 186.0, 181.0, 174.0, 165.0, 155.0, 148.0, 143.0, 140.0, 145.0, 165.0, 193.0, 209.0, 203.0, 185.0, 168.0, 153.0, 139.0, 129.0, 122.0, 118.0, 127.0, 159.0, 204.0, 234.0, 237.0, 225.0, 212.0, 199.0, 184.0, 174.0, 161.0, 152.0, 180.0, 293.0, 443.0, 516.0, 436.0, 280.0, 161.0, 129.0, 134.0, 141.0, 136.0, 133.0, 137.0, 156.0, 181.0, 196.0, 189.0, 171.0, 156.0, 149.0, 146.0, 146.0, 148.0, 154.0, 162.0, 177.0, 195.0, 205.0, 199.0, 185.0, 176.0, 181.0, 192.0, 198.0, 194.0, 185.0], ""nitrogen_dioxide"": [18.3, 15.0, 10.5, 6.7, 4.4, 2.9, 1.8, 1.2, 1.2, 1.2, 1.1, 1.2, 1.7, 3.4, 5.5, 6.8, 6.2, 4.8, 3.8, 3.9, 4.4, 4.9, 5.4, 5.9, 6.2, 6.1, 5.7, 5.1, 4.0, 2.6, 1.6, 1.1, 0.9, 0.9, 0.9, 1.0, 1.5, 2.7, 4.2, 5.2, 5.0, 4.3, 3.8, 4.0, 4.4, 4.9, 5.6, 6.3, 6.8, 6.9, 6.6, 6.0, 4.8, 3.2, 1.9, 1.3, 1.1, 1.0, 0.9, 1.0, 1.4, 2.4, 3.6, 4.4, 4.3, 3.7, 3.3, 3.4, 3.7, 4.0, 4.3, 4.7, 5.1, 5.7, 6.3, 6.3, 5.1, 3.3, 1.9, 1.3, 1.1, 1.0, 0.9, 1.0, 1.4, 2.5, 3.8, 4.6, 4.2, 3.1, 2.4, 2.3, 2.5, 2.7, 2.8, 3.0, 3.2, 3.5, 3.9, 3.9, 3.2, 2.1, 1.3, 0.9, 0.8, 0.8, 0.8, 0.9, 1.4, 2.6, 4.1, 5.3, 5.9, 6.1, 5.9, 5.1, 4.0, 3.2, 3.2, 3.5], ""ozone"": [38.0, 53.0, 74.0, 93.0, 109.0, 124.0, 135.0, 139.0, 139.0, 137.0, 135.0, 131.0, 125.0, 114.0, 100.0, 90.0, 88.0, 89.0, 86.0, 74.0, 58.0, 46.0, 40.0, 37.0, 36.0, 36.0, 38.0, 44.0, 57.0, 75.0, 88.0, 94.0, 96.0, 97.0, 98.0, 98.0, 97.0, 96.0, 93.0, 92.0, 93.0, 94.0, 92.0, 86.0, 77.0, 68.0, 60.0, 53.0, 48.0, 44.0, 43.0, 47.0, 61.0, 81.0, 96.0, 102.0, 104.0, 103.0, 101.0, 96.0, 91.0, 86.0, 80.0, 76.0, 75.0, 74.0, 73.0, 69.0, 64.0, 59.0, 55.0, 52.0, 50.0, 50.0, 51.0, 58.0, 75.0, 98.0, 114.0, 119.0, 118.0, 115.0, 113.0, 110.0, 105.0, 97.0, 88.0, 80.0, 76.0, 74.0, 71.0, 67.0, 62.0, 58.0, 54.0, 51.0, 50.0, 50.0, 51.0, 56.0, 69.0, 87.0, 99.0, 100.0, 95.0, 91.0, 89.0, 87.0, 85.0, 83.0, 81.0, 78.0, 71.0, 63.0, 57.0, 56.0, 56.0, 57.0, 56.0, 56.0], ""sulphur_dioxide"": [4.7, 4.8, 5.0, 5.3, 5.9, 6.7, 7.1, 6.8, 6.2, 5.6, 5.2, 4.8, 4.6, 4.6, 4.7, 4.9, 5.5, 6.2, 6.5, 5.9, 4.8, 4.0, 3.8, 4.0, 4.2, 4.5, 4.9, 5.2, 5.2, 5.0, 4.8, 4.6, 4.3, 4.1, 4.0, 4.0, 4.1, 4.5, 5.0, 5.4, 5.6, 5.8, 6.0, 6.4, 6.8, 7.3, 7.8, 8.3, 8.6, 8.8, 8.8, 8.6, 7.9, 6.9, 6.0, 5.3, 4.6, 4.1, 3.7, 3.4, 3.2, 3.2, 3.3, 3.3, 3.2, 3.1, 3.0, 2.8, 2.5, 2.4, 2.6, 3.0, 3.7, 5.1, 6.9, 8.1, 8.4, 8.2, 7.8, 7.1, 6.2, 5.5, 5.1, 4.8, 4.6, 4.5, 4.4, 4.2, 3.8, 3.4, 3.0, 2.8, 2.8, 2.7, 2.6, 2.5, 2.5, 2.8, 3.3, 3.7, 3.9, 4.0, 3.9, 3.5, 2.9, 2.5, 2.3, 2.2, 2.4, 3.0, 3.9, 4.3, 4.0, 3.3, 2.7, 2.4, 2.1, 1.9, 1.8, 1.7], ""ammonia"": [null, null, null, null, null, null, null, null, null, null, null, null, null, null, null, null, null, null, null, null, null, null, null, null, null, null, null, null, null, null, null, null, null, null, null, null, null, null, null, null, null, null, null, null, null, null, null, null, null, null, null, null, null, null, null, null, null, null, null, null, null, null, null, null, null, null, null, null, null, null, null, null, null, null, null, null, null, null, null, null, null, null, null, null, null, null, null, null, null, null, null, null, null, null, null, null, null, null, null, null, null, null, null, null, null, null, null, null, null, null, null, null, null, null, null, null, null, null, null, null], ""us_aqi"": [89, 89, 88, 88, 86, 84, 82, 81, 81, 81, 81, 82, 90, 93, 91, 86, 87, 87, 87, 87, 88, 90, 94, 98, 102, 106, 110, 112, 114, 115, 117, 119, 120, 122, 124, 125, 127, 129, 131, 132, 133, 133, 134, 134, 134, 133, 132, 130, 127, 124, 122, 120, 119, 118, 118, 118, 118, 118, 118, 118, 117, 116, 114, 113, 111, 110, 109, 108, 105, 101, 98, 95, 94, 93, 93, 94, 95, 97, 98, 99, 101, 102, 103, 104, 105, 107, 108, 109, 110, 111, 111, 112, 112, 112, 113, 113, 113, 113, 112, 111, 110, 109, 108, 107, 107, 106, 106, 106, 105, 105, 105, 106, 107, 109, 111, 113, 114, 115, 116, 116]}}}"
2026-07-27T19:57:38.893764+00:00,Sukkur,PK,27.7052,68.8484,,,,,,,,,,,,,,,,,aqicn,success,1.1926647000946105,"{""air_quality"": {""status"": ""error"", ""data"": ""Invalid key""}}"
"{'utc': '2026-05-16T17:00:00Z', 'local': '2026-05-16T22:00:00+05:00'}",Sukkur,PK,27.7052,68.8484,,,,,,,,,,,,,,,,,openaq,success,2.5277423999505118,"{""locations"": {""meta"": {""name"": ""openaq-api"", ""website"": ""/"", ""page"": 1, ""limit"": 1, ""found"": "">1""}, ""results"": [{""id"": 6135369, ""name"": ""WWF-Pakistan Sukkur Office"", ""locality"": null, ""timezone"": ""Asia/Karachi"", ""country"": {""id"": 109, ""code"": ""PK"", ""name"": ""Pakistan""}, ""owner"": {""id"": 23829, ""name"": ""Pakistan Air Quality Initiative (PAQI پاکی)""}, ""provider"": {""id"": 440, ""name"": ""Hawanama""}, ""isMobile"": false, ""isMonitor"": false, ""instruments"": [{""id"": 17, ""name"": ""AirVisual""}], ""sensors"": [{""id"": 14671544, ""name"": ""pm25 µg/m³"", ""parameter"": {""id"": 2, ""name"": ""pm25"", ""units"": ""µg/m³"", ""displayName"": ""PM2.5""}}], ""coordinates"": {""latitude"": 27.7119, ""longitude"": 68.8312}, ""licenses"": [{""id"": 41, ""name"": ""CC BY 4.0"", ""attribution"": {""name"": ""Pakistan Air Quality Initiative (PAQI پاکی)"", ""url"": null}, ""dateFrom"": ""2025-11-18"", ""dateTo"": null}], ""bounds"": [68.8312, 27.7119, 68.8312, 27.7119], ""distance"": 1851.71885666, ""datetimeFirst"": {""utc"": ""2025-11-18T15:00:00Z"", ""local"": ""2025-11-18T20:00:00+05:00""}, ""datetimeLast"": {""utc"": ""2026-05-16T17:00:00Z"", ""local"": ""2026-05-16T22:00:00+05:00""}}]}, ""latest"": {""meta"": {""name"": ""openaq-api"", ""website"": ""/"", ""page"": 1, ""limit"": 100, ""found"": 1}, ""results"": [{""datetime"": {""utc"": ""2026-05-16T17:00:00Z"", ""local"": ""2026-05-16T22:00:00+05:00""}, ""value"": 53.0, ""coordinates"": {""latitude"": 27.7119, ""longitude"": 68.8312}, ""sensorsId"": 14671544, ""locationsId"": 6135369}]}}"
2026-07-27T19:57:40.576763+00:00,Khairpur Mir's,PK,27.5295,68.7592,35.37,46.0,995.0,6.79,185.0,22.0,,4.0,28.0,119.21,97.35,0.0,1.48,1.64,44.06,3.73,openweather,success,2.873608099995181,"{""weather"": {""coord"": {""lon"": 68.7592, ""lat"": 27.5295}, ""weather"": [{""id"": 801, ""main"": ""Clouds"", ""description"": ""few clouds"", ""icon"": ""02n""}], ""base"": ""stations"", ""main"": {""temp"": 35.37, ""feels_like"": 39.99, ""temp_min"": 35.37, ""temp_max"": 35.37, ""pressure"": 995, ""humidity"": 46, ""sea_level"": 995, ""grnd_level"": 988}, ""visibility"": 10000, ""wind"": {""speed"": 6.79, ""deg"": 185, ""gust"": 9.89}, ""clouds"": {""all"": 22}, ""dt"": 1785182257, ""sys"": {""country"": ""PK"", ""sunrise"": 1785199551, ""sunset"": 1785248211}, ""timezone"": 18000, ""id"": 1162004, ""name"": ""Khairpur"", ""cod"": 200}, ""air_quality"": {""coord"": {""lon"": 68.7592, ""lat"": 27.5295}, ""list"": [{""main"": {""aqi"": 4}, ""components"": {""co"": 97.35, ""no"": 0, ""no2"": 1.48, ""o3"": 44.06, ""so2"": 1.64, ""pm2_5"": 28, ""pm10"": 119.21, ""nh3"": 3.73}, ""dt"": 1785182260}]}}"
2026-07-27T19:45,Khairpur Mir's,PK,27.5295,68.7592,33.4,55.0,995.3,14.1,191.0,10.0,0.0,89.0,27.7,29.6,560.0,,18.3,4.7,38.0,,openmeteo,success,2.649598199990578,"{""weather"": {""latitude"": 27.521967, ""longitude"": 68.734604, ""generationtime_ms"": 1.4336109161376953, ""utc_offset_seconds"": 0, ""timezone"": ""GMT"", ""timezone_abbreviation"": ""GMT"", ""elevation"": 60.0, ""current_units"": {""time"": ""iso8601"", ""interval"": ""seconds"", ""temperature_2m"": ""°C"", ""relative_humidity_2m"": ""%"", ""pressure_msl"": ""hPa"", ""wind_speed_10m"": ""km/h"", ""wind_direction_10m"": ""°"", ""cloud_cover"": ""%"", ""rain"": ""mm""}, ""current"": {""time"": ""2026-07-27T19:45"", ""interval"": 900, ""temperature_2m"": 33.4, ""relative_humidity_2m"": 55, ""pressure_msl"": 995.3, ""wind_speed_10m"": 14.1, ""wind_direction_10m"": 191, ""cloud_cover"": 10, ""rain"": 0.0}}, ""air_quality"": {""latitude"": 27.5, ""longitude"": 68.8, ""generationtime_ms"": 0.33676624298095703, ""utc_offset_seconds"": 0, ""timezone"": ""GMT"", ""timezone_abbreviation"": ""GMT"", ""elevation"": 60.0, ""hourly_units"": {""time"": ""iso8601"", ""pm10"": ""μg/m³"", ""pm2_5"": ""μg/m³"", ""carbon_monoxide"": ""μg/m³"", ""nitrogen_dioxide"": ""μg/m³"", ""ozone"": ""μg/m³"", ""sulphur_dioxide"": ""μg/m³"", ""ammonia"": ""μg/m³"", ""us_aqi"": ""USAQI""}, ""hourly"": {""time"": [""2026-07-27T00:00"", ""2026-07-27T01:00"", ""2026-07-27T02:00"", ""2026-07-27T03:00"", ""2026-07-27T04:00"", ""2026-07-27T05:00"", ""2026-07-27T06:00"", ""2026-07-27T07:00"", ""2026-07-27T08:00"", ""2026-07-27T09:00"", ""2026-07-27T10:00"", ""2026-07-27T11:00"", ""2026-07-27T12:00"", ""2026-07-27T13:00"", ""2026-07-27T14:00"", ""2026-07-27T15:00"", ""2026-07-27T16:00"", ""2026-07-27T17:00"", ""2026-07-27T18:00"", ""2026-07-27T19:00"", ""2026-07-27T20:00"", ""2026-07-27T21:00"", ""2026-07-27T22:00"", ""2026-07-27T23:00"", ""2026-07-28T00:00"", ""2026-07-28T01:00"", ""2026-07-28T02:00"", ""2026-07-28T03:00"", ""2026-07-28T04:00"", ""2026-07-28T05:00"", ""2026-07-28T06:00"", ""2026-07-28T07:00"", ""2026-07-28T08:00"", ""2026-07-28T09:00"", ""2026-07-28T10:00"", ""2026-07-28T11:00"", ""2026-07-28T12:00"", ""2026-07-28T13:00"", ""2026-07-28T14:00"", ""2026-07-28T15:00"", ""2026-07-28T16:00"", ""2026-07-28T17:00"", ""2026-07-28T18:00"", ""2026-07-28T19:00"", ""2026-07-28T20:00"", ""2026-07-28T21:00"", ""2026-07-28T22:00"", ""2026-07-28T23:00"", ""2026-07-29T00:00"", ""2026-07-29T01:00"", ""2026-07-29T02:00"", ""2026-07-29T03:00"", ""2026-07-29T04:00"", ""2026-07-29T05:00"", ""2026-07-29T06:00"", ""2026-07-29T07:00"", ""2026-07-29T08:00"", ""2026-07-29T09:00"", ""2026-07-29T10:00"", ""2026-07-29T11:00"", ""2026-07-29T12:00"", ""2026-07-29T13:00"", ""2026-07-29T14:00"", ""2026-07-29T15:00"", ""2026-07-29T16:00"", ""2026-07-29T17:00"", ""2026-07-29T18:00"", ""2026-07-29T19:00"", ""2026-07-29T20:00"", ""2026-07-29T21:00"", ""2026-07-29T22:00"", ""2026-07-29T23:00"", ""2026-07-30T00:00"", ""2026-07-30T01:00"", ""2026-07-30T02:00"", ""2026-07-30T03:00"", ""2026-07-30T04:00"", ""2026-07-30T05:00"", ""2026-07-30T06:00"", ""2026-07-30T07:00"", ""2026-07-30T08:00"", ""2026-07-30T09:00"", ""2026-07-30T10:00"", ""2026-07-30T11:00"", ""2026-07-30T12:00"", ""2026-07-30T13:00"", ""2026-07-30T14:00"", ""2026-07-30T15:00"", ""2026-07-30T16:00"", ""2026-07-30T17:00"", ""2026-07-30T18:00"", ""2026-07-30T19:00"", ""2026-07-30T20:00"", ""2026-07-30T21:00"", ""2026-07-30T22:00"", ""2026-07-30T23:00"", ""2026-07-31T00:00"", ""2026-07-31T01:00"", ""2026-07-31T02:00"", ""2026-07-31T03:00"", ""2026-07-31T04:00"", ""2026-07-31T05:00"", ""2026-07-31T06:00"", ""2026-07-31T07:00"", ""2026-07-31T08:00"", ""2026-07-31T09:00"", ""2026-07-31T10:00"", ""2026-07-31T11:00"", ""2026-07-31T12:00"", ""2026-07-31T13:00"", ""2026-07-31T14:00"", ""2026-07-31T15:00"", ""2026-07-31T16:00"", ""2026-07-31T17:00"", ""2026-07-31T18:00"", ""2026-07-31T19:00"", ""2026-07-31T20:00"", ""2026-07-31T21:00"", ""2026-07-31T22:00"", ""2026-07-31T23:00""], ""pm10"": [29.6, 27.2, 25.1, 17.5, 15.8, 21.0, 28.9, 36.7, 44.9, 50.6, 57.4, 63.1, 65.7, 68.7, 66.6, 68.7, 72.6, 76.8, 99.9, 154.1, 206.3, 218.9, 209.5, 192.3, 165.3, 135.5, 105.5, 82.4, 78.7, 95.2, 111.5, 118.0, 124.3, 131.3, 141.6, 149.5, 157.4, 157.9, 135.5, 108.5, 88.2, 81.5, 105.7, 154.1, 177.0, 169.5, 144.4, 115.9, 85.2, 65.7, 54.0, 53.4, 61.0, 72.9, 89.6, 107.8, 122.5, 122.5, 114.3, 104.8, 95.7, 85.7, 73.1, 64.3, 58.9, 54.4, 52.5, 52.5, 52.6, 52.7, 53.8, 56.8, 62.4, 69.6, 79.6, 92.7, 107.6, 131.8, 157.4, 156.9, 156.5, 157.9, 161.1, 160.7, 155.5, 144.4, 118.3, 90.6, 73.8, 63.8, 61.0, 61.5, 62.9, 64.7, 65.4, 62.9, 59.6, 55.8, 54.7, 55.6, 66.4, 101.0, 135.0, 152.3, 157.4, 158.3, 158.3, 155.5, 156.9, 165.3, 166.2, 141.1, 151.3, 113.9, 95.5, 85.0, 88.7, 88.5, 80.6, 77.3], ""pm2_5"": [27.7, 26.1, 24.4, 16.6, 14.1, 15.0, 17.7, 20.3, 22.3, 23.7, 25.4, 27.3, 28.9, 31.1, 34.0, 37.1, 38.1, 38.6, 43.2, 55.6, 70.8, 79.4, 80.6, 76.1, 67.8, 57.2, 45.3, 34.9, 30.3, 31.4, 34.0, 35.3, 36.7, 38.6, 41.3, 43.9, 46.6, 48.4, 48.4, 46.2, 42.1, 39.8, 45.1, 57.2, 65.7, 65.7, 59.0, 49.7, 40.5, 32.8, 27.6, 25.7, 26.4, 28.7, 31.9, 35.3, 38.4, 39.3, 38.5, 37.1, 35.5, 34.0, 32.9, 32.4, 31.2, 30.2, 29.5, 28.8, 28.6, 28.6, 28.9, 30.0, 32.1, 34.9, 38.1, 40.5, 42.6, 46.6, 50.8, 49.9, 49.0, 48.8, 49.0, 49.0, 48.4, 47.1, 45.1, 41.8, 37.8, 34.6, 32.8, 31.9, 31.4, 31.2, 31.0, 30.5, 29.9, 29.5, 29.8, 30.7, 33.5, 37.7, 41.9, 44.7, 45.6, 45.6, 45.5, 44.8, 45.4, 48.3, 52.2, 55.3, 57.6, 52.0, 47.8, 44.7, 41.6, 37.3, 35.4, 34.8], ""carbon_monoxide"": [560.0, 482.0, 428.0, 385.0, 353.0, 331.0, 311.0, 289.0, 268.0, 246.0, 213.0, 179.0, 175.0, 234.0, 322.0, 368.0, 332.0, 253.0, 187.0, 151.0, 126.0, 110.0, 102.0, 102.0, 106.0, 116.0, 130.0, 139.0, 139.0, 135.0, 131.0, 131.0, 131.0, 132.0, 133.0, 134.0, 137.0, 144.0, 154.0, 163.0, 171.0, 178.0, 182.0, 181.0, 176.0, 171.0, 166.0, 161.0, 158.0, 158.0, 159.0, 159.0, 155.0, 150.0, 144.0, 138.0, 132.0, 128.0, 126.0, 125.0, 127.0, 134.0, 143.0, 149.0, 148.0, 144.0, 138.0, 129.0, 118.0, 111.0, 109.0, 111.0, 123.0, 157.0, 202.0, 229.0, 222.0, 198.0, 177.0, 166.0, 157.0, 152.0, 146.0, 142.0, 152.0, 194.0, 249.0, 276.0, 246.0, 187.0, 141.0, 126.0, 123.0, 123.0, 120.0, 119.0, 121.0, 130.0, 143.0, 151.0, 148.0, 140.0, 134.0, 133.0, 134.0, 136.0, 138.0, 141.0, 145.0, 153.0, 162.0, 167.0, 164.0, 158.0, 153.0, 153.0, 155.0, 157.0, 157.0, 156.0], ""nitrogen_dioxide"": [18.3, 15.0, 10.5, 6.7, 4.4, 2.9, 1.8, 1.2, 1.2, 1.2, 1.1, 1.2, 1.7, 3.4, 5.5, 6.8, 6.2, 4.8, 3.8, 3.9, 4.4, 4.9, 5.4, 5.9, 6.2, 6.1, 5.7, 5.1, 4.0, 2.6, 1.6, 1.1, 0.9, 0.9, 0.9, 1.0, 1.5, 2.7, 4.2, 5.2, 5.0, 4.3, 3.8, 4.0, 4.4, 4.9, 5.6, 6.3, 6.8, 6.9, 6.6, 6.0, 4.8, 3.2, 1.9, 1.3, 1.1, 1.0, 0.9, 1.0, 1.4, 2.4, 3.6, 4.4, 4.3, 3.7, 3.3, 3.4, 3.7, 4.0, 4.3, 4.7, 5.1, 5.7, 6.3, 6.3, 5.1, 3.3, 1.9, 1.3, 1.1, 1.0, 0.9, 1.0, 1.4, 2.5, 3.8, 4.6, 4.2, 3.1, 2.4, 2.3, 2.5, 2.7, 2.8, 3.0, 3.2, 3.5, 3.9, 3.9, 3.2, 2.1, 1.3, 0.9, 0.8, 0.8, 0.8, 0.9, 1.4, 2.6, 4.1, 5.3, 5.9, 6.1, 5.9, 5.1, 4.0, 3.2, 3.2, 3.5], ""ozone"": [38.0, 53.0, 74.0, 93.0, 109.0, 124.0, 135.0, 139.0, 139.0, 137.0, 135.0, 131.0, 125.0, 114.0, 100.0, 90.0, 88.0, 89.0, 86.0, 74.0, 58.0, 46.0, 40.0, 37.0, 36.0, 36.0, 38.0, 44.0, 57.0, 75.0, 88.0, 94.0, 96.0, 97.0, 98.0, 98.0, 97.0, 96.0, 93.0, 92.0, 93.0, 94.0, 92.0, 86.0, 77.0, 68.0, 60.0, 53.0, 48.0, 44.0, 43.0, 47.0, 61.0, 81.0, 96.0, 102.0, 104.0, 103.0, 101.0, 96.0, 91.0, 86.0, 80.0, 76.0, 75.0, 74.0, 73.0, 69.0, 64.0, 59.0, 55.0, 52.0, 50.0, 50.0, 51.0, 58.0, 75.0, 98.0, 114.0, 119.0, 118.0, 115.0, 113.0, 110.0, 105.0, 97.0, 88.0, 80.0, 76.0, 74.0, 71.0, 67.0, 62.0, 58.0, 54.0, 51.0, 50.0, 50.0, 51.0, 56.0, 69.0, 87.0, 99.0, 100.0, 95.0, 91.0, 89.0, 87.0, 85.0, 83.0, 81.0, 78.0, 71.0, 63.0, 57.0, 56.0, 56.0, 57.0, 56.0, 56.0], ""sulphur_dioxide"": [4.7, 4.8, 5.0, 5.3, 5.9, 6.7, 7.1, 6.8, 6.2, 5.6, 5.2, 4.8, 4.6, 4.6, 4.7, 4.9, 5.5, 6.2, 6.5, 5.9, 4.8, 4.0, 3.8, 4.0, 4.2, 4.5, 4.9, 5.2, 5.2, 5.0, 4.8, 4.6, 4.3, 4.1, 4.0, 4.0, 4.1, 4.5, 5.0, 5.4, 5.6, 5.8, 6.0, 6.4, 6.8, 7.3, 7.8, 8.3, 8.6, 8.8, 8.8, 8.6, 7.9, 6.9, 6.0, 5.3, 4.6, 4.1, 3.7, 3.4, 3.2, 3.2, 3.3, 3.3, 3.2, 3.1, 3.0, 2.8, 2.5, 2.4, 2.6, 3.0, 3.7, 5.1, 6.9, 8.1, 8.4, 8.2, 7.8, 7.1, 6.2, 5.5, 5.1, 4.8, 4.6, 4.5, 4.4, 4.2, 3.8, 3.4, 3.0, 2.8, 2.8, 2.7, 2.6, 2.5, 2.5, 2.8, 3.3, 3.7, 3.9, 4.0, 3.9, 3.5, 2.9, 2.5, 2.3, 2.2, 2.4, 3.0, 3.9, 4.3, 4.0, 3.3, 2.7, 2.4, 2.1, 1.9, 1.8, 1.7], ""ammonia"": [null, null, null, null, null, null, null, null, null, null, null, null, null, null, null, null, null, null, null, null, null, null, null, null, null, null, null, null, null, null, null, null, null, null, null, null, null, null, null, null, null, null, null, null, null, null, null, null, null, null, null, null, null, null, null, null, null, null, null, null, null, null, null, null, null, null, null, null, null, null, null, null, null, null, null, null, null, null, null, null, null, null, null, null, null, null, null, null, null, null, null, null, null, null, null, null, null, null, null, null, null, null, null, null, null, null, null, null, null, null, null, null, null, null, null, null, null, null, null, null], ""us_aqi"": [89, 89, 88, 88, 86, 84, 82, 81, 81, 81, 81, 82, 90, 93, 91, 86, 87, 87, 87, 87, 88, 90, 94, 98, 102, 106, 110, 112, 114, 115, 117, 119, 120, 122, 124, 125, 127, 129, 131, 132, 133, 133, 134, 134, 134, 133, 132, 130, 127, 124, 122, 120, 119, 118, 118, 118, 118, 118, 118, 118, 117, 116, 114, 113, 111, 110, 109, 108, 105, 101, 98, 95, 94, 93, 93, 94, 95, 97, 98, 99, 101, 102, 103, 104, 105, 107, 108, 109, 110, 111, 111, 112, 112, 112, 113, 113, 113, 113, 112, 111, 110, 109, 108, 107, 107, 106, 106, 106, 105, 105, 105, 106, 107, 109, 111, 113, 114, 115, 116, 116]}}}"
2026-07-27T19:57:38.806399+00:00,Khairpur Mir's,PK,27.5295,68.7592,,,,,,,,,,,,,,,,,aqicn,success,1.1001985999755561,"{""air_quality"": {""status"": ""error"", ""data"": ""Invalid key""}}"
"{'utc': '2026-05-16T17:00:00Z', 'local': '2026-05-16T22:00:00+05:00'}",Khairpur Mir's,PK,27.5295,68.7592,,,,,,,,,,,,,,,,,openaq,success,3.5624257000163198,"{""locations"": {""meta"": {""name"": ""openaq-api"", ""website"": ""/"", ""page"": 1, ""limit"": 1, ""found"": "">1""}, ""results"": [{""id"": 6135369, ""name"": ""WWF-Pakistan Sukkur Office"", ""locality"": null, ""timezone"": ""Asia/Karachi"", ""country"": {""id"": 109, ""code"": ""PK"", ""name"": ""Pakistan""}, ""owner"": {""id"": 23829, ""name"": ""Pakistan Air Quality Initiative (PAQI پاکی)""}, ""provider"": {""id"": 440, ""name"": ""Hawanama""}, ""isMobile"": false, ""isMonitor"": false, ""instruments"": [{""id"": 17, ""name"": ""AirVisual""}], ""sensors"": [{""id"": 14671544, ""name"": ""pm25 µg/m³"", ""parameter"": {""id"": 2, ""name"": ""pm25"", ""units"": ""µg/m³"", ""displayName"": ""PM2.5""}}], ""coordinates"": {""latitude"": 27.7119, ""longitude"": 68.8312}, ""licenses"": [{""id"": 41, ""name"": ""CC BY 4.0"", ""attribution"": {""name"": ""Pakistan Air Quality Initiative (PAQI پاکی)"", ""url"": null}, ""dateFrom"": ""2025-11-18"", ""dateTo"": null}], ""bounds"": [68.8312, 27.7119, 68.8312, 27.7119], ""distance"": 21425.32280604, ""datetimeFirst"": {""utc"": ""2025-11-18T15:00:00Z"", ""local"": ""2025-11-18T20:00:00+05:00""}, ""datetimeLast"": {""utc"": ""2026-05-16T17:00:00Z"", ""local"": ""2026-05-16T22:00:00+05:00""}}]}, ""latest"": {""meta"": {""name"": ""openaq-api"", ""website"": ""/"", ""page"": 1, ""limit"": 100, ""found"": 1}, ""results"": [{""datetime"": {""utc"": ""2026-05-16T17:00:00Z"", ""local"": ""2026-05-16T22:00:00+05:00""}, ""value"": 53.0, ""coordinates"": {""latitude"": 27.7119, ""longitude"": 68.8312}, ""sensorsId"": 14671544, ""locationsId"": 6135369}]}}"
2026-07-27T19:57:41.150010+00:00,Larkana,PK,27.5598,68.212,36.83,39.0,994.0,5.22,162.0,37.0,,4.0,29.16,126.98,82.88,0.0,1.18,1.9,42.52,3.16,openweather,success,2.0617467999691144,"{""weather"": {""coord"": {""lon"": 68.212, ""lat"": 27.5598}, ""weather"": [{""id"": 802, ""main"": ""Clouds"", ""description"": ""scattered clouds"", ""icon"": ""03n""}], ""base"": ""stations"", ""main"": {""temp"": 36.83, ""feels_like"": 40.47, ""temp_min"": 36.83, ""temp_max"": 36.83, ""pressure"": 994, ""humidity"": 39, ""sea_level"": 994, ""grnd_level"": 988}, ""visibility"": 10000, ""wind"": {""speed"": 5.22, ""deg"": 162, ""gust"": 8.56}, ""clouds"": {""all"": 37}, ""dt"": 1785182260, ""sys"": {""country"": ""PK"", ""sunrise"": 1785199679, ""sunset"": 1785248345}, ""timezone"": 18000, ""id"": 1172128, ""name"": ""Larkana"", ""cod"": 200}, ""air_quality"": {""coord"": {""lon"": 68.212, ""lat"": 27.5598}, ""list"": [{""main"": {""aqi"": 4}, ""components"": {""co"": 82.88, ""no"": 0, ""no2"": 1.18, ""o3"": 42.52, ""so2"": 1.9, ""pm2_5"": 29.16, ""pm10"": 126.98, ""nh3"": 3.16}, ""dt"": 1785182260}]}}"
2026-07-27T19:45,Larkana,PK,27.5598,68.212,33.3,52.0,994.8,10.3,177.0,52.0,0.0,116.0,52.2,60.3,598.0,,31.1,7.2,31.0,,openmeteo,success,2.6150194000219926,"{""weather"": {""latitude"": 27.592266, ""longitude"": 68.206276, ""generationtime_ms"": 4.662632942199707, ""utc_offset_seconds"": 0, ""timezone"": ""GMT"", ""timezone_abbreviation"": ""GMT"", ""elevation"": 51.0, ""current_units"": {""time"": ""iso8601"", ""interval"": ""seconds"", ""temperature_2m"": ""°C"", ""relative_humidity_2m"": ""%"", ""pressure_msl"": ""hPa"", ""wind_speed_10m"": ""km/h"", ""wind_direction_10m"": ""°"", ""cloud_cover"": ""%"", ""rain"": ""mm""}, ""current"": {""time"": ""2026-07-27T19:45"", ""interval"": 900, ""temperature_2m"": 33.3, ""relative_humidity_2m"": 52, ""pressure_msl"": 994.8, ""wind_speed_10m"": 10.3, ""wind_direction_10m"": 177, ""cloud_cover"": 52, ""rain"": 0.0}}, ""air_quality"": {""latitude"": 27.599998, ""longitude"": 68.2, ""generationtime_ms"": 0.8461475372314453, ""utc_offset_seconds"": 0, ""timezone"": ""GMT"", ""timezone_abbreviation"": ""GMT"", ""elevation"": 51.0, ""hourly_units"": {""time"": ""iso8601"", ""pm10"": ""μg/m³"", ""pm2_5"": ""μg/m³"", ""carbon_monoxide"": ""μg/m³"", ""nitrogen_dioxide"": ""μg/m³"", ""ozone"": ""μg/m³"", ""sulphur_dioxide"": ""μg/m³"", ""ammonia"": ""μg/m³"", ""us_aqi"": ""USAQI""}, ""hourly"": {""time"": [""2026-07-27T00:00"", ""2026-07-27T01:00"", ""2026-07-27T02:00"", ""2026-07-27T03:00"", ""2026-07-27T04:00"", ""2026-07-27T05:00"", ""2026-07-27T06:00"", ""2026-07-27T07:00"", ""2026-07-27T08:00"", ""2026-07-27T09:00"", ""2026-07-27T10:00"", ""2026-07-27T11:00"", ""2026-07-27T12:00"", ""2026-07-27T13:00"", ""2026-07-27T14:00"", ""2026-07-27T15:00"", ""2026-07-27T16:00"", ""2026-07-27T17:00"", ""2026-07-27T18:00"", ""2026-07-27T19:00"", ""2026-07-27T20:00"", ""2026-07-27T21:00"", ""2026-07-27T22:00"", ""2026-07-27T23:00"", ""2026-07-28T00:00"", ""2026-07-28T01:00"", ""2026-07-28T02:00"", ""2026-07-28T03:00"", ""2026-07-28T04:00"", ""2026-07-28T05:00"", ""2026-07-28T06:00"", ""2026-07-28T07:00"", ""2026-07-28T08:00"", ""2026-07-28T09:00"", ""2026-07-28T10:00"", ""2026-07-28T11:00"", ""2026-07-28T12:00"", ""2026-07-28T13:00"", ""2026-07-28T14:00"", ""2026-07-28T15:00"", ""2026-07-28T16:00"", ""2026-07-28T17:00"", ""2026-07-28T18:00"", ""2026-07-28T19:00"", ""2026-07-28T20:00"", ""2026-07-28T21:00"", ""2026-07-28T22:00"", ""2026-07-28T23:00"", ""2026-07-29T00:00"", ""2026-07-29T01:00"", ""2026-07-29T02:00"", ""2026-07-29T03:00"", ""2026-07-29T04:00"", ""2026-07-29T05:00"", ""2026-07-29T06:00"", ""2026-07-29T07:00"", ""2026-07-29T08:00"", ""2026-07-29T09:00"", ""2026-07-29T10:00"", ""2026-07-29T11:00"", ""2026-07-29T12:00"", ""2026-07-29T13:00"", ""2026-07-29T14:00"", ""2026-07-29T15:00"", ""2026-07-29T16:00"", ""2026-07-29T17:00"", ""2026-07-29T18:00"", ""2026-07-29T19:00"", ""2026-07-29T20:00"", ""2026-07-29T21:00"", ""2026-07-29T22:00"", ""2026-07-29T23:00"", ""2026-07-30T00:00"", ""2026-07-30T01:00"", ""2026-07-30T02:00"", ""2026-07-30T03:00"", ""2026-07-30T04:00"", ""2026-07-30T05:00"", ""2026-07-30T06:00"", ""2026-07-30T07:00"", ""2026-07-30T08:00"", ""2026-07-30T09:00"", ""2026-07-30T10:00"", ""2026-07-30T11:00"", ""2026-07-30T12:00"", ""2026-07-30T13:00"", ""2026-07-30T14:00"", ""2026-07-30T15:00"", ""2026-07-30T16:00"", ""2026-07-30T17:00"", ""2026-07-30T18:00"", ""2026-07-30T19:00"", ""2026-07-30T20:00"", ""2026-07-30T21:00"", ""2026-07-30T22:00"", ""2026-07-30T23:00"", ""2026-07-31T00:00"", ""2026-07-31T01:00"", ""2026-07-31T02:00"", ""2026-07-31T03:00"", ""2026-07-31T04:00"", ""2026-07-31T05:00"", ""2026-07-31T06:00"", ""2026-07-31T07:00"", ""2026-07-31T08:00"", ""2026-07-31T09:00"", ""2026-07-31T10:00"", ""2026-07-31T11:00"", ""2026-07-31T12:00"", ""2026-07-31T13:00"", ""2026-07-31T14:00"", ""2026-07-31T15:00"", ""2026-07-31T16:00"", ""2026-07-31T17:00"", ""2026-07-31T18:00"", ""2026-07-31T19:00"", ""2026-07-31T20:00"", ""2026-07-31T21:00"", ""2026-07-31T22:00"", ""2026-07-31T23:00""], ""pm10"": [60.3, 54.4, 47.6, 32.8, 21.2, 24.5, 32.2, 41.3, 52.0, 63.6, 71.0, 74.5, 76.6, 75.2, 80.1, 94.3, 95.0, 94.1, 122.9, 166.7, 201.2, 217.0, 223.1, 217.9, 204.4, 187.2, 175.6, 166.7, 167.6, 183.5, 191.4, 189.1, 184.4, 182.5, 185.3, 190.5, 198.4, 205.4, 176.5, 181.6, 177.0, 152.7, 168.1, 215.1, 236.1, 241.2, 226.3, 196.0, 156.9, 128.5, 111.3, 107.6, 112.5, 122.9, 131.8, 143.4, 160.7, 168.1, 159.3, 146.2, 134.6, 120.6, 92.4, 81.7, 65.9, 53.3, 49.7, 47.0, 46.2, 51.8, 60.3, 68.9, 78.2, 88.0, 102.2, 143.4, 168.1, 190.0, 207.2, 208.6, 204.9, 202.1, 199.8, 197.0, 188.6, 171.4, 129.5, 115.3, 90.1, 65.0, 55.9, 53.7, 54.7, 57.3, 58.2, 56.7, 53.9, 50.9, 50.3, 53.6, 67.8, 99.2, 122.5, 131.8, 144.4, 154.6, 163.4, 166.7, 169.0, 171.4, 149.0, 143.0, 136.9, 121.1, 102.4, 85.2, 77.3, 74.5, 69.4, 67.1], ""pm2_5"": [52.2, 48.5, 44.5, 31.1, 19.2, 18.9, 21.8, 24.6, 27.0, 29.9, 32.4, 33.6, 34.7, 36.7, 43.2, 54.4, 57.9, 51.3, 54.9, 65.0, 76.4, 85.0, 89.6, 89.9, 86.8, 81.3, 73.8, 64.0, 57.7, 56.8, 56.8, 55.9, 54.2, 53.3, 53.3, 54.6, 56.9, 59.8, 64.5, 73.6, 78.9, 73.8, 71.5, 80.3, 88.5, 91.5, 88.0, 79.6, 69.2, 58.8, 49.6, 44.0, 42.3, 42.6, 43.1, 43.7, 45.5, 47.1, 46.4, 44.5, 42.5, 40.5, 40.2, 41.6, 38.0, 33.5, 31.3, 29.5, 28.9, 30.2, 32.0, 34.2, 37.4, 41.4, 47.4, 56.1, 61.7, 65.2, 66.1, 63.8, 61.2, 59.5, 58.1, 56.9, 55.3, 52.7, 51.3, 53.4, 48.3, 38.5, 33.4, 31.1, 30.2, 29.8, 29.7, 29.5, 29.2, 29.3, 30.3, 32.4, 37.1, 42.4, 43.7, 44.4, 46.3, 47.5, 48.4, 48.5, 48.9, 49.7, 53.2, 58.8, 59.0, 55.5, 47.8, 41.3, 37.6, 34.7, 32.6, 31.8], ""carbon_monoxide"": [598.0, 608.0, 627.0, 604.0, 494.0, 342.0, 226.0, 185.0, 181.0, 178.0, 159.0, 141.0, 140.0, 171.0, 219.0, 259.0, 287.0, 306.0, 306.0, 272.0, 217.0, 177.0, 165.0, 167.0, 170.0, 171.0, 174.0, 175.0, 173.0, 168.0, 163.0, 156.0, 147.0, 141.0, 132.0, 125.0, 138.0, 197.0, 276.0, 318.0, 284.0, 213.0, 162.0, 158.0, 174.0, 189.0, 193.0, 196.0, 200.0, 210.0, 221.0, 224.0, 212.0, 193.0, 176.0, 165.0, 157.0, 151.0, 143.0, 136.0, 140.0, 166.0, 204.0, 228.0, 228.0, 216.0, 201.0, 184.0, 165.0, 152.0, 147.0, 147.0, 155.0, 175.0, 203.0, 221.0, 223.0, 216.0, 208.0, 200.0, 191.0, 183.0, 175.0, 169.0, 174.0, 202.0, 242.0, 264.0, 254.0, 226.0, 200.0, 179.0, 159.0, 146.0, 142.0, 145.0, 150.0, 159.0, 170.0, 178.0, 179.0, 176.0, 172.0, 167.0, 161.0, 155.0, 149.0, 143.0, 145.0, 162.0, 187.0, 204.0, 205.0, 199.0, 191.0, 182.0, 171.0, 165.0, 168.0, 176.0], ""nitrogen_dioxide"": [31.1, 25.5, 17.7, 11.2, 7.2, 4.4, 2.5, 1.5, 1.4, 1.5, 1.1, 0.9, 1.9, 5.6, 10.6, 13.6, 12.6, 9.7, 7.3, 6.4, 6.1, 6.1, 6.6, 7.4, 7.8, 7.4, 6.5, 5.5, 4.3, 2.9, 1.8, 1.3, 1.1, 1.1, 0.8, 0.5, 1.6, 5.3, 10.3, 13.5, 13.5, 11.8, 10.0, 8.4, 6.8, 5.9, 6.4, 7.6, 8.4, 8.4, 8.0, 7.2, 5.7, 3.8, 2.3, 1.6, 1.2, 1.1, 0.9, 0.9, 1.5, 3.5, 6.2, 7.8, 7.1, 5.4, 4.1, 3.9, 4.2, 4.7, 5.3, 6.1, 6.7, 7.1, 7.3, 6.9, 5.6, 3.7, 2.2, 1.5, 1.2, 1.1, 0.9, 0.8, 1.5, 3.9, 7.1, 8.8, 7.6, 4.9, 2.9, 2.5, 2.8, 3.2, 3.7, 4.3, 4.7, 5.0, 5.1, 4.9, 4.0, 2.6, 1.6, 1.2, 1.0, 1.0, 0.8, 0.8, 1.5, 3.9, 7.1, 8.9, 8.2, 6.1, 4.5, 4.0, 4.0, 4.0, 4.0, 4.0], ""ozone"": [31.0, 45.0, 64.0, 83.0, 102.0, 120.0, 133.0, 138.0, 138.0, 137.0, 136.0, 133.0, 127.0, 114.0, 98.0, 84.0, 77.0, 73.0, 68.0, 59.0, 49.0, 41.0, 36.0, 33.0, 32.0, 33.0, 36.0, 43.0, 58.0, 77.0, 92.0, 100.0, 103.0, 105.0, 105.0, 103.0, 99.0, 90.0, 79.0, 71.0, 68.0, 68.0, 67.0, 64.0, 60.0, 56.0, 52.0, 47.0, 44.0, 42.0, 41.0, 46.0, 63.0, 85.0, 103.0, 111.0, 115.0, 115.0, 113.0, 109.0, 102.0, 91.0, 78.0, 69.0, 69.0, 73.0, 76.0, 74.0, 71.0, 67.0, 61.0, 55.0, 51.0, 50.0, 51.0, 58.0, 76.0, 100.0, 118.0, 125.0, 127.0, 126.0, 125.0, 123.0, 117.0, 104.0, 87.0, 75.0, 72.0, 74.0, 75.0, 72.0, 68.0, 63.0, 57.0, 51.0, 48.0, 48.0, 52.0, 60.0, 77.0, 99.0, 114.0, 116.0, 110.0, 105.0, 104.0, 102.0, 99.0, 91.0, 80.0, 72.0, 68.0, 66.0, 63.0, 59.0, 54.0, 51.0, 50.0, 50.0], ""sulphur_dioxide"": [7.2, 7.0, 6.7, 6.6, 6.9, 7.4, 7.7, 7.5, 7.0, 6.5, 6.0, 5.6, 5.4, 5.8, 6.6, 7.1, 7.1, 6.8, 6.4, 5.8, 5.0, 4.4, 4.1, 4.0, 4.0, 4.1, 4.3, 4.6, 5.1, 5.7, 6.1, 6.0, 5.7, 5.4, 5.0, 4.6, 4.5, 5.2, 6.2, 6.9, 7.1, 7.0, 6.7, 6.1, 5.3, 5.0, 5.4, 6.3, 7.1, 7.8, 8.5, 8.8, 8.6, 7.9, 7.3, 6.7, 6.0, 5.4, 4.8, 4.3, 4.0, 4.0, 4.3, 4.4, 4.3, 4.1, 3.9, 3.7, 3.5, 3.4, 3.5, 3.7, 4.2, 5.2, 6.6, 7.5, 7.8, 7.7, 7.5, 7.1, 6.6, 6.1, 5.7, 5.3, 5.1, 5.2, 5.5, 5.5, 5.0, 4.2, 3.5, 3.2, 3.0, 2.9, 2.8, 2.8, 3.0, 3.6, 4.4, 5.1, 5.6, 5.9, 5.9, 5.3, 4.3, 3.5, 3.1, 2.9, 2.9, 3.4, 4.3, 4.7, 4.4, 3.7, 3.1, 2.7, 2.3, 2.0, 1.9, 1.9], ""ammonia"": [null, null, null, null, null, null, null, null, null, null, null, null, null, null, null, null, null, null, null, null, null, null, null, null, null, null, null, null, null, null, null, null, null, null, null, null, null, null, null, null, null, null, null, null, null, null, null, null, null, null, null, null, null, null, null, null, null, null, null, null, null, null, null, null, null, null, null, null, null, null, null, null, null, null, null, null, null, null, null, null, null, null, null, null, null, null, null, null, null, null, null, null, null, null, null, null, null, null, null, null, null, null, null, null, null, null, null, null, null, null, null, null, null, null, null, null, null, null, null, null], ""us_aqi"": [116, 118, 119, 120, 120, 118, 116, 115, 115, 114, 115, 115, 116, 117, 119, 120, 121, 121, 119, 117, 117, 118, 121, 124, 128, 132, 135, 138, 142, 146, 150, 151, 152, 153, 153, 154, 155, 155, 156, 157, 157, 158, 158, 159, 159, 160, 160, 160, 160, 159, 158, 158, 157, 157, 156, 156, 155, 155, 155, 155, 155, 154, 154, 153, 152, 151, 148, 144, 138, 132, 126, 120, 115, 112, 110, 110, 111, 113, 116, 118, 120, 122, 123, 124, 126, 127, 128, 129, 131, 132, 132, 132, 133, 133, 133, 132, 132, 131, 130, 128, 126, 123, 121, 118, 116, 115, 113, 112, 112, 111, 111, 111, 111, 112, 114, 116, 117, 118, 118, 118]}}}"
2026-07-27T19:57:40.049451+00:00,Larkana,PK,27.5598,68.212,,,,,,,,,,,,,,,,,aqicn,success,1.3070421000011265,"{""air_quality"": {""status"": ""error"", ""data"": ""Invalid key""}}"
2026-07-27T19:57:41.803421+00:00,Gambat,PK,27.3517,68.5247,34.31,50.0,995.0,6.68,174.0,21.0,,4.0,27.98,121.88,91.12,0.0,1.24,1.46,43.16,2.86,openweather,success,1.5963942999951541,"{""weather"": {""coord"": {""lon"": 68.5247, ""lat"": 27.3517}, ""weather"": [{""id"": 801, ""main"": ""Clouds"", ""description"": ""few clouds"", ""icon"": ""02n""}], ""base"": ""stations"", ""main"": {""temp"": 34.31, ""feels_like"": 39.08, ""temp_min"": 34.31, ""temp_max"": 34.31, ""pressure"": 995, ""humidity"": 50, ""sea_level"": 995, ""grnd_level"": 989}, ""visibility"": 10000, ""wind"": {""speed"": 6.68, ""deg"": 174, ""gust"": 10.17}, ""clouds"": {""all"": 21}, ""dt"": 1785182260, ""sys"": {""country"": ""PK"", ""sunrise"": 1785199627, ""sunset"": 1785248247}, ""timezone"": 18000, ""id"": 1179061, ""name"": ""Gambat"", ""cod"": 200}, ""air_quality"": {""coord"": {""lon"": 68.5247, ""lat"": 27.3517}, ""list"": [{""main"": {""aqi"": 4}, ""components"": {""co"": 91.12, ""no"": 0, ""no2"": 1.24, ""o3"": 43.16, ""so2"": 1.46, ""pm2_5"": 27.98, ""pm10"": 121.88, ""nh3"": 2.86}, ""dt"": 1785182261}]}}"
2026-07-27T19:45,Gambat,PK,27.3517,68.5247,32.7,58.0,995.3,14.8,179.0,10.0,0.0,122.0,35.4,37.5,879.0,,16.6,4.9,36.0,,openmeteo,success,2.3379854999948293,"{""weather"": {""latitude"": 27.311071, ""longitude"": 68.50446, ""generationtime_ms"": 1.8600225448608398, ""utc_offset_seconds"": 0, ""timezone"": ""GMT"", ""timezone_abbreviation"": ""GMT"", ""elevation"": 52.0, ""current_units"": {""time"": ""iso8601"", ""interval"": ""seconds"", ""temperature_2m"": ""°C"", ""relative_humidity_2m"": ""%"", ""pressure_msl"": ""hPa"", ""wind_speed_10m"": ""km/h"", ""wind_direction_10m"": ""°"", ""cloud_cover"": ""%"", ""rain"": ""mm""}, ""current"": {""time"": ""2026-07-27T19:45"", ""interval"": 900, ""temperature_2m"": 32.7, ""relative_humidity_2m"": 58, ""pressure_msl"": 995.3, ""wind_speed_10m"": 14.8, ""wind_direction_10m"": 179, ""cloud_cover"": 10, ""rain"": 0.0}}, ""air_quality"": {""latitude"": 27.400002, ""longitude"": 68.5, ""generationtime_ms"": 0.423431396484375, ""utc_offset_seconds"": 0, ""timezone"": ""GMT"", ""timezone_abbreviation"": ""GMT"", ""elevation"": 52.0, ""hourly_units"": {""time"": ""iso8601"", ""pm10"": ""μg/m³"", ""pm2_5"": ""μg/m³"", ""carbon_monoxide"": ""μg/m³"", ""nitrogen_dioxide"": ""μg/m³"", ""ozone"": ""μg/m³"", ""sulphur_dioxide"": ""μg/m³"", ""ammonia"": ""μg/m³"", ""us_aqi"": ""USAQI""}, ""hourly"": {""time"": [""2026-07-27T00:00"", ""2026-07-27T01:00"", ""2026-07-27T02:00"", ""2026-07-27T03:00"", ""2026-07-27T04:00"", ""2026-07-27T05:00"", ""2026-07-27T06:00"", ""2026-07-27T07:00"", ""2026-07-27T08:00"", ""2026-07-27T09:00"", ""2026-07-27T10:00"", ""2026-07-27T11:00"", ""2026-07-27T12:00"", ""2026-07-27T13:00"", ""2026-07-27T14:00"", ""2026-07-27T15:00"", ""2026-07-27T16:00"", ""2026-07-27T17:00"", ""2026-07-27T18:00"", ""2026-07-27T19:00"", ""2026-07-27T20:00"", ""2026-07-27T21:00"", ""2026-07-27T22:00"", ""2026-07-27T23:00"", ""2026-07-28T00:00"", ""2026-07-28T01:00"", ""2026-07-28T02:00"", ""2026-07-28T03:00"", ""2026-07-28T04:00"", ""2026-07-28T05:00"", ""2026-07-28T06:00"", ""2026-07-28T07:00"", ""2026-07-28T08:00"", ""2026-07-28T09:00"", ""2026-07-28T10:00"", ""2026-07-28T11:00"", ""2026-07-28T12:00"", ""2026-07-28T13:00"", ""2026-07-28T14:00"", ""2026-07-28T15:00"", ""2026-07-28T16:00"", ""2026-07-28T17:00"", ""2026-07-28T18:00"", ""2026-07-28T19:00"", ""2026-07-28T20:00"", ""2026-07-28T21:00"", ""2026-07-28T22:00"", ""2026-07-28T23:00"", ""2026-07-29T00:00"", ""2026-07-29T01:00"", ""2026-07-29T02:00"", ""2026-07-29T03:00"", ""2026-07-29T04:00"", ""2026-07-29T05:00"", ""2026-07-29T06:00"", ""2026-07-29T07:00"", ""2026-07-29T08:00"", ""2026-07-29T09:00"", ""2026-07-29T10:00"", ""2026-07-29T11:00"", ""2026-07-29T12:00"", ""2026-07-29T13:00"", ""2026-07-29T14:00"", ""2026-07-29T15:00"", ""2026-07-29T16:00"", ""2026-07-29T17:00"", ""2026-07-29T18:00"", ""2026-07-29T19:00"", ""2026-07-29T20:00"", ""2026-07-29T21:00"", ""2026-07-29T22:00"", ""2026-07-29T23:00"", ""2026-07-30T00:00"", ""2026-07-30T01:00"", ""2026-07-30T02:00"", ""2026-07-30T03:00"", ""2026-07-30T04:00"", ""2026-07-30T05:00"", ""2026-07-30T06:00"", ""2026-07-30T07:00"", ""2026-07-30T08:00"", ""2026-07-30T09:00"", ""2026-07-30T10:00"", ""2026-07-30T11:00"", ""2026-07-30T12:00"", ""2026-07-30T13:00"", ""2026-07-30T14:00"", ""2026-07-30T15:00"", ""2026-07-30T16:00"", ""2026-07-30T17:00"", ""2026-07-30T18:00"", ""2026-07-30T19:00"", ""2026-07-30T20:00"", ""2026-07-30T21:00"", ""2026-07-30T22:00"", ""2026-07-30T23:00"", ""2026-07-31T00:00"", ""2026-07-31T01:00"", ""2026-07-31T02:00"", ""2026-07-31T03:00"", ""2026-07-31T04:00"", ""2026-07-31T05:00"", ""2026-07-31T06:00"", ""2026-07-31T07:00"", ""2026-07-31T08:00"", ""2026-07-31T09:00"", ""2026-07-31T10:00"", ""2026-07-31T11:00"", ""2026-07-31T12:00"", ""2026-07-31T13:00"", ""2026-07-31T14:00"", ""2026-07-31T15:00"", ""2026-07-31T16:00"", ""2026-07-31T17:00"", ""2026-07-31T18:00"", ""2026-07-31T19:00"", ""2026-07-31T20:00"", ""2026-07-31T21:00"", ""2026-07-31T22:00"", ""2026-07-31T23:00""], ""pm10"": [37.5, 34.2, 31.5, 28.0, 22.1, 25.8, 36.4, 48.9, 62.9, 73.6, 82.9, 93.6, 106.9, 127.1, 123.9, 126.2, 127.6, 170.9, 235.6, 276.6, 293.4, 287.8, 272.9, 244.0, 214.2, 190.0, 172.8, 178.8, 198.8, 219.8, 233.8, 237.0, 244.0, 255.2, 270.1, 282.2, 294.3, 303.6, 261.7, 251.5, 231.9, 265.4, 349.2, 348.3, 311.1, 288.7, 245.9, 198.4, 159.3, 129.9, 117.8, 122.5, 124.8, 127.6, 127.6, 131.8, 140.2, 138.3, 129.0, 119.7, 115.0, 111.1, 102.2, 81.3, 68.2, 58.1, 57.0, 68.9, 92.9, 120.6, 143.0, 158.3, 165.8, 175.6, 176.0, 174.6, 176.0, 181.1, 196.5, 210.0, 204.4, 196.5, 188.1, 178.8, 167.2, 149.9, 126.7, 96.6, 79.2, 67.5, 60.1, 57.2, 56.9, 56.8, 54.4, 50.4, 47.0, 47.4, 54.9, 67.8, 85.0, 112.7, 137.8, 141.1, 143.9, 144.8, 143.4, 141.6, 142.0, 140.2, 133.2, 109.4, 87.5, 62.9, 50.4, 46.0, 47.4, 52.2, 53.7, 53.3], ""pm2_5"": [35.4, 32.9, 31.1, 26.5, 19.6, 20.0, 23.1, 26.2, 29.7, 32.5, 34.9, 37.6, 40.4, 44.7, 48.7, 54.2, 55.1, 62.2, 77.8, 90.3, 98.3, 101.5, 99.0, 91.5, 82.2, 73.1, 64.7, 58.6, 58.1, 60.5, 62.9, 63.6, 64.5, 66.6, 69.6, 71.9, 74.0, 75.9, 75.0, 77.1, 76.4, 81.7, 96.4, 102.2, 101.5, 97.3, 87.5, 75.0, 63.1, 53.2, 47.4, 44.7, 43.3, 42.6, 41.4, 40.6, 41.2, 41.2, 40.0, 38.6, 38.1, 38.0, 38.0, 37.8, 35.7, 33.3, 32.6, 34.7, 40.0, 46.8, 53.3, 58.7, 62.6, 66.1, 67.1, 64.7, 61.7, 60.1, 59.5, 59.6, 57.4, 55.3, 53.4, 51.8, 49.9, 47.6, 45.2, 42.6, 38.6, 35.0, 32.5, 30.7, 29.9, 29.6, 29.1, 28.6, 28.5, 29.5, 32.5, 36.9, 42.4, 46.9, 47.5, 46.1, 45.5, 44.7, 43.5, 42.6, 42.6, 42.4, 42.0, 44.5, 39.2, 30.9, 26.3, 24.7, 24.5, 25.8, 26.8, 27.3], ""carbon_monoxide"": [879.0, 746.0, 558.0, 408.0, 335.0, 300.0, 271.0, 240.0, 215.0, 194.0, 169.0, 148.0, 148.0, 189.0, 252.0, 295.0, 303.0, 293.0, 270.0, 229.0, 176.0, 137.0, 125.0, 127.0, 131.0, 134.0, 140.0, 144.0, 146.0, 146.0, 144.0, 137.0, 128.0, 121.0, 117.0, 115.0, 122.0, 145.0, 175.0, 197.0, 201.0, 195.0, 190.0, 188.0, 187.0, 187.0, 188.0, 189.0, 190.0, 191.0, 192.0, 190.0, 182.0, 171.0, 161.0, 152.0, 144.0, 137.0, 130.0, 125.0, 127.0, 145.0, 171.0, 188.0, 186.0, 175.0, 163.0, 151.0, 138.0, 131.0, 129.0, 133.0, 149.0, 191.0, 246.0, 278.0, 267.0, 233.0, 203.0, 184.0, 167.0, 156.0, 147.0, 143.0, 153.0, 196.0, 253.0, 281.0, 252.0, 194.0, 149.0, 133.0, 131.0, 130.0, 128.0, 128.0, 133.0, 147.0, 166.0, 177.0, 174.0, 164.0, 155.0, 150.0, 145.0, 143.0, 142.0, 143.0, 147.0, 158.0, 173.0, 180.0, 173.0, 159.0, 149.0, 149.0, 152.0, 155.0, 155.0, 154.0], ""nitrogen_dioxide"": [16.6, 14.0, 10.2, 7.0, 4.7, 2.9, 1.6, 1.0, 1.0, 1.0, 0.8, 0.7, 1.2, 2.8, 5.0, 6.4, 6.2, 5.1, 4.3, 4.2, 4.3, 4.6, 5.1, 5.8, 6.1, 5.8, 5.1, 4.3, 3.3, 2.1, 1.2, 0.8, 0.8, 0.8, 0.7, 0.6, 1.0, 2.5, 4.5, 5.7, 5.3, 4.2, 3.6, 4.1, 5.1, 6.1, 7.2, 8.3, 8.9, 8.5, 7.6, 6.4, 4.9, 3.1, 1.7, 1.1, 0.9, 0.8, 0.7, 0.7, 0.9, 1.6, 2.6, 3.2, 3.1, 2.7, 2.6, 3.0, 3.8, 4.6, 5.6, 6.6, 7.4, 7.9, 8.2, 7.8, 6.2, 3.8, 2.0, 1.2, 0.9, 0.7, 0.6, 0.7, 0.9, 1.4, 2.0, 2.4, 2.4, 2.1, 2.0, 2.2, 2.5, 2.9, 3.4, 3.9, 4.4, 5.1, 5.7, 5.7, 4.6, 2.8, 1.4, 0.8, 0.7, 0.6, 0.5, 0.5, 0.9, 2.2, 3.8, 4.7, 4.1, 2.8, 1.7, 1.4, 1.3, 1.4, 1.6, 1.8], ""ozone"": [36.0, 46.0, 59.0, 75.0, 94.0, 115.0, 130.0, 134.0, 132.0, 129.0, 127.0, 125.0, 119.0, 108.0, 94.0, 81.0, 71.0, 62.0, 55.0, 49.0, 44.0, 41.0, 38.0, 37.0, 37.0, 38.0, 40.0, 45.0, 57.0, 73.0, 85.0, 91.0, 95.0, 97.0, 99.0, 100.0, 99.0, 95.0, 88.0, 82.0, 77.0, 73.0, 69.0, 64.0, 58.0, 53.0, 47.0, 42.0, 39.0, 38.0, 39.0, 45.0, 61.0, 81.0, 97.0, 104.0, 105.0, 105.0, 104.0, 100.0, 97.0, 94.0, 91.0, 88.0, 87.0, 88.0, 86.0, 81.0, 74.0, 67.0, 60.0, 54.0, 49.0, 46.0, 45.0, 50.0, 68.0, 92.0, 110.0, 117.0, 118.0, 117.0, 116.0, 113.0, 109.0, 104.0, 97.0, 91.0, 87.0, 83.0, 78.0, 72.0, 64.0, 58.0, 53.0, 48.0, 47.0, 49.0, 54.0, 63.0, 82.0, 106.0, 121.0, 120.0, 111.0, 103.0, 100.0, 97.0, 93.0, 85.0, 75.0, 68.0, 65.0, 63.0, 63.0, 64.0, 66.0, 67.0, 66.0, 65.0], ""sulphur_dioxide"": [4.9, 4.7, 4.4, 4.3, 4.6, 5.2, 5.5, 5.4, 5.1, 4.8, 4.6, 4.5, 4.5, 4.9, 5.5, 5.9, 5.8, 5.4, 4.9, 4.4, 3.7, 3.3, 3.2, 3.2, 3.3, 3.4, 3.6, 3.9, 4.4, 5.0, 5.3, 5.2, 4.9, 4.6, 4.5, 4.4, 4.4, 4.7, 5.2, 5.4, 5.1, 4.7, 4.4, 4.6, 5.0, 5.5, 6.3, 7.3, 8.0, 8.2, 8.2, 7.9, 7.4, 6.6, 5.9, 5.3, 4.7, 4.2, 3.8, 3.6, 3.5, 3.7, 4.0, 4.2, 4.2, 4.0, 4.0, 4.2, 4.4, 4.8, 5.3, 5.8, 6.4, 7.2, 8.0, 8.4, 8.0, 7.1, 6.3, 5.9, 5.7, 5.4, 5.1, 4.8, 4.5, 4.3, 4.2, 4.0, 3.6, 3.2, 2.9, 2.8, 2.8, 2.9, 2.9, 3.0, 3.5, 4.7, 6.2, 7.4, 7.9, 8.0, 7.7, 6.7, 5.3, 4.2, 3.6, 3.4, 3.2, 3.2, 3.3, 3.2, 2.8, 2.4, 2.0, 1.9, 1.9, 2.0, 2.1, 2.2], ""ammonia"": [null, null, null, null, null, null, null, null, null, null, null, null, null, null, null, null, null, null, null, null, null, null, null, null, null, null, null, null, null, null, null, null, null, null, null, null, null, null, null, null, null, null, null, null, null, null, null, null, null, null, null, null, null, null, null, null, null, null, null, null, null, null, null, null, null, null, null, null, null, null, null, null, null, null, null, null, null, null, null, null, null, null, null, null, null, null, null, null, null, null, null, null, null, null, null, null, null, null, null, null, null, null, null, null, null, null, null, null, null, null, null, null, null, null, null, null, null, null, null, null], ""us_aqi"": [122, 118, 116, 113, 112, 110, 108, 106, 106, 106, 106, 107, 108, 110, 112, 114, 116, 117, 117, 118, 120, 124, 128, 133, 138, 143, 147, 150, 151, 152, 153, 155, 156, 157, 158, 159, 160, 161, 162, 162, 163, 164, 164, 165, 165, 165, 165, 165, 164, 164, 163, 163, 162, 162, 161, 161, 160, 159, 159, 158, 157, 156, 155, 153, 152, 151, 149, 142, 135, 128, 123, 120, 118, 118, 119, 121, 123, 125, 127, 129, 131, 133, 134, 136, 137, 138, 139, 140, 140, 141, 141, 141, 140, 139, 138, 135, 132, 128, 125, 121, 118, 116, 115, 113, 112, 111, 110, 109, 108, 107, 106, 106, 106, 106, 106, 105, 105, 104, 104, 103]}}}"
2026-07-27T19:57:39.817947+00:00,Gambat,PK,27.3517,68.5247,,,,,,,,,,,,,,,,,aqicn,success,1.0106844000983983,"{""air_quality"": {""status"": ""error"", ""data"": ""Invalid key""}}"
2026-07-27T19:57:43.220868+00:00,Lahore,PK,31.5204,74.3587,33.8,48.0,996.0,2.27,181.0,80.0,,3.0,45.94,55.79,756.67,0.03,19.19,1.37,19.81,20.21,openweather,success,3.00063120003324,"{""weather"": {""coord"": {""lon"": 74.3587, ""lat"": 31.5204}, ""weather"": [{""id"": 803, ""main"": ""Clouds"", ""description"": ""broken clouds"", ""icon"": ""04n""}], ""base"": ""stations"", ""main"": {""temp"": 33.8, ""feels_like"": 37.32, ""temp_min"": 33.8, ""temp_max"": 33.8, ""pressure"": 996, ""humidity"": 48, ""sea_level"": 996, ""grnd_level"": 972}, ""visibility"": 10000, ""wind"": {""speed"": 2.27, ""deg"": 181, ""gust"": 3.78}, ""clouds"": {""all"": 80}, ""dt"": 1785181986, ""sys"": {""country"": ""PK"", ""sunrise"": 1785197749, ""sunset"": 1785247324}, ""timezone"": 18000, ""id"": 1347925, ""name"": ""Lahore Cantonment"", ""cod"": 200}, ""air_quality"": {""coord"": {""lon"": 74.3587, ""lat"": 31.5204}, ""list"": [{""main"": {""aqi"": 3}, ""components"": {""co"": 756.67, ""no"": 0.03, ""no2"": 19.19, ""o3"": 19.81, ""so2"": 1.37, ""pm2_5"": 45.94, ""pm10"": 55.79, ""nh3"": 20.21}, ""dt"": 1785182262}]}}"
2026-07-27T19:45,Lahore,PK,31.5204,74.3587,30.6,86.0,996.6,1.6,117.0,82.0,0.0,157.0,90.1,91.3,2230.0,,40.7,21.9,60.0,,openmeteo,success,2.956839199992828,"{""weather"": {""latitude"": 31.528997, ""longitude"": 74.38995, ""generationtime_ms"": 0.09846687316894531, ""utc_offset_seconds"": 0, ""timezone"": ""GMT"", ""timezone_abbreviation"": ""GMT"", ""elevation"": 220.0, ""current_units"": {""time"": ""iso8601"", ""interval"": ""seconds"", ""temperature_2m"": ""°C"", ""relative_humidity_2m"": ""%"", ""pressure_msl"": ""hPa"", ""wind_speed_10m"": ""km/h"", ""wind_direction_10m"": ""°"", ""cloud_cover"": ""%"", ""rain"": ""mm""}, ""current"": {""time"": ""2026-07-27T19:45"", ""interval"": 900, ""temperature_2m"": 30.6, ""relative_humidity_2m"": 86, ""pressure_msl"": 996.6, ""wind_speed_10m"": 1.6, ""wind_direction_10m"": 117, ""cloud_cover"": 82, ""rain"": 0.0}}, ""air_quality"": {""latitude"": 31.5, ""longitude"": 74.40001, ""generationtime_ms"": 0.5654096603393555, ""utc_offset_seconds"": 0, ""timezone"": ""GMT"", ""timezone_abbreviation"": ""GMT"", ""elevation"": 220.0, ""hourly_units"": {""time"": ""iso8601"", ""pm10"": ""μg/m³"", ""pm2_5"": ""μg/m³"", ""carbon_monoxide"": ""μg/m³"", ""nitrogen_dioxide"": ""μg/m³"", ""ozone"": ""μg/m³"", ""sulphur_dioxide"": ""μg/m³"", ""ammonia"": ""μg/m³"", ""us_aqi"": ""USAQI""}, ""hourly"": {""time"": [""2026-07-27T00:00"", ""2026-07-27T01:00"", ""2026-07-27T02:00"", ""2026-07-27T03:00"", ""2026-07-27T04:00"", ""2026-07-27T05:00"", ""2026-07-27T06:00"", ""2026-07-27T07:00"", ""2026-07-27T08:00"", ""2026-07-27T09:00"", ""2026-07-27T10:00"", ""2026-07-27T11:00"", ""2026-07-27T12:00"", ""2026-07-27T13:00"", ""2026-07-27T14:00"", ""2026-07-27T15:00"", ""2026-07-27T16:00"", ""2026-07-27T17:00"", ""2026-07-27T18:00"", ""2026-07-27T19:00"", ""2026-07-27T20:00"", ""2026-07-27T21:00"", ""2026-07-27T22:00"", ""2026-07-27T23:00"", ""2026-07-28T00:00"", ""2026-07-28T01:00"", ""2026-07-28T02:00"", ""2026-07-28T03:00"", ""2026-07-28T04:00"", ""2026-07-28T05:00"", ""2026-07-28T06:00"", ""2026-07-28T07:00"", ""2026-07-28T08:00"", ""2026-07-28T09:00"", ""2026-07-28T10:00"", ""2026-07-28T11:00"", ""2026-07-28T12:00"", ""2026-07-28T13:00"", ""2026-07-28T14:00"", ""2026-07-28T15:00"", ""2026-07-28T16:00"", ""2026-07-28T17:00"", ""2026-07-28T18:00"", ""2026-07-28T19:00"", ""2026-07-28T20:00"", ""2026-07-28T21:00"", ""2026-07-28T22:00"", ""2026-07-28T23:00"", ""2026-07-29T00:00"", ""2026-07-29T01:00"", ""2026-07-29T02:00"", ""2026-07-29T03:00"", ""2026-07-29T04:00"", ""2026-07-29T05:00"", ""2026-07-29T06:00"", ""2026-07-29T07:00"", ""2026-07-29T08:00"", ""2026-07-29T09:00"", ""2026-07-29T10:00"", ""2026-07-29T11:00"", ""2026-07-29T12:00"", ""2026-07-29T13:00"", ""2026-07-29T14:00"", ""2026-07-29T15:00"", ""2026-07-29T16:00"", ""2026-07-29T17:00"", ""2026-07-29T18:00"", ""2026-07-29T19:00"", ""2026-07-29T20:00"", ""2026-07-29T21:00"", ""2026-07-29T22:00"", ""2026-07-29T23:00"", ""2026-07-30T00:00"", ""2026-07-30T01:00"", ""2026-07-30T02:00"", ""2026-07-30T03:00"", ""2026-07-30T04:00"", ""2026-07-30T05:00"", ""2026-07-30T06:00"", ""2026-07-30T07:00"", ""2026-07-30T08:00"", ""2026-07-30T09:00"", ""2026-07-30T10:00"", ""2026-07-30T11:00"", ""2026-07-30T12:00"", ""2026-07-30T13:00"", ""2026-07-30T14:00"", ""2026-07-30T15:00"", ""2026-07-30T16:00"", ""2026-07-30T17:00"", ""2026-07-30T18:00"", ""2026-07-30T19:00"", ""2026-07-30T20:00"", ""2026-07-30T21:00"", ""2026-07-30T22:00"", ""2026-07-30T23:00"", ""2026-07-31T00:00"", ""2026-07-31T01:00"", ""2026-07-31T02:00"", ""2026-07-31T03:00"", ""2026-07-31T04:00"", ""2026-07-31T05:00"", ""2026-07-31T06:00"", ""2026-07-31T07:00"", ""2026-07-31T08:00"", ""2026-07-31T09:00"", ""2026-07-31T10:00"", ""2026-07-31T11:00"", ""2026-07-31T12:00"", ""2026-07-31T13:00"", ""2026-07-31T14:00"", ""2026-07-31T15:00"", ""2026-07-31T16:00"", ""2026-07-31T17:00"", ""2026-07-31T18:00"", ""2026-07-31T19:00"", ""2026-07-31T20:00"", ""2026-07-31T21:00"", ""2026-07-31T22:00"", ""2026-07-31T23:00""], ""pm10"": [91.3, 91.3, 79.9, 61.0, 53.1, 51.5, 55.6, 59.1, 58.3, 57.5, 57.4, 56.8, 59.5, 65.9, 78.5, 99.9, 112.0, 89.2, 80.1, 75.9, 69.6, 59.8, 51.1, 47.8, 42.6, 34.8, 30.2, 28.6, 30.4, 32.5, 33.5, 37.0, 40.0, 40.4, 40.4, 41.0, 40.4, 40.5, 44.0, 44.7, 49.6, 57.2, 57.7, 57.5, 58.7, 58.7, 53.0, 47.1, 40.3, 30.7, 26.9, 22.0, 22.7, 23.9, 24.8, 27.0, 30.2, 33.4, 37.8, 38.9, 39.8, 41.3, 59.1, 76.6, 80.3, 67.1, 58.4, 52.4, 48.9, 47.1, 42.7, 40.5, 36.2, 31.8, 25.4, 20.7, 18.5, 16.8, 18.6, 15.4, 16.6, 19.0, 21.7, 23.3, 25.6, 29.2, 32.4, 40.7, 47.1, 52.6, 56.0, 50.4, 48.8, 49.4, 46.0, 39.7, 35.5, 29.3, 26.2, 25.8, 28.3, 25.3, 27.0, 25.2, 23.7, 25.3, 25.9, 26.1, 26.4, 28.9, 36.8, 44.8, 51.5, 51.1, 53.2, 53.8, 52.9, 52.7, 51.0, 48.7], ""pm2_5"": [90.1, 90.1, 78.7, 59.6, 51.7, 50.2, 54.1, 57.4, 56.0, 54.5, 53.4, 52.0, 53.8, 61.0, 74.5, 95.2, 107.8, 85.9, 77.5, 74.0, 67.8, 57.5, 49.7, 46.8, 41.3, 33.9, 29.1, 27.1, 27.9, 28.9, 29.2, 31.8, 33.9, 34.2, 34.2, 34.6, 34.5, 35.5, 40.9, 42.4, 47.6, 55.2, 55.5, 55.1, 56.1, 55.6, 49.1, 43.8, 36.8, 27.9, 24.6, 19.4, 18.3, 19.0, 19.2, 21.8, 23.1, 25.5, 29.4, 30.5, 31.7, 33.9, 53.7, 71.5, 76.1, 63.6, 55.3, 49.9, 47.0, 45.6, 40.7, 38.0, 34.2, 30.6, 24.6, 20.1, 18.1, 16.5, 18.3, 15.2, 16.2, 18.5, 21.0, 22.7, 24.9, 28.6, 32.0, 40.4, 46.9, 52.4, 55.8, 50.3, 48.5, 49.2, 45.8, 39.3, 35.3, 28.9, 25.8, 25.4, 27.8, 24.0, 25.7, 24.6, 23.4, 25.1, 25.8, 26.0, 26.3, 28.8, 36.8, 44.7, 51.3, 51.0, 53.1, 53.7, 52.7, 52.6, 50.9, 48.5], ""carbon_monoxide"": [2230.0, 2063.0, 1820.0, 1572.0, 1325.0, 1073.0, 869.0, 733.0, 646.0, 598.0, 504.0, 451.0, 688.0, 1559.0, 2721.0, 3395.0, 3126.0, 2369.0, 1712.0, 1374.0, 1136.0, 928.0, 709.0, 519.0, 409.0, 436.0, 544.0, 609.0, 569.0, 487.0, 432.0, 426.0, 448.0, 500.0, 603.0, 736.0, 845.0, 915.0, 960.0, 964.0, 906.0, 807.0, 712.0, 630.0, 551.0, 493.0, 460.0, 449.0, 463.0, 526.0, 614.0, 666.0, 640.0, 577.0, 537.0, 536.0, 557.0, 615.0, 663.0, 747.0, 1015.0, 1733.0, 2634.0, 3074.0, 2619.0, 1702.0, 972.0, 695.0, 606.0, 558.0, 509.0, 501.0, 513.0, 553.0, 613.0, 645.0, 621.0, 570.0, 529.0, 509.0, 500.0, 508.0, 544.0, 598.0, 645.0, 678.0, 703.0, 720.0, 729.0, 730.0, 715.0, 674.0, 618.0, 569.0, 526.0, 490.0, 494.0, 581.0, 708.0, 775.0, 705.0, 574.0, 515.0, 614.0, 784.0, 897.0, 872.0, 790.0, 760.0, 859.0, 1009.0, 1090.0, 1036.0, 913.0, 796.0, 703.0, 615.0, 551.0, 525.0, 522.0], ""nitrogen_dioxide"": [40.7, 36.8, 31.1, 25.1, 18.5, 11.5, 6.6, 4.9, 5.2, 6.3, 4.4, 3.2, 13.4, 48.1, 94.1, 122.2, 116.2, 92.4, 69.6, 53.6, 38.8, 27.2, 20.1, 16.3, 14.5, 15.3, 18.0, 19.2, 16.8, 12.8, 9.6, 7.9, 7.0, 6.9, 6.9, 7.7, 11.9, 22.4, 36.2, 47.4, 54.3, 58.6, 58.8, 53.1, 43.5, 34.3, 26.2, 18.6, 14.2, 15.9, 21.0, 23.6, 20.9, 15.7, 11.6, 9.5, 8.4, 8.5, 7.3, 7.3, 16.6, 45.3, 83.1, 107.7, 107.6, 94.1, 79.1, 65.0, 49.3, 36.1, 26.6, 19.5, 15.3, 15.6, 18.7, 20.4, 18.6, 15.3, 12.4, 10.1, 8.2, 7.4, 6.8, 7.3, 12.3, 25.6, 43.3, 57.1, 64.6, 68.1, 66.6, 57.0, 42.3, 30.2, 23.5, 19.4, 17.6, 19.5, 23.6, 25.2, 21.3, 14.8, 9.8, 7.4, 6.6, 8.1, 12.3, 18.8, 27.2, 39.4, 53.4, 63.4, 66.6, 65.7, 62.5, 56.5, 48.1, 40.4, 34.1, 28.6], ""ozone"": [60.0, 78.0, 103.0, 134.0, 174.0, 220.0, 252.0, 262.0, 259.0, 251.0, 244.0, 233.0, 207.0, 152.0, 84.0, 37.0, 32.0, 49.0, 66.0, 76.0, 85.0, 91.0, 91.0, 88.0, 86.0, 87.0, 89.0, 95.0, 108.0, 124.0, 142.0, 161.0, 181.0, 195.0, 205.0, 210.0, 201.0, 169.0, 124.0, 87.0, 66.0, 53.0, 46.0, 45.0, 49.0, 56.0, 66.0, 79.0, 88.0, 87.0, 81.0, 82.0, 95.0, 114.0, 131.0, 145.0, 158.0, 168.0, 180.0, 189.0, 181.0, 140.0, 83.0, 40.0, 28.0, 31.0, 36.0, 40.0, 47.0, 55.0, 65.0, 77.0, 87.0, 92.0, 95.0, 100.0, 109.0, 120.0, 131.0, 143.0, 156.0, 166.0, 175.0, 180.0, 173.0, 143.0, 101.0, 67.0, 49.0, 39.0, 36.0, 40.0, 51.0, 60.0, 66.0, 70.0, 73.0, 71.0, 68.0, 72.0, 91.0, 117.0, 138.0, 149.0, 154.0, 152.0, 141.0, 124.0, 105.0, 84.0, 61.0, 43.0, 33.0, 29.0, 27.0, 28.0, 32.0, 36.0, 41.0, 46.0], ""sulphur_dioxide"": [21.9, 23.0, 24.6, 26.1, 27.7, 29.3, 29.6, 27.7, 24.4, 21.7, 19.8, 18.3, 18.1, 20.2, 23.6, 25.8, 25.9, 24.9, 23.2, 20.7, 17.6, 14.6, 11.8, 9.2, 7.6, 7.6, 8.5, 9.4, 10.0, 10.6, 11.0, 11.2, 11.3, 11.5, 12.0, 12.7, 13.1, 13.0, 12.6, 12.4, 12.7, 13.3, 13.6, 13.5, 13.2, 12.5, 10.9, 8.8, 7.6, 8.1, 9.4, 10.6, 11.3, 11.8, 12.3, 12.6, 12.7, 13.1, 13.8, 14.6, 15.9, 18.1, 20.7, 22.0, 21.1, 18.9, 16.6, 14.4, 12.1, 10.1, 8.4, 7.1, 6.6, 7.5, 9.3, 10.7, 11.3, 11.7, 11.9, 12.1, 12.1, 12.3, 12.7, 13.3, 13.5, 13.2, 12.5, 12.2, 12.5, 13.2, 13.4, 13.0, 12.2, 11.2, 9.9, 8.5, 7.7, 7.8, 8.6, 9.5, 10.8, 12.4, 13.3, 13.2, 12.5, 11.5, 10.0, 8.2, 7.3, 8.1, 9.7, 11.0, 11.5, 11.6, 11.5, 11.2, 10.6, 10.0, 9.2, 8.4], ""ammonia"": [null, null, null, null, null, null, null, null, null, null, null, null, null, null, null, null, null, null, null, null, null, null, null, null, null, null, null, null, null, null, null, null, null, null, null, null, null, null, null, null, null, null, null, null, null, null, null, null, null, null, null, null, null, null, null, null, null, null, null, null, null, null, null, null, null, null, null, null, null, null, null, null, null, null, null, null, null, null, null, null, null, null, null, null, null, null, null, null, null, null, null, null, null, null, null, null, null, null, null, null, null, null, null, null, null, null, null, null, null, null, null, null, null, null, null, null, null, null, null, null], ""us_aqi"": [157, 158, 159, 160, 160, 160, 160, 161, 162, 174, 201, 210, 217, 219, 214, 203, 171, 167, 167, 166, 165, 164, 162, 160, 158, 157, 155, 153, 152, 152, 151, 150, 148, 146, 144, 142, 149, 164, 171, 168, 156, 134, 117, 115, 113, 112, 111, 111, 111, 111, 110, 109, 109, 108, 107, 106, 104, 103, 102, 102, 118, 136, 141, 131, 109, 108, 109, 109, 109, 108, 107, 106, 105, 105, 105, 105, 105, 105, 105, 105, 104, 104, 103, 102, 118, 131, 136, 130, 113, 93, 93, 93, 93, 93, 93, 93, 94, 94, 94, 94, 94, 95, 95, 96, 97, 97, 98, 98, 98, 99, 99, 99, 99, 100, 99, 99, 100, 100, 100, 101]}}}"
2026-07-27T19:57:41.251145+00:00,Lahore,PK,31.5204,74.3587,,,,,,,,,,,,,,,,,aqicn,success,2.356998800067231,"{""air_quality"": {""status"": ""error"", ""data"": ""Invalid key""}}"
"{'utc': '2025-03-04T12:00:00Z', 'local': '2025-03-04T17:00:00+05:00'}",Lahore,PK,31.5204,74.3587,,,,,,,,,,,,,,,,,openaq,success,1.3771026000613347,"{""locations"": {""meta"": {""name"": ""openaq-api"", ""website"": ""/"", ""page"": 1, ""limit"": 1, ""found"": "">1""}, ""results"": [{""id"": 8664, ""name"": ""US Diplomatic Post: Lahore"", ""locality"": ""Lahore"", ""timezone"": ""Asia/Karachi"", ""country"": {""id"": 109, ""code"": ""PK"", ""name"": ""Pakistan""}, ""owner"": {""id"": 4, ""name"": ""Unknown Governmental Organization""}, ""provider"": {""id"": 265, ""name"": ""StateAir Lahore""}, ""isMobile"": false, ""isMonitor"": true, ""instruments"": [{""id"": 2, ""name"": ""Government Monitor""}], ""sensors"": [{""id"": 25135, ""name"": ""pm25 µg/m³"", ""parameter"": {""id"": 2, ""name"": ""pm25"", ""units"": ""µg/m³"", ""displayName"": ""PM2.5""}}], ""coordinates"": {""latitude"": 31.560078, ""longitude"": 74.33589}, ""licenses"": null, ""bounds"": [74.33589, 31.560078, 74.33589, 31.560078], ""distance"": 4903.77691267, ""datetimeFirst"": {""utc"": ""2019-05-22T22:00:00Z"", ""local"": ""2019-05-23T03:00:00+05:00""}, ""datetimeLast"": {""utc"": ""2025-03-04T12:00:00Z"", ""local"": ""2025-03-04T17:00:00+05:00""}}]}, ""latest"": {""meta"": {""name"": ""openaq-api"", ""website"": ""/"", ""page"": 1, ""limit"": 100, ""found"": 1}, ""results"": [{""datetime"": {""utc"": ""2025-03-04T12:00:00Z"", ""local"": ""2025-03-04T17:00:00+05:00""}, ""value"": -999.0, ""coordinates"": {""latitude"": 31.560078, ""longitude"": 74.33589}, ""sensorsId"": 25135, ""locationsId"": 8664}]}}"
2026-07-27T20:23:32.278688+00:00,Karachi,PK,24.8607,67.0011,27.35,81.0,999.0,7.37,257.0,100.0,,4.0,23.2,106.6,66.53,0.0,0.1,0.52,41.85,0.0,openweather,success,1.0169256000081077,"{""weather"": {""coord"": {""lon"": 67.0011, ""lat"": 24.8607}, ""weather"": [{""id"": 804, ""main"": ""Clouds"", ""description"": ""overcast clouds"", ""icon"": ""04n""}], ""base"": ""stations"", ""main"": {""temp"": 27.35, ""feels_like"": 30.65, ""temp_min"": 27.35, ""temp_max"": 27.35, ""pressure"": 999, ""humidity"": 81, ""sea_level"": 999, ""grnd_level"": 997}, ""visibility"": 10000, ""wind"": {""speed"": 7.37, ""deg"": 257, ""gust"": 8.46}, ""clouds"": {""all"": 100}, ""dt"": 1785183811, ""sys"": {""country"": ""PK"", ""sunrise"": 1785200258, ""sunset"": 1785248347}, ""timezone"": 18000, ""id"": 1174872, ""name"": ""Karachi"", ""cod"": 200}, ""air_quality"": {""coord"": {""lon"": 67.0011, ""lat"": 24.8607}, ""list"": [{""main"": {""aqi"": 4}, ""components"": {""co"": 66.53, ""no"": 0, ""no2"": 0.1, ""o3"": 41.85, ""so2"": 0.52, ""pm2_5"": 23.2, ""pm10"": 106.6, ""nh3"": 0}, ""dt"": 1785183811}]}}"
2026-07-27T20:15,Karachi,PK,24.8607,67.0011,28.1,82.0,999.2,14.5,256.0,75.0,0.0,82.0,20.8,58.9,121.0,,4.6,4.7,49.0,,openmeteo,success,1.4240884000901133,"{""weather"": {""latitude"": 24.850615, ""longitude"": 66.992485, ""generationtime_ms"": 0.11944770812988281, ""utc_offset_seconds"": 0, ""timezone"": ""GMT"", ""timezone_abbreviation"": ""GMT"", ""elevation"": 7.0, ""current_units"": {""time"": ""iso8601"", ""interval"": ""seconds"", ""temperature_2m"": ""°C"", ""relative_humidity_2m"": ""%"", ""pressure_msl"": ""hPa"", ""wind_speed_10m"": ""km/h"", ""wind_direction_10m"": ""°"", ""cloud_cover"": ""%"", ""rain"": ""mm""}, ""current"": {""time"": ""2026-07-27T20:15"", ""interval"": 900, ""temperature_2m"": 28.1, ""relative_humidity_2m"": 82, ""pressure_msl"": 999.2, ""wind_speed_10m"": 14.5, ""wind_direction_10m"": 256, ""cloud_cover"": 75, ""rain"": 0.0}}, ""air_quality"": {""latitude"": 24.900002, ""longitude"": 67.0, ""generationtime_ms"": 0.32079219818115234, ""utc_offset_seconds"": 0, ""timezone"": ""GMT"", ""timezone_abbreviation"": ""GMT"", ""elevation"": 7.0, ""hourly_units"": {""time"": ""iso8601"", ""pm10"": ""μg/m³"", ""pm2_5"": ""μg/m³"", ""carbon_monoxide"": ""μg/m³"", ""nitrogen_dioxide"": ""μg/m³"", ""ozone"": ""μg/m³"", ""sulphur_dioxide"": ""μg/m³"", ""ammonia"": ""μg/m³"", ""us_aqi"": ""USAQI""}, ""hourly"": {""time"": [""2026-07-27T00:00"", ""2026-07-27T01:00"", ""2026-07-27T02:00"", ""2026-07-27T03:00"", ""2026-07-27T04:00"", ""2026-07-27T05:00"", ""2026-07-27T06:00"", ""2026-07-27T07:00"", ""2026-07-27T08:00"", ""2026-07-27T09:00"", ""2026-07-27T10:00"", ""2026-07-27T11:00"", ""2026-07-27T12:00"", ""2026-07-27T13:00"", ""2026-07-27T14:00"", ""2026-07-27T15:00"", ""2026-07-27T16:00"", ""2026-07-27T17:00"", ""2026-07-27T18:00"", ""2026-07-27T19:00"", ""2026-07-27T20:00"", ""2026-07-27T21:00"", ""2026-07-27T22:00"", ""2026-07-27T23:00"", ""2026-07-28T00:00"", ""2026-07-28T01:00"", ""2026-07-28T02:00"", ""2026-07-28T03:00"", ""2026-07-28T04:00"", ""2026-07-28T05:00"", ""2026-07-28T06:00"", ""2026-07-28T07:00"", ""2026-07-28T08:00"", ""2026-07-28T09:00"", ""2026-07-28T10:00"", ""2026-07-28T11:00"", ""2026-07-28T12:00"", ""2026-07-28T13:00"", ""2026-07-28T14:00"", ""2026-07-28T15:00"", ""2026-07-28T16:00"", ""2026-07-28T17:00"", ""2026-07-28T18:00"", ""2026-07-28T19:00"", ""2026-07-28T20:00"", ""2026-07-28T21:00"", ""2026-07-28T22:00"", ""2026-07-28T23:00"", ""2026-07-29T00:00"", ""2026-07-29T01:00"", ""2026-07-29T02:00"", ""2026-07-29T03:00"", ""2026-07-29T04:00"", ""2026-07-29T05:00"", ""2026-07-29T06:00"", ""2026-07-29T07:00"", ""2026-07-29T08:00"", ""2026-07-29T09:00"", ""2026-07-29T10:00"", ""2026-07-29T11:00"", ""2026-07-29T12:00"", ""2026-07-29T13:00"", ""2026-07-29T14:00"", ""2026-07-29T15:00"", ""2026-07-29T16:00"", ""2026-07-29T17:00"", ""2026-07-29T18:00"", ""2026-07-29T19:00"", ""2026-07-29T20:00"", ""2026-07-29T21:00"", ""2026-07-29T22:00"", ""2026-07-29T23:00"", ""2026-07-30T00:00"", ""2026-07-30T01:00"", ""2026-07-30T02:00"", ""2026-07-30T03:00"", ""2026-07-30T04:00"", ""2026-07-30T05:00"", ""2026-07-30T06:00"", ""2026-07-30T07:00"", ""2026-07-30T08:00"", ""2026-07-30T09:00"", ""2026-07-30T10:00"", ""2026-07-30T11:00"", ""2026-07-30T12:00"", ""2026-07-30T13:00"", ""2026-07-30T14:00"", ""2026-07-30T15:00"", ""2026-07-30T16:00"", ""2026-07-30T17:00"", ""2026-07-30T18:00"", ""2026-07-30T19:00"", ""2026-07-30T20:00"", ""2026-07-30T21:00"", ""2026-07-30T22:00"", ""2026-07-30T23:00"", ""2026-07-31T00:00"", ""2026-07-31T01:00"", ""2026-07-31T02:00"", ""2026-07-31T03:00"", ""2026-07-31T04:00"", ""2026-07-31T05:00"", ""2026-07-31T06:00"", ""2026-07-31T07:00"", ""2026-07-31T08:00"", ""2026-07-31T09:00"", ""2026-07-31T10:00"", ""2026-07-31T11:00"", ""2026-07-31T12:00"", ""2026-07-31T13:00"", ""2026-07-31T14:00"", ""2026-07-31T15:00"", ""2026-07-31T16:00"", ""2026-07-31T17:00"", ""2026-07-31T18:00"", ""2026-07-31T19:00"", ""2026-07-31T20:00"", ""2026-07-31T21:00"", ""2026-07-31T22:00"", ""2026-07-31T23:00""], ""pm10"": [58.9, 61.7, 78.2, 105.0, 106.4, 120.1, 121.5, 118.3, 113.4, 113.2, 110.6, 103.6, 95.0, 85.0, 77.1, 73.3, 73.8, 76.1, 74.3, 61.9, 55.5, 57.7, 49.2, 46.6, 53.3, 47.3, 52.7, 64.3, 69.2, 75.0, 78.2, 81.7, 85.0, 89.6, 86.4, 85.4, 77.5, 77.1, 64.5, 59.1, 47.6, 43.5, 43.1, 41.9, 40.0, 39.3, 40.0, 40.5, 41.9, 40.9, 45.6, 56.5, 73.8, 84.1, 92.7, 86.6, 79.4, 77.3, 77.8, 76.6, 70.8, 65.0, 57.5, 51.1, 50.6, 50.4, 50.3, 50.4, 50.5, 50.6, 51.7, 56.0, 61.9, 61.5, 65.7, 75.9, 93.6, 93.8, 93.4, 93.8, 90.8, 88.0, 87.1, 85.9, 84.1, 79.2, 73.6, 66.6, 63.8, 63.6, 63.8, 63.8, 62.2, 57.7, 53.0, 51.3, 51.0, 53.7, 75.2, 96.9, 112.2, 117.6, 118.3, 118.5, 117.1, 111.5, 103.1, 95.2, 88.9, 84.8, 82.7, 80.8, 78.2, 77.1, 75.7, 75.9, 75.4, 75.2, 73.6, 71.7], ""pm2_5"": [20.8, 21.4, 24.3, 30.7, 31.4, 35.6, 37.4, 37.7, 36.8, 36.6, 36.1, 34.8, 32.9, 30.3, 28.2, 27.0, 26.6, 26.2, 25.1, 21.2, 19.3, 19.8, 17.5, 17.0, 19.3, 17.9, 19.3, 24.2, 25.9, 27.3, 27.9, 29.2, 30.3, 31.9, 31.4, 31.2, 29.0, 29.3, 26.3, 26.0, 21.4, 20.4, 20.4, 20.1, 19.3, 18.6, 18.3, 18.3, 18.6, 18.6, 20.3, 22.5, 28.3, 30.9, 33.5, 33.2, 32.0, 31.1, 30.9, 30.0, 28.6, 27.5, 25.1, 22.9, 22.7, 22.9, 23.5, 23.7, 23.1, 22.1, 21.5, 21.8, 22.7, 22.8, 24.0, 26.4, 32.2, 33.4, 34.8, 36.0, 35.9, 35.2, 34.6, 33.9, 33.1, 31.7, 30.2, 27.2, 25.8, 25.7, 25.8, 25.9, 25.4, 24.4, 23.3, 22.7, 22.4, 23.2, 27.3, 31.1, 34.6, 37.0, 39.1, 41.1, 42.5, 42.1, 39.8, 36.9, 34.3, 32.1, 30.6, 29.7, 27.9, 27.1, 26.5, 26.0, 25.2, 25.0, 24.6, 24.2], ""carbon_monoxide"": [121.0, 165.0, 225.0, 262.0, 256.0, 228.0, 205.0, 196.0, 192.0, 193.0, 203.0, 217.0, 226.0, 224.0, 215.0, 205.0, 193.0, 179.0, 165.0, 149.0, 133.0, 121.0, 112.0, 108.0, 120.0, 167.0, 231.0, 269.0, 257.0, 219.0, 191.0, 186.0, 191.0, 200.0, 215.0, 235.0, 247.0, 246.0, 238.0, 230.0, 225.0, 219.0, 208.0, 187.0, 162.0, 144.0, 132.0, 128.0, 142.0, 195.0, 267.0, 311.0, 297.0, 255.0, 222.0, 212.0, 213.0, 221.0, 241.0, 268.0, 292.0, 310.0, 325.0, 331.0, 324.0, 308.0, 286.0, 253.0, 213.0, 182.0, 160.0, 146.0, 154.0, 204.0, 275.0, 318.0, 304.0, 262.0, 231.0, 224.0, 227.0, 240.0, 263.0, 295.0, 331.0, 373.0, 419.0, 454.0, 482.0, 499.0, 481.0, 400.0, 284.0, 198.0, 163.0, 158.0, 184.0, 262.0, 371.0, 449.0, 465.0, 449.0, 429.0, 410.0, 388.0, 376.0, 384.0, 403.0, 418.0, 428.0, 433.0, 425.0, 391.0, 343.0, 308.0, 296.0, 297.0, 307.0, 332.0, 366.0], ""nitrogen_dioxide"": [4.6, 5.7, 7.1, 7.9, 7.3, 6.0, 4.9, 4.1, 3.4, 3.3, 3.9, 4.9, 6.2, 7.9, 9.9, 11.0, 10.7, 9.5, 8.4, 7.7, 7.1, 6.5, 5.6, 4.7, 4.5, 5.9, 8.0, 9.3, 8.9, 7.6, 6.4, 5.3, 4.3, 3.9, 4.4, 5.6, 7.1, 9.3, 11.9, 13.8, 14.5, 14.4, 13.7, 12.2, 10.2, 8.4, 6.9, 5.7, 5.3, 6.5, 8.6, 9.7, 8.7, 6.8, 5.2, 4.4, 4.0, 4.2, 5.1, 6.7, 8.8, 11.8, 15.3, 18.1, 19.8, 20.8, 20.7, 19.2, 16.7, 14.1, 11.2, 8.2, 6.5, 7.3, 9.5, 10.6, 9.5, 7.5, 5.8, 4.9, 4.4, 4.6, 5.6, 7.2, 9.6, 13.5, 18.1, 21.3, 21.8, 20.8, 19.6, 18.6, 17.4, 16.5, 15.9, 15.4, 15.4, 16.2, 17.3, 17.6, 16.4, 14.4, 12.4, 10.5, 8.7, 7.9, 8.4, 10.0, 12.3, 16.1, 20.8, 24.0, 24.9, 24.4, 23.2, 21.3, 18.7, 16.6, 15.4, 14.7], ""ozone"": [49.0, 49.0, 48.0, 52.0, 63.0, 77.0, 88.0, 92.0, 91.0, 88.0, 81.0, 71.0, 62.0, 55.0, 50.0, 46.0, 45.0, 46.0, 47.0, 47.0, 47.0, 47.0, 48.0, 49.0, 49.0, 48.0, 47.0, 47.0, 50.0, 55.0, 61.0, 68.0, 75.0, 79.0, 77.0, 71.0, 65.0, 59.0, 53.0, 48.0, 46.0, 46.0, 46.0, 47.0, 48.0, 49.0, 50.0, 51.0, 51.0, 50.0, 48.0, 50.0, 59.0, 72.0, 83.0, 91.0, 98.0, 99.0, 92.0, 80.0, 69.0, 60.0, 52.0, 46.0, 42.0, 41.0, 40.0, 41.0, 42.0, 45.0, 49.0, 53.0, 56.0, 56.0, 54.0, 57.0, 69.0, 85.0, 99.0, 110.0, 118.0, 121.0, 115.0, 102.0, 89.0, 75.0, 61.0, 50.0, 47.0, 47.0, 48.0, 48.0, 48.0, 47.0, 44.0, 40.0, 39.0, 41.0, 45.0, 52.0, 62.0, 75.0, 87.0, 101.0, 115.0, 121.0, 114.0, 98.0, 82.0, 67.0, 51.0, 39.0, 34.0, 33.0, 34.0, 35.0, 38.0, 40.0, 41.0, 41.0], ""sulphur_dioxide"": [4.7, 5.0, 5.5, 6.0, 6.5, 7.0, 7.1, 6.7, 5.9, 5.3, 5.1, 5.1, 5.1, 5.1, 5.0, 5.0, 5.0, 5.0, 5.0, 4.9, 4.7, 4.6, 4.5, 4.3, 4.3, 4.5, 4.7, 5.0, 5.2, 5.5, 5.6, 5.6, 5.4, 5.3, 5.2, 5.2, 5.2, 5.3, 5.5, 5.7, 5.9, 6.2, 6.2, 5.9, 5.3, 4.9, 4.6, 4.5, 4.5, 4.8, 5.2, 5.6, 5.8, 6.0, 6.1, 6.1, 6.0, 5.9, 5.8, 5.8, 5.8, 6.0, 6.3, 6.7, 7.3, 7.9, 8.2, 7.9, 7.3, 6.7, 6.2, 5.8, 5.6, 5.9, 6.4, 6.9, 7.2, 7.5, 7.6, 7.5, 7.3, 7.1, 7.0, 7.0, 7.1, 7.3, 7.6, 8.0, 8.5, 9.1, 9.5, 9.4, 9.0, 8.7, 8.3, 7.9, 8.0, 9.0, 10.6, 12.0, 13.2, 14.2, 14.9, 15.1, 14.9, 14.3, 13.2, 11.9, 10.7, 9.9, 9.3, 9.1, 9.5, 10.3, 10.9, 10.9, 10.6, 10.5, 10.7, 11.0], ""ammonia"": [null, null, null, null, null, null, null, null, null, null, null, null, null, null, null, null, null, null, null, null, null, null, null, null, null, null, null, null, null, null, null, null, null, null, null, null, null, null, null, null, null, null, null, null, null, null, null, null, null, null, null, null, null, null, null, null, null, null, null, null, null, null, null, null, null, null, null, null, null, null, null, null, null, null, null, null, null, null, null, null, null, null, null, null, null, null, null, null, null, null, null, null, null, null, null, null, null, null, null, null, null, null, null, null, null, null, null, null, null, null, null, null, null, null, null, null, null, null, null, null], ""us_aqi"": [82, 82, 82, 82, 82, 82, 83, 83, 83, 83, 84, 84, 84, 85, 85, 85, 86, 86, 87, 87, 87, 87, 87, 86, 86, 86, 86, 85, 85, 84, 84, 83, 82, 82, 81, 81, 81, 80, 80, 80, 80, 80, 79, 79, 79, 79, 79, 79, 79, 79, 79, 79, 79, 79, 79, 80, 80, 80, 80, 80, 80, 80, 80, 80, 79, 80, 80, 80, 80, 81, 81, 81, 81, 82, 82, 82, 83, 83, 83, 83, 83, 84, 84, 84, 85, 85, 85, 86, 86, 86, 87, 87, 87, 87, 87, 87, 88, 87, 88, 88, 88, 88, 89, 89, 89, 90, 90, 91, 91, 91, 91, 91, 91, 92, 92, 92, 92, 92, 92, 92]}}}"
2026-07-27T20:23:32.491693+00:00,Karachi,PK,24.8607,67.0011,,,,,,,,,,,,,,,,,aqicn,success,1.2088491999311373,"{""air_quality"": {""status"": ""error"", ""data"": ""Invalid key""}}"
2026-07-27T20:23:32.288015+00:00,Hyderabad,PK,25.396,68.3578,28.92,70.0,998.0,9.84,233.0,87.0,,3.0,19.69,84.53,78.39,0.0,1.15,1.92,42.15,0.45,openweather,success,1.0023163999430835,"{""weather"": {""coord"": {""lon"": 68.3578, ""lat"": 25.396}, ""weather"": [{""id"": 804, ""main"": ""Clouds"", ""description"": ""overcast clouds"", ""icon"": ""04n""}], ""base"": ""stations"", ""main"": {""temp"": 28.92, ""feels_like"": 32.55, ""temp_min"": 28.92, ""temp_max"": 28.92, ""pressure"": 998, ""humidity"": 70, ""sea_level"": 998, ""grnd_level"": 993}, ""visibility"": 10000, ""wind"": {""speed"": 9.84, ""deg"": 233, ""gust"": 12.92}, ""clouds"": {""all"": 87}, ""dt"": 1785183811, ""sys"": {""country"": ""PK"", ""sunrise"": 1785199876, ""sunset"": 1785248078}, ""timezone"": 18000, ""id"": 1176734, ""name"": ""Hyderābād"", ""cod"": 200}, ""air_quality"": {""coord"": {""lon"": 68.3578, ""lat"": 25.396}, ""list"": [{""main"": {""aqi"": 3}, ""components"": {""co"": 78.39, ""no"": 0, ""no2"": 1.15, ""o3"": 42.15, ""so2"": 1.92, ""pm2_5"": 19.69, ""pm10"": 84.53, ""nh3"": 0.45}, ""dt"": 1785183811}]}}"
2026-07-27T20:15,Hyderabad,PK,25.396,68.3578,28.0,81.0,997.7,17.4,226.0,13.0,0.0,87.0,17.7,33.2,122.0,,8.5,6.4,35.0,,openmeteo,success,1.401708499994129,"{""weather"": {""latitude"": 25.413004, ""longitude"": 68.353195, ""generationtime_ms"": 3.0308961868286133, ""utc_offset_seconds"": 0, ""timezone"": ""GMT"", ""timezone_abbreviation"": ""GMT"", ""elevation"": 29.0, ""current_units"": {""time"": ""iso8601"", ""interval"": ""seconds"", ""temperature_2m"": ""°C"", ""relative_humidity_2m"": ""%"", ""pressure_msl"": ""hPa"", ""wind_speed_10m"": ""km/h"", ""wind_direction_10m"": ""°"", ""cloud_cover"": ""%"", ""rain"": ""mm""}, ""current"": {""time"": ""2026-07-27T20:15"", ""interval"": 900, ""temperature_2m"": 28.0, ""relative_humidity_2m"": 81, ""pressure_msl"": 997.7, ""wind_speed_10m"": 17.4, ""wind_direction_10m"": 226, ""cloud_cover"": 13, ""rain"": 0.0}}, ""air_quality"": {""latitude"": 25.400002, ""longitude"": 68.40001, ""generationtime_ms"": 0.3923177719116211, ""utc_offset_seconds"": 0, ""timezone"": ""GMT"", ""timezone_abbreviation"": ""GMT"", ""elevation"": 29.0, ""hourly_units"": {""time"": ""iso8601"", ""pm10"": ""μg/m³"", ""pm2_5"": ""μg/m³"", ""carbon_monoxide"": ""μg/m³"", ""nitrogen_dioxide"": ""μg/m³"", ""ozone"": ""μg/m³"", ""sulphur_dioxide"": ""μg/m³"", ""ammonia"": ""μg/m³"", ""us_aqi"": ""USAQI""}, ""hourly"": {""time"": [""2026-07-27T00:00"", ""2026-07-27T01:00"", ""2026-07-27T02:00"", ""2026-07-27T03:00"", ""2026-07-27T04:00"", ""2026-07-27T05:00"", ""2026-07-27T06:00"", ""2026-07-27T07:00"", ""2026-07-27T08:00"", ""2026-07-27T09:00"", ""2026-07-27T10:00"", ""2026-07-27T11:00"", ""2026-07-27T12:00"", ""2026-07-27T13:00"", ""2026-07-27T14:00"", ""2026-07-27T15:00"", ""2026-07-27T16:00"", ""2026-07-27T17:00"", ""2026-07-27T18:00"", ""2026-07-27T19:00"", ""2026-07-27T20:00"", ""2026-07-27T21:00"", ""2026-07-27T22:00"", ""2026-07-27T23:00"", ""2026-07-28T00:00"", ""2026-07-28T01:00"", ""2026-07-28T02:00"", ""2026-07-28T03:00"", ""2026-07-28T04:00"", ""2026-07-28T05:00"", ""2026-07-28T06:00"", ""2026-07-28T07:00"", ""2026-07-28T08:00"", ""2026-07-28T09:00"", ""2026-07-28T10:00"", ""2026-07-28T11:00"", ""2026-07-28T12:00"", ""2026-07-28T13:00"", ""2026-07-28T14:00"", ""2026-07-28T15:00"", ""2026-07-28T16:00"", ""2026-07-28T17:00"", ""2026-07-28T18:00"", ""2026-07-28T19:00"", ""2026-07-28T20:00"", ""2026-07-28T21:00"", ""2026-07-28T22:00"", ""2026-07-28T23:00"", ""2026-07-29T00:00"", ""2026-07-29T01:00"", ""2026-07-29T02:00"", ""2026-07-29T03:00"", ""2026-07-29T04:00"", ""2026-07-29T05:00"", ""2026-07-29T06:00"", ""2026-07-29T07:00"", ""2026-07-29T08:00"", ""2026-07-29T09:00"", ""2026-07-29T10:00"", ""2026-07-29T11:00"", ""2026-07-29T12:00"", ""2026-07-29T13:00"", ""2026-07-29T14:00"", ""2026-07-29T15:00"", ""2026-07-29T16:00"", ""2026-07-29T17:00"", ""2026-07-29T18:00"", ""2026-07-29T19:00"", ""2026-07-29T20:00"", ""2026-07-29T21:00"", ""2026-07-29T22:00"", ""2026-07-29T23:00"", ""2026-07-30T00:00"", ""2026-07-30T01:00"", ""2026-07-30T02:00"", ""2026-07-30T03:00"", ""2026-07-30T04:00"", ""2026-07-30T05:00"", ""2026-07-30T06:00"", ""2026-07-30T07:00"", ""2026-07-30T08:00"", ""2026-07-30T09:00"", ""2026-07-30T10:00"", ""2026-07-30T11:00"", ""2026-07-30T12:00"", ""2026-07-30T13:00"", ""2026-07-30T14:00"", ""2026-07-30T15:00"", ""2026-07-30T16:00"", ""2026-07-30T17:00"", ""2026-07-30T18:00"", ""2026-07-30T19:00"", ""2026-07-30T20:00"", ""2026-07-30T21:00"", ""2026-07-30T22:00"", ""2026-07-30T23:00"", ""2026-07-31T00:00"", ""2026-07-31T01:00"", ""2026-07-31T02:00"", ""2026-07-31T03:00"", ""2026-07-31T04:00"", ""2026-07-31T05:00"", ""2026-07-31T06:00"", ""2026-07-31T07:00"", ""2026-07-31T08:00"", ""2026-07-31T09:00"", ""2026-07-31T10:00"", ""2026-07-31T11:00"", ""2026-07-31T12:00"", ""2026-07-31T13:00"", ""2026-07-31T14:00"", ""2026-07-31T15:00"", ""2026-07-31T16:00"", ""2026-07-31T17:00"", ""2026-07-31T18:00"", ""2026-07-31T19:00"", ""2026-07-31T20:00"", ""2026-07-31T21:00"", ""2026-07-31T22:00"", ""2026-07-31T23:00""], ""pm10"": [33.2, 37.0, 39.3, 44.0, 51.7, 61.9, 76.4, 88.0, 98.3, 105.9, 108.3, 105.0, 97.3, 88.0, 79.2, 76.4, 73.1, 69.2, 64.3, 59.0, 57.7, 57.2, 53.0, 48.8, 43.2, 39.0, 39.2, 51.1, 65.9, 70.8, 77.5, 84.3, 89.6, 92.2, 91.7, 90.3, 88.9, 86.8, 80.1, 75.4, 68.9, 62.6, 55.1, 45.1, 38.5, 36.7, 38.4, 40.5, 40.6, 39.8, 43.8, 58.9, 68.0, 89.4, 106.2, 127.1, 146.2, 155.1, 157.4, 149.5, 134.1, 113.2, 88.7, 74.0, 65.7, 60.8, 55.5, 50.2, 45.6, 44.7, 46.3, 49.8, 51.2, 53.7, 80.6, 69.6, 77.3, 79.6, 85.7, 95.2, 105.5, 116.9, 125.7, 128.5, 128.1, 118.5, 96.6, 77.8, 68.2, 61.7, 59.1, 56.2, 54.0, 52.4, 49.6, 48.9, 47.3, 46.0, 50.3, 61.9, 78.9, 95.7, 109.0, 114.8, 115.7, 112.7, 108.0, 104.3, 102.2, 100.6, 89.6, 77.5, 75.9, 68.2, 62.6, 58.7, 56.9, 54.2, 51.9, 50.6], ""pm2_5"": [17.7, 18.0, 18.3, 19.4, 21.4, 24.4, 28.9, 33.3, 37.1, 39.8, 41.6, 41.7, 40.7, 39.0, 36.9, 35.0, 32.8, 30.5, 28.0, 25.7, 23.5, 22.0, 19.6, 18.0, 16.3, 15.3, 15.8, 19.4, 23.8, 26.4, 29.5, 32.4, 34.5, 35.6, 35.9, 35.6, 35.3, 34.9, 33.5, 31.5, 29.3, 27.2, 24.4, 20.6, 17.8, 16.9, 17.2, 17.6, 17.6, 17.3, 18.2, 22.8, 24.3, 29.5, 34.3, 40.2, 45.5, 48.9, 50.5, 50.1, 47.6, 43.4, 37.7, 32.8, 29.7, 27.8, 25.2, 22.6, 20.2, 19.4, 19.6, 20.2, 20.5, 21.4, 28.2, 24.2, 27.1, 29.0, 32.1, 35.9, 39.6, 43.0, 45.4, 46.6, 47.0, 45.9, 42.7, 38.4, 34.2, 31.4, 29.7, 27.6, 25.7, 24.2, 22.1, 21.1, 20.4, 20.1, 21.1, 23.6, 27.6, 31.8, 35.4, 37.1, 37.6, 36.9, 35.6, 34.7, 34.1, 33.9, 34.1, 34.6, 33.6, 31.9, 30.2, 28.6, 27.4, 25.8, 24.7, 23.9], ""carbon_monoxide"": [122.0, 170.0, 236.0, 277.0, 267.0, 232.0, 206.0, 202.0, 207.0, 217.0, 237.0, 262.0, 276.0, 270.0, 252.0, 233.0, 215.0, 196.0, 181.0, 173.0, 169.0, 165.0, 157.0, 150.0, 153.0, 177.0, 210.0, 234.0, 238.0, 231.0, 222.0, 212.0, 201.0, 193.0, 192.0, 195.0, 197.0, 197.0, 197.0, 195.0, 191.0, 184.0, 174.0, 155.0, 133.0, 119.0, 116.0, 121.0, 140.0, 187.0, 248.0, 288.0, 286.0, 263.0, 244.0, 237.0, 234.0, 241.0, 268.0, 304.0, 323.0, 308.0, 277.0, 256.0, 263.0, 280.0, 287.0, 271.0, 245.0, 225.0, 215.0, 210.0, 219.0, 252.0, 298.0, 328.0, 326.0, 307.0, 292.0, 286.0, 284.0, 289.0, 308.0, 334.0, 354.0, 363.0, 366.0, 363.0, 356.0, 344.0, 321.0, 279.0, 227.0, 188.0, 168.0, 160.0, 174.0, 227.0, 301.0, 349.0, 346.0, 317.0, 288.0, 266.0, 244.0, 232.0, 231.0, 240.0, 264.0, 315.0, 380.0, 427.0, 446.0, 446.0, 420.0, 349.0, 253.0, 182.0, 162.0, 169.0], ""nitrogen_dioxide"": [8.5, 8.1, 7.4, 6.6, 5.4, 4.0, 2.8, 2.1, 1.7, 1.5, 1.5, 1.8, 2.4, 3.5, 4.9, 6.1, 6.9, 7.5, 7.7, 7.3, 6.6, 5.9, 5.5, 5.2, 4.9, 4.6, 4.2, 3.8, 3.1, 2.4, 1.8, 1.5, 1.4, 1.4, 1.5, 1.8, 2.3, 3.2, 4.4, 5.4, 6.1, 6.6, 6.9, 6.8, 6.5, 6.2, 6.0, 5.8, 5.6, 5.3, 5.1, 4.6, 3.8, 2.9, 2.2, 1.8, 1.7, 1.7, 1.9, 2.2, 2.8, 3.8, 4.9, 6.1, 7.2, 8.3, 9.0, 9.1, 8.8, 8.4, 8.2, 7.9, 7.5, 6.9, 6.2, 5.4, 4.4, 3.2, 2.3, 1.8, 1.6, 1.6, 1.7, 2.0, 2.6, 3.9, 5.5, 6.9, 7.8, 8.5, 9.1, 9.8, 10.4, 10.7, 10.5, 9.9, 9.3, 8.7, 7.9, 7.0, 5.8, 4.4, 3.3, 2.6, 2.1, 1.8, 1.5, 1.5, 2.5, 5.5, 9.6, 12.1, 11.5, 9.4, 8.0, 8.2, 9.1, 10.2, 11.4, 12.7], ""ozone"": [35.0, 36.0, 37.0, 42.0, 51.0, 63.0, 76.0, 89.0, 103.0, 113.0, 119.0, 122.0, 118.0, 104.0, 85.0, 68.0, 58.0, 50.0, 45.0, 43.0, 43.0, 44.0, 44.0, 44.0, 44.0, 44.0, 45.0, 49.0, 58.0, 69.0, 80.0, 90.0, 99.0, 104.0, 105.0, 102.0, 96.0, 87.0, 75.0, 65.0, 58.0, 52.0, 48.0, 46.0, 47.0, 47.0, 46.0, 46.0, 46.0, 47.0, 48.0, 53.0, 63.0, 75.0, 88.0, 100.0, 112.0, 121.0, 127.0, 131.0, 129.0, 118.0, 101.0, 85.0, 72.0, 59.0, 50.0, 46.0, 46.0, 46.0, 45.0, 45.0, 46.0, 47.0, 50.0, 56.0, 68.0, 84.0, 98.0, 110.0, 121.0, 129.0, 133.0, 135.0, 133.0, 127.0, 118.0, 107.0, 93.0, 76.0, 63.0, 54.0, 48.0, 44.0, 42.0, 41.0, 42.0, 43.0, 46.0, 52.0, 64.0, 79.0, 92.0, 100.0, 106.0, 109.0, 111.0, 110.0, 106.0, 95.0, 80.0, 68.0, 62.0, 58.0, 54.0, 49.0, 44.0, 40.0, 36.0, 32.0], ""sulphur_dioxide"": [6.4, 6.3, 6.3, 6.3, 6.5, 6.9, 7.2, 7.4, 7.6, 7.8, 7.9, 7.9, 8.0, 8.1, 8.3, 8.3, 8.2, 8.0, 7.8, 7.5, 7.2, 6.9, 6.4, 6.0, 5.6, 5.5, 5.5, 5.6, 5.8, 6.1, 6.3, 6.4, 6.4, 6.4, 6.4, 6.4, 6.5, 6.8, 7.1, 7.3, 7.3, 7.2, 7.1, 7.0, 6.8, 6.6, 6.4, 6.2, 6.1, 6.0, 5.9, 6.0, 6.2, 6.5, 6.9, 7.3, 7.8, 8.2, 8.4, 8.6, 8.7, 8.8, 8.9, 8.9, 8.8, 8.7, 8.5, 8.4, 8.2, 8.1, 8.0, 7.8, 7.7, 7.6, 7.4, 7.4, 7.5, 7.7, 8.0, 8.3, 8.7, 9.0, 9.0, 8.9, 8.9, 9.0, 9.1, 9.3, 9.5, 9.8, 9.9, 9.7, 9.4, 9.1, 8.8, 8.4, 8.2, 8.3, 8.5, 8.8, 9.3, 9.8, 9.8, 8.8, 7.3, 6.1, 5.5, 5.3, 5.2, 5.1, 5.2, 5.8, 7.3, 9.2, 10.6, 11.0, 10.8, 10.6, 10.6, 10.7], ""ammonia"": [null, null, null, null, null, null, null, null, null, null, null, null, null, null, null, null, null, null, null, null, null, null, null, null, null, null, null, null, null, null, null, null, null, null, null, null, null, null, null, null, null, null, null, null, null, null, null, null, null, null, null, null, null, null, null, null, null, null, null, null, null, null, null, null, null, null, null, null, null, null, null, null, null, null, null, null, null, null, null, null, null, null, null, null, null, null, null, null, null, null, null, null, null, null, null, null, null, null, null, null, null, null, null, null, null, null, null, null, null, null, null, null, null, null, null, null, null, null, null, null], ""us_aqi"": [87, 87, 87, 87, 87, 87, 86, 86, 86, 86, 86, 86, 87, 87, 87, 87, 87, 86, 86, 87, 87, 87, 88, 88, 88, 87, 87, 87, 87, 87, 87, 87, 87, 87, 87, 86, 86, 85, 85, 85, 85, 84, 84, 84, 83, 83, 83, 82, 82, 82, 83, 83, 83, 83, 83, 84, 84, 85, 86, 87, 88, 89, 90, 90, 91, 91, 91, 91, 91, 91, 91, 91, 92, 92, 92, 93, 93, 93, 93, 93, 93, 92, 92, 91, 91, 91, 91, 92, 92, 92, 93, 93, 93, 94, 94, 95, 95, 95, 94, 94, 94, 94, 94, 94, 94, 94, 94, 93, 92, 91, 90, 89, 89, 89, 89, 89, 89, 89, 90, 90]}}}"
2026-07-27T20:23:32.499864+00:00,Hyderabad,PK,25.396,68.3578,,,,,,,,,,,,,,,,,aqicn,success,1.2081872000126168,"{""air_quality"": {""status"": ""error"", ""data"": ""Invalid key""}}"
2026-07-27T20:23:32.269190+00:00,Sukkur,PK,27.7052,68.8484,36.65,41.0,994.0,6.27,185.0,11.0,,4.0,27.84,112.84,110.5,0.0,1.88,1.6,45.73,4.89,openweather,success,0.9753350999671966,"{""weather"": {""coord"": {""lon"": 68.8484, ""lat"": 27.7052}, ""weather"": [{""id"": 801, ""main"": ""Clouds"", ""description"": ""few clouds"", ""icon"": ""02n""}], ""base"": ""stations"", ""main"": {""temp"": 36.65, ""feels_like"": 40.86, ""temp_min"": 36.65, ""temp_max"": 36.65, ""pressure"": 994, ""humidity"": 41, ""sea_level"": 994, ""grnd_level"": 987}, ""visibility"": 10000, ""wind"": {""speed"": 6.27, ""deg"": 185, ""gust"": 9.01}, ""clouds"": {""all"": 11}, ""dt"": 1785183811, ""sys"": {""country"": ""PK"", ""sunrise"": 1785199510, ""sunset"": 1785248208}, ""timezone"": 18000, ""id"": 1164408, ""name"": ""Sukkur"", ""cod"": 200}, ""air_quality"": {""coord"": {""lon"": 68.8484, ""lat"": 27.7052}, ""list"": [{""main"": {""aqi"": 4}, ""components"": {""co"": 110.5, ""no"": 0, ""no2"": 1.88, ""o3"": 45.73, ""so2"": 1.6, ""pm2_5"": 27.84, ""pm10"": 112.84, ""nh3"": 4.89}, ""dt"": 1785183811}]}}"
2026-07-27T20:15,Sukkur,PK,27.7052,68.8484,33.8,54.0,995.0,16.6,199.0,11.0,0.0,89.0,27.7,29.6,945.0,,18.3,4.7,38.0,,openmeteo,success,1.40531960001681,"{""weather"": {""latitude"": 27.732864, ""longitude"": 68.865166, ""generationtime_ms"": 0.15306472778320312, ""utc_offset_seconds"": 0, ""timezone"": ""GMT"", ""timezone_abbreviation"": ""GMT"", ""elevation"": 61.0, ""current_units"": {""time"": ""iso8601"", ""interval"": ""seconds"", ""temperature_2m"": ""°C"", ""relative_humidity_2m"": ""%"", ""pressure_msl"": ""hPa"", ""wind_speed_10m"": ""km/h"", ""wind_direction_10m"": ""°"", ""cloud_cover"": ""%"", ""rain"": ""mm""}, ""current"": {""time"": ""2026-07-27T20:15"", ""interval"": 900, ""temperature_2m"": 33.8, ""relative_humidity_2m"": 54, ""pressure_msl"": 995.0, ""wind_speed_10m"": 16.6, ""wind_direction_10m"": 199, ""cloud_cover"": 11, ""rain"": 0.0}}, ""air_quality"": {""latitude"": 27.700005, ""longitude"": 68.8, ""generationtime_ms"": 0.3075599670410156, ""utc_offset_seconds"": 0, ""timezone"": ""GMT"", ""timezone_abbreviation"": ""GMT"", ""elevation"": 61.0, ""hourly_units"": {""time"": ""iso8601"", ""pm10"": ""μg/m³"", ""pm2_5"": ""μg/m³"", ""carbon_monoxide"": ""μg/m³"", ""nitrogen_dioxide"": ""μg/m³"", ""ozone"": ""μg/m³"", ""sulphur_dioxide"": ""μg/m³"", ""ammonia"": ""μg/m³"", ""us_aqi"": ""USAQI""}, ""hourly"": {""time"": [""2026-07-27T00:00"", ""2026-07-27T01:00"", ""2026-07-27T02:00"", ""2026-07-27T03:00"", ""2026-07-27T04:00"", ""2026-07-27T05:00"", ""2026-07-27T06:00"", ""2026-07-27T07:00"", ""2026-07-27T08:00"", ""2026-07-27T09:00"", ""2026-07-27T10:00"", ""2026-07-27T11:00"", ""2026-07-27T12:00"", ""2026-07-27T13:00"", ""2026-07-27T14:00"", ""2026-07-27T15:00"", ""2026-07-27T16:00"", ""2026-07-27T17:00"", ""2026-07-27T18:00"", ""2026-07-27T19:00"", ""2026-07-27T20:00"", ""2026-07-27T21:00"", ""2026-07-27T22:00"", ""2026-07-27T23:00"", ""2026-07-28T00:00"", ""2026-07-28T01:00"", ""2026-07-28T02:00"", ""2026-07-28T03:00"", ""2026-07-28T04:00"", ""2026-07-28T05:00"", ""2026-07-28T06:00"", ""2026-07-28T07:00"", ""2026-07-28T08:00"", ""2026-07-28T09:00"", ""2026-07-28T10:00"", ""2026-07-28T11:00"", ""2026-07-28T12:00"", ""2026-07-28T13:00"", ""2026-07-28T14:00"", ""2026-07-28T15:00"", ""2026-07-28T16:00"", ""2026-07-28T17:00"", ""2026-07-28T18:00"", ""2026-07-28T19:00"", ""2026-07-28T20:00"", ""2026-07-28T21:00"", ""2026-07-28T22:00"", ""2026-07-28T23:00"", ""2026-07-29T00:00"", ""2026-07-29T01:00"", ""2026-07-29T02:00"", ""2026-07-29T03:00"", ""2026-07-29T04:00"", ""2026-07-29T05:00"", ""2026-07-29T06:00"", ""2026-07-29T07:00"", ""2026-07-29T08:00"", ""2026-07-29T09:00"", ""2026-07-29T10:00"", ""2026-07-29T11:00"", ""2026-07-29T12:00"", ""2026-07-29T13:00"", ""2026-07-29T14:00"", ""2026-07-29T15:00"", ""2026-07-29T16:00"", ""2026-07-29T17:00"", ""2026-07-29T18:00"", ""2026-07-29T19:00"", ""2026-07-29T20:00"", ""2026-07-29T21:00"", ""2026-07-29T22:00"", ""2026-07-29T23:00"", ""2026-07-30T00:00"", ""2026-07-30T01:00"", ""2026-07-30T02:00"", ""2026-07-30T03:00"", ""2026-07-30T04:00"", ""2026-07-30T05:00"", ""2026-07-30T06:00"", ""2026-07-30T07:00"", ""2026-07-30T08:00"", ""2026-07-30T09:00"", ""2026-07-30T10:00"", ""2026-07-30T11:00"", ""2026-07-30T12:00"", ""2026-07-30T13:00"", ""2026-07-30T14:00"", ""2026-07-30T15:00"", ""2026-07-30T16:00"", ""2026-07-30T17:00"", ""2026-07-30T18:00"", ""2026-07-30T19:00"", ""2026-07-30T20:00"", ""2026-07-30T21:00"", ""2026-07-30T22:00"", ""2026-07-30T23:00"", ""2026-07-31T00:00"", ""2026-07-31T01:00"", ""2026-07-31T02:00"", ""2026-07-31T03:00"", ""2026-07-31T04:00"", ""2026-07-31T05:00"", ""2026-07-31T06:00"", ""2026-07-31T07:00"", ""2026-07-31T08:00"", ""2026-07-31T09:00"", ""2026-07-31T10:00"", ""2026-07-31T11:00"", ""2026-07-31T12:00"", ""2026-07-31T13:00"", ""2026-07-31T14:00"", ""2026-07-31T15:00"", ""2026-07-31T16:00"", ""2026-07-31T17:00"", ""2026-07-31T18:00"", ""2026-07-31T19:00"", ""2026-07-31T20:00"", ""2026-07-31T21:00"", ""2026-07-31T22:00"", ""2026-07-31T23:00""], ""pm10"": [29.6, 27.2, 25.1, 17.5, 15.8, 21.0, 28.9, 36.7, 44.9, 50.6, 57.4, 63.1, 65.7, 68.7, 66.6, 68.7, 72.6, 76.8, 99.9, 154.1, 206.3, 218.9, 209.5, 192.3, 165.3, 135.5, 105.5, 82.4, 78.7, 95.2, 111.5, 118.0, 124.3, 131.3, 141.6, 149.5, 157.4, 157.9, 135.5, 108.5, 88.2, 81.5, 105.7, 154.1, 177.0, 169.5, 144.4, 115.9, 85.2, 65.7, 54.0, 53.4, 61.0, 72.9, 89.6, 107.8, 122.5, 122.5, 114.3, 104.8, 95.7, 85.7, 73.1, 64.3, 58.9, 54.4, 52.5, 52.5, 52.6, 52.7, 53.8, 56.8, 62.4, 69.6, 79.6, 92.7, 107.6, 131.8, 157.4, 156.9, 156.5, 157.9, 161.1, 160.7, 155.5, 144.4, 118.3, 90.6, 73.8, 63.8, 61.0, 61.5, 62.9, 64.7, 65.4, 62.9, 59.6, 55.8, 54.7, 55.6, 66.4, 101.0, 135.0, 152.3, 157.4, 158.3, 158.3, 155.5, 156.9, 165.3, 166.2, 141.1, 151.3, 113.9, 95.5, 85.0, 88.7, 88.5, 80.6, 77.3], ""pm2_5"": [27.7, 26.1, 24.4, 16.6, 14.1, 15.0, 17.7, 20.3, 22.3, 23.7, 25.4, 27.3, 28.9, 31.1, 34.0, 37.1, 38.1, 38.6, 43.2, 55.6, 70.8, 79.4, 80.6, 76.1, 67.8, 57.2, 45.3, 34.9, 30.3, 31.4, 34.0, 35.3, 36.7, 38.6, 41.3, 43.9, 46.6, 48.4, 48.4, 46.2, 42.1, 39.8, 45.1, 57.2, 65.7, 65.7, 59.0, 49.7, 40.5, 32.8, 27.6, 25.7, 26.4, 28.7, 31.9, 35.3, 38.4, 39.3, 38.5, 37.1, 35.5, 34.0, 32.9, 32.4, 31.2, 30.2, 29.5, 28.8, 28.6, 28.6, 28.9, 30.0, 32.1, 34.9, 38.1, 40.5, 42.6, 46.6, 50.8, 49.9, 49.0, 48.8, 49.0, 49.0, 48.4, 47.1, 45.1, 41.8, 37.8, 34.6, 32.8, 31.9, 31.4, 31.2, 31.0, 30.5, 29.9, 29.5, 29.8, 30.7, 33.5, 37.7, 41.9, 44.7, 45.6, 45.6, 45.5, 44.8, 45.4, 48.3, 52.2, 55.3, 57.6, 52.0, 47.8, 44.7, 41.6, 37.3, 35.4, 34.8], ""carbon_monoxide"": [945.0, 802.0, 646.0, 518.0, 432.0, 373.0, 332.0, 315.0, 316.0, 314.0, 292.0, 266.0, 261.0, 305.0, 370.0, 401.0, 364.0, 293.0, 230.0, 189.0, 156.0, 132.0, 120.0, 117.0, 121.0, 135.0, 156.0, 170.0, 171.0, 166.0, 160.0, 153.0, 145.0, 141.0, 140.0, 143.0, 153.0, 179.0, 213.0, 234.0, 232.0, 217.0, 203.0, 193.0, 183.0, 176.0, 172.0, 171.0, 172.0, 177.0, 184.0, 188.0, 186.0, 181.0, 174.0, 165.0, 155.0, 148.0, 143.0, 140.0, 145.0, 165.0, 193.0, 209.0, 203.0, 185.0, 168.0, 153.0, 139.0, 129.0, 122.0, 118.0, 127.0, 159.0, 204.0, 234.0, 237.0, 225.0, 212.0, 199.0, 184.0, 174.0, 161.0, 152.0, 180.0, 293.0, 443.0, 516.0, 436.0, 280.0, 161.0, 129.0, 134.0, 141.0, 136.0, 133.0, 137.0, 156.0, 181.0, 196.0, 189.0, 171.0, 156.0, 149.0, 146.0, 146.0, 148.0, 154.0, 162.0, 177.0, 195.0, 205.0, 199.0, 185.0, 176.0, 181.0, 192.0, 198.0, 194.0, 185.0], ""nitrogen_dioxide"": [18.3, 15.0, 10.5, 6.7, 4.4, 2.9, 1.8, 1.2, 1.2, 1.2, 1.1, 1.2, 1.7, 3.4, 5.5, 6.8, 6.2, 4.8, 3.8, 3.9, 4.4, 4.9, 5.4, 5.9, 6.2, 6.1, 5.7, 5.1, 4.0, 2.6, 1.6, 1.1, 0.9, 0.9, 0.9, 1.0, 1.5, 2.7, 4.2, 5.2, 5.0, 4.3, 3.8, 4.0, 4.4, 4.9, 5.6, 6.3, 6.8, 6.9, 6.6, 6.0, 4.8, 3.2, 1.9, 1.3, 1.1, 1.0, 0.9, 1.0, 1.4, 2.4, 3.6, 4.4, 4.3, 3.7, 3.3, 3.4, 3.7, 4.0, 4.3, 4.7, 5.1, 5.7, 6.3, 6.3, 5.1, 3.3, 1.9, 1.3, 1.1, 1.0, 0.9, 1.0, 1.4, 2.5, 3.8, 4.6, 4.2, 3.1, 2.4, 2.3, 2.5, 2.7, 2.8, 3.0, 3.2, 3.5, 3.9, 3.9, 3.2, 2.1, 1.3, 0.9, 0.8, 0.8, 0.8, 0.9, 1.4, 2.6, 4.1, 5.3, 5.9, 6.1, 5.9, 5.1, 4.0, 3.2, 3.2, 3.5], ""ozone"": [38.0, 53.0, 74.0, 93.0, 109.0, 124.0, 135.0, 139.0, 139.0, 137.0, 135.0, 131.0, 125.0, 114.0, 100.0, 90.0, 88.0, 89.0, 86.0, 74.0, 58.0, 46.0, 40.0, 37.0, 36.0, 36.0, 38.0, 44.0, 57.0, 75.0, 88.0, 94.0, 96.0, 97.0, 98.0, 98.0, 97.0, 96.0, 93.0, 92.0, 93.0, 94.0, 92.0, 86.0, 77.0, 68.0, 60.0, 53.0, 48.0, 44.0, 43.0, 47.0, 61.0, 81.0, 96.0, 102.0, 104.0, 103.0, 101.0, 96.0, 91.0, 86.0, 80.0, 76.0, 75.0, 74.0, 73.0, 69.0, 64.0, 59.0, 55.0, 52.0, 50.0, 50.0, 51.0, 58.0, 75.0, 98.0, 114.0, 119.0, 118.0, 115.0, 113.0, 110.0, 105.0, 97.0, 88.0, 80.0, 76.0, 74.0, 71.0, 67.0, 62.0, 58.0, 54.0, 51.0, 50.0, 50.0, 51.0, 56.0, 69.0, 87.0, 99.0, 100.0, 95.0, 91.0, 89.0, 87.0, 85.0, 83.0, 81.0, 78.0, 71.0, 63.0, 57.0, 56.0, 56.0, 57.0, 56.0, 56.0], ""sulphur_dioxide"": [4.7, 4.8, 5.0, 5.3, 5.9, 6.7, 7.1, 6.8, 6.2, 5.6, 5.2, 4.8, 4.6, 4.6, 4.7, 4.9, 5.5, 6.2, 6.5, 5.9, 4.8, 4.0, 3.8, 4.0, 4.2, 4.5, 4.9, 5.2, 5.2, 5.0, 4.8, 4.6, 4.3, 4.1, 4.0, 4.0, 4.1, 4.5, 5.0, 5.4, 5.6, 5.8, 6.0, 6.4, 6.8, 7.3, 7.8, 8.3, 8.6, 8.8, 8.8, 8.6, 7.9, 6.9, 6.0, 5.3, 4.6, 4.1, 3.7, 3.4, 3.2, 3.2, 3.3, 3.3, 3.2, 3.1, 3.0, 2.8, 2.5, 2.4, 2.6, 3.0, 3.7, 5.1, 6.9, 8.1, 8.4, 8.2, 7.8, 7.1, 6.2, 5.5, 5.1, 4.8, 4.6, 4.5, 4.4, 4.2, 3.8, 3.4, 3.0, 2.8, 2.8, 2.7, 2.6, 2.5, 2.5, 2.8, 3.3, 3.7, 3.9, 4.0, 3.9, 3.5, 2.9, 2.5, 2.3, 2.2, 2.4, 3.0, 3.9, 4.3, 4.0, 3.3, 2.7, 2.4, 2.1, 1.9, 1.8, 1.7], ""ammonia"": [null, null, null, null, null, null, null, null, null, null, null, null, null, null, null, null, null, null, null, null, null, null, null, null, null, null, null, null, null, null, null, null, null, null, null, null, null, null, null, null, null, null, null, null, null, null, null, null, null, null, null, null, null, null, null, null, null, null, null, null, null, null, null, null, null, null, null, null, null, null, null, null, null, null, null, null, null, null, null, null, null, null, null, null, null, null, null, null, null, null, null, null, null, null, null, null, null, null, null, null, null, null, null, null, null, null, null, null, null, null, null, null, null, null, null, null, null, null, null, null], ""us_aqi"": [89, 89, 88, 88, 86, 84, 82, 81, 81, 81, 81, 82, 90, 93, 91, 86, 87, 87, 87, 87, 88, 90, 94, 98, 102, 106, 110, 112, 114, 115, 117, 119, 120, 122, 124, 125, 127, 129, 131, 132, 133, 133, 134, 134, 134, 133, 132, 130, 127, 124, 122, 120, 119, 118, 118, 118, 118, 118, 118, 118, 117, 116, 114, 113, 111, 110, 109, 108, 105, 101, 98, 95, 94, 93, 93, 94, 95, 97, 98, 99, 101, 102, 103, 104, 105, 107, 108, 109, 110, 111, 111, 112, 112, 112, 113, 113, 113, 113, 112, 111, 110, 109, 108, 107, 107, 106, 106, 106, 105, 105, 105, 106, 107, 109, 111, 113, 114, 115, 116, 116]}}}"
2026-07-27T20:23:32.466849+00:00,Sukkur,PK,27.7052,68.8484,,,,,,,,,,,,,,,,,aqicn,success,1.1674538999795914,"{""air_quality"": {""status"": ""error"", ""data"": ""Invalid key""}}"
2026-07-27T20:23:32.277972+00:00,Khairpur Mir's,PK,27.5295,68.7592,35.37,46.0,995.0,6.79,185.0,22.0,,4.0,28.0,119.21,97.35,0.0,1.48,1.64,44.06,3.73,openweather,success,0.9755716000217944,"{""weather"": {""coord"": {""lon"": 68.7592, ""lat"": 27.5295}, ""weather"": [{""id"": 801, ""main"": ""Clouds"", ""description"": ""few clouds"", ""icon"": ""02n""}], ""base"": ""stations"", ""main"": {""temp"": 35.37, ""feels_like"": 39.99, ""temp_min"": 35.37, ""temp_max"": 35.37, ""pressure"": 995, ""humidity"": 46, ""sea_level"": 995, ""grnd_level"": 988}, ""visibility"": 10000, ""wind"": {""speed"": 6.79, ""deg"": 185, ""gust"": 9.89}, ""clouds"": {""all"": 22}, ""dt"": 1785183811, ""sys"": {""country"": ""PK"", ""sunrise"": 1785199551, ""sunset"": 1785248211}, ""timezone"": 18000, ""id"": 1162004, ""name"": ""Khairpur"", ""cod"": 200}, ""air_quality"": {""coord"": {""lon"": 68.7592, ""lat"": 27.5295}, ""list"": [{""main"": {""aqi"": 4}, ""components"": {""co"": 97.35, ""no"": 0, ""no2"": 1.48, ""o3"": 44.06, ""so2"": 1.64, ""pm2_5"": 28, ""pm10"": 119.21, ""nh3"": 3.73}, ""dt"": 1785183811}]}}"
2026-07-27T20:15,Khairpur Mir's,PK,27.5295,68.7592,32.8,57.0,995.1,13.6,188.0,17.0,0.0,89.0,27.7,29.6,560.0,,18.3,4.7,38.0,,openmeteo,success,1.4414156000129879,"{""weather"": {""latitude"": 27.521967, ""longitude"": 68.734604, ""generationtime_ms"": 2.770662307739258, ""utc_offset_seconds"": 0, ""timezone"": ""GMT"", ""timezone_abbreviation"": ""GMT"", ""elevation"": 60.0, ""current_units"": {""time"": ""iso8601"", ""interval"": ""seconds"", ""temperature_2m"": ""°C"", ""relative_humidity_2m"": ""%"", ""pressure_msl"": ""hPa"", ""wind_speed_10m"": ""km/h"", ""wind_direction_10m"": ""°"", ""cloud_cover"": ""%"", ""rain"": ""mm""}, ""current"": {""time"": ""2026-07-27T20:15"", ""interval"": 900, ""temperature_2m"": 32.8, ""relative_humidity_2m"": 57, ""pressure_msl"": 995.1, ""wind_speed_10m"": 13.6, ""wind_direction_10m"": 188, ""cloud_cover"": 17, ""rain"": 0.0}}, ""air_quality"": {""latitude"": 27.5, ""longitude"": 68.8, ""generationtime_ms"": 0.26786327362060547, ""utc_offset_seconds"": 0, ""timezone"": ""GMT"", ""timezone_abbreviation"": ""GMT"", ""elevation"": 60.0, ""hourly_units"": {""time"": ""iso8601"", ""pm10"": ""μg/m³"", ""pm2_5"": ""μg/m³"", ""carbon_monoxide"": ""μg/m³"", ""nitrogen_dioxide"": ""μg/m³"", ""ozone"": ""μg/m³"", ""sulphur_dioxide"": ""μg/m³"", ""ammonia"": ""μg/m³"", ""us_aqi"": ""USAQI""}, ""hourly"": {""time"": [""2026-07-27T00:00"", ""2026-07-27T01:00"", ""2026-07-27T02:00"", ""2026-07-27T03:00"", ""2026-07-27T04:00"", ""2026-07-27T05:00"", ""2026-07-27T06:00"", ""2026-07-27T07:00"", ""2026-07-27T08:00"", ""2026-07-27T09:00"", ""2026-07-27T10:00"", ""2026-07-27T11:00"", ""2026-07-27T12:00"", ""2026-07-27T13:00"", ""2026-07-27T14:00"", ""2026-07-27T15:00"", ""2026-07-27T16:00"", ""2026-07-27T17:00"", ""2026-07-27T18:00"", ""2026-07-27T19:00"", ""2026-07-27T20:00"", ""2026-07-27T21:00"", ""2026-07-27T22:00"", ""2026-07-27T23:00"", ""2026-07-28T00:00"", ""2026-07-28T01:00"", ""2026-07-28T02:00"", ""2026-07-28T03:00"", ""2026-07-28T04:00"", ""2026-07-28T05:00"", ""2026-07-28T06:00"", ""2026-07-28T07:00"", ""2026-07-28T08:00"", ""2026-07-28T09:00"", ""2026-07-28T10:00"", ""2026-07-28T11:00"", ""2026-07-28T12:00"", ""2026-07-28T13:00"", ""2026-07-28T14:00"", ""2026-07-28T15:00"", ""2026-07-28T16:00"", ""2026-07-28T17:00"", ""2026-07-28T18:00"", ""2026-07-28T19:00"", ""2026-07-28T20:00"", ""2026-07-28T21:00"", ""2026-07-28T22:00"", ""2026-07-28T23:00"", ""2026-07-29T00:00"", ""2026-07-29T01:00"", ""2026-07-29T02:00"", ""2026-07-29T03:00"", ""2026-07-29T04:00"", ""2026-07-29T05:00"", ""2026-07-29T06:00"", ""2026-07-29T07:00"", ""2026-07-29T08:00"", ""2026-07-29T09:00"", ""2026-07-29T10:00"", ""2026-07-29T11:00"", ""2026-07-29T12:00"", ""2026-07-29T13:00"", ""2026-07-29T14:00"", ""2026-07-29T15:00"", ""2026-07-29T16:00"", ""2026-07-29T17:00"", ""2026-07-29T18:00"", ""2026-07-29T19:00"", ""2026-07-29T20:00"", ""2026-07-29T21:00"", ""2026-07-29T22:00"", ""2026-07-29T23:00"", ""2026-07-30T00:00"", ""2026-07-30T01:00"", ""2026-07-30T02:00"", ""2026-07-30T03:00"", ""2026-07-30T04:00"", ""2026-07-30T05:00"", ""2026-07-30T06:00"", ""2026-07-30T07:00"", ""2026-07-30T08:00"", ""2026-07-30T09:00"", ""2026-07-30T10:00"", ""2026-07-30T11:00"", ""2026-07-30T12:00"", ""2026-07-30T13:00"", ""2026-07-30T14:00"", ""2026-07-30T15:00"", ""2026-07-30T16:00"", ""2026-07-30T17:00"", ""2026-07-30T18:00"", ""2026-07-30T19:00"", ""2026-07-30T20:00"", ""2026-07-30T21:00"", ""2026-07-30T22:00"", ""2026-07-30T23:00"", ""2026-07-31T00:00"", ""2026-07-31T01:00"", ""2026-07-31T02:00"", ""2026-07-31T03:00"", ""2026-07-31T04:00"", ""2026-07-31T05:00"", ""2026-07-31T06:00"", ""2026-07-31T07:00"", ""2026-07-31T08:00"", ""2026-07-31T09:00"", ""2026-07-31T10:00"", ""2026-07-31T11:00"", ""2026-07-31T12:00"", ""2026-07-31T13:00"", ""2026-07-31T14:00"", ""2026-07-31T15:00"", ""2026-07-31T16:00"", ""2026-07-31T17:00"", ""2026-07-31T18:00"", ""2026-07-31T19:00"", ""2026-07-31T20:00"", ""2026-07-31T21:00"", ""2026-07-31T22:00"", ""2026-07-31T23:00""], ""pm10"": [29.6, 27.2, 25.1, 17.5, 15.8, 21.0, 28.9, 36.7, 44.9, 50.6, 57.4, 63.1, 65.7, 68.7, 66.6, 68.7, 72.6, 76.8, 99.9, 154.1, 206.3, 218.9, 209.5, 192.3, 165.3, 135.5, 105.5, 82.4, 78.7, 95.2, 111.5, 118.0, 124.3, 131.3, 141.6, 149.5, 157.4, 157.9, 135.5, 108.5, 88.2, 81.5, 105.7, 154.1, 177.0, 169.5, 144.4, 115.9, 85.2, 65.7, 54.0, 53.4, 61.0, 72.9, 89.6, 107.8, 122.5, 122.5, 114.3, 104.8, 95.7, 85.7, 73.1, 64.3, 58.9, 54.4, 52.5, 52.5, 52.6, 52.7, 53.8, 56.8, 62.4, 69.6, 79.6, 92.7, 107.6, 131.8, 157.4, 156.9, 156.5, 157.9, 161.1, 160.7, 155.5, 144.4, 118.3, 90.6, 73.8, 63.8, 61.0, 61.5, 62.9, 64.7, 65.4, 62.9, 59.6, 55.8, 54.7, 55.6, 66.4, 101.0, 135.0, 152.3, 157.4, 158.3, 158.3, 155.5, 156.9, 165.3, 166.2, 141.1, 151.3, 113.9, 95.5, 85.0, 88.7, 88.5, 80.6, 77.3], ""pm2_5"": [27.7, 26.1, 24.4, 16.6, 14.1, 15.0, 17.7, 20.3, 22.3, 23.7, 25.4, 27.3, 28.9, 31.1, 34.0, 37.1, 38.1, 38.6, 43.2, 55.6, 70.8, 79.4, 80.6, 76.1, 67.8, 57.2, 45.3, 34.9, 30.3, 31.4, 34.0, 35.3, 36.7, 38.6, 41.3, 43.9, 46.6, 48.4, 48.4, 46.2, 42.1, 39.8, 45.1, 57.2, 65.7, 65.7, 59.0, 49.7, 40.5, 32.8, 27.6, 25.7, 26.4, 28.7, 31.9, 35.3, 38.4, 39.3, 38.5, 37.1, 35.5, 34.0, 32.9, 32.4, 31.2, 30.2, 29.5, 28.8, 28.6, 28.6, 28.9, 30.0, 32.1, 34.9, 38.1, 40.5, 42.6, 46.6, 50.8, 49.9, 49.0, 48.8, 49.0, 49.0, 48.4, 47.1, 45.1, 41.8, 37.8, 34.6, 32.8, 31.9, 31.4, 31.2, 31.0, 30.5, 29.9, 29.5, 29.8, 30.7, 33.5, 37.7, 41.9, 44.7, 45.6, 45.6, 45.5, 44.8, 45.4, 48.3, 52.2, 55.3, 57.6, 52.0, 47.8, 44.7, 41.6, 37.3, 35.4, 34.8], ""carbon_monoxide"": [560.0, 482.0, 428.0, 385.0, 353.0, 331.0, 311.0, 289.0, 268.0, 246.0, 213.0, 179.0, 175.0, 234.0, 322.0, 368.0, 332.0, 253.0, 187.0, 151.0, 126.0, 110.0, 102.0, 102.0, 106.0, 116.0, 130.0, 139.0, 139.0, 135.0, 131.0, 131.0, 131.0, 132.0, 133.0, 134.0, 137.0, 144.0, 154.0, 163.0, 171.0, 178.0, 182.0, 181.0, 176.0, 171.0, 166.0, 161.0, 158.0, 158.0, 159.0, 159.0, 155.0, 150.0, 144.0, 138.0, 132.0, 128.0, 126.0, 125.0, 127.0, 134.0, 143.0, 149.0, 148.0, 144.0, 138.0, 129.0, 118.0, 111.0, 109.0, 111.0, 123.0, 157.0, 202.0, 229.0, 222.0, 198.0, 177.0, 166.0, 157.0, 152.0, 146.0, 142.0, 152.0, 194.0, 249.0, 276.0, 246.0, 187.0, 141.0, 126.0, 123.0, 123.0, 120.0, 119.0, 121.0, 130.0, 143.0, 151.0, 148.0, 140.0, 134.0, 133.0, 134.0, 136.0, 138.0, 141.0, 145.0, 153.0, 162.0, 167.0, 164.0, 158.0, 153.0, 153.0, 155.0, 157.0, 157.0, 156.0], ""nitrogen_dioxide"": [18.3, 15.0, 10.5, 6.7, 4.4, 2.9, 1.8, 1.2, 1.2, 1.2, 1.1, 1.2, 1.7, 3.4, 5.5, 6.8, 6.2, 4.8, 3.8, 3.9, 4.4, 4.9, 5.4, 5.9, 6.2, 6.1, 5.7, 5.1, 4.0, 2.6, 1.6, 1.1, 0.9, 0.9, 0.9, 1.0, 1.5, 2.7, 4.2, 5.2, 5.0, 4.3, 3.8, 4.0, 4.4, 4.9, 5.6, 6.3, 6.8, 6.9, 6.6, 6.0, 4.8, 3.2, 1.9, 1.3, 1.1, 1.0, 0.9, 1.0, 1.4, 2.4, 3.6, 4.4, 4.3, 3.7, 3.3, 3.4, 3.7, 4.0, 4.3, 4.7, 5.1, 5.7, 6.3, 6.3, 5.1, 3.3, 1.9, 1.3, 1.1, 1.0, 0.9, 1.0, 1.4, 2.5, 3.8, 4.6, 4.2, 3.1, 2.4, 2.3, 2.5, 2.7, 2.8, 3.0, 3.2, 3.5, 3.9, 3.9, 3.2, 2.1, 1.3, 0.9, 0.8, 0.8, 0.8, 0.9, 1.4, 2.6, 4.1, 5.3, 5.9, 6.1, 5.9, 5.1, 4.0, 3.2, 3.2, 3.5], ""ozone"": [38.0, 53.0, 74.0, 93.0, 109.0, 124.0, 135.0, 139.0, 139.0, 137.0, 135.0, 131.0, 125.0, 114.0, 100.0, 90.0, 88.0, 89.0, 86.0, 74.0, 58.0, 46.0, 40.0, 37.0, 36.0, 36.0, 38.0, 44.0, 57.0, 75.0, 88.0, 94.0, 96.0, 97.0, 98.0, 98.0, 97.0, 96.0, 93.0, 92.0, 93.0, 94.0, 92.0, 86.0, 77.0, 68.0, 60.0, 53.0, 48.0, 44.0, 43.0, 47.0, 61.0, 81.0, 96.0, 102.0, 104.0, 103.0, 101.0, 96.0, 91.0, 86.0, 80.0, 76.0, 75.0, 74.0, 73.0, 69.0, 64.0, 59.0, 55.0, 52.0, 50.0, 50.0, 51.0, 58.0, 75.0, 98.0, 114.0, 119.0, 118.0, 115.0, 113.0, 110.0, 105.0, 97.0, 88.0, 80.0, 76.0, 74.0, 71.0, 67.0, 62.0, 58.0, 54.0, 51.0, 50.0, 50.0, 51.0, 56.0, 69.0, 87.0, 99.0, 100.0, 95.0, 91.0, 89.0, 87.0, 85.0, 83.0, 81.0, 78.0, 71.0, 63.0, 57.0, 56.0, 56.0, 57.0, 56.0, 56.0], ""sulphur_dioxide"": [4.7, 4.8, 5.0, 5.3, 5.9, 6.7, 7.1, 6.8, 6.2, 5.6, 5.2, 4.8, 4.6, 4.6, 4.7, 4.9, 5.5, 6.2, 6.5, 5.9, 4.8, 4.0, 3.8, 4.0, 4.2, 4.5, 4.9, 5.2, 5.2, 5.0, 4.8, 4.6, 4.3, 4.1, 4.0, 4.0, 4.1, 4.5, 5.0, 5.4, 5.6, 5.8, 6.0, 6.4, 6.8, 7.3, 7.8, 8.3, 8.6, 8.8, 8.8, 8.6, 7.9, 6.9, 6.0, 5.3, 4.6, 4.1, 3.7, 3.4, 3.2, 3.2, 3.3, 3.3, 3.2, 3.1, 3.0, 2.8, 2.5, 2.4, 2.6, 3.0, 3.7, 5.1, 6.9, 8.1, 8.4, 8.2, 7.8, 7.1, 6.2, 5.5, 5.1, 4.8, 4.6, 4.5, 4.4, 4.2, 3.8, 3.4, 3.0, 2.8, 2.8, 2.7, 2.6, 2.5, 2.5, 2.8, 3.3, 3.7, 3.9, 4.0, 3.9, 3.5, 2.9, 2.5, 2.3, 2.2, 2.4, 3.0, 3.9, 4.3, 4.0, 3.3, 2.7, 2.4, 2.1, 1.9, 1.8, 1.7], ""ammonia"": [null, null, null, null, null, null, null, null, null, null, null, null, null, null, null, null, null, null, null, null, null, null, null, null, null, null, null, null, null, null, null, null, null, null, null, null, null, null, null, null, null, null, null, null, null, null, null, null, null, null, null, null, null, null, null, null, null, null, null, null, null, null, null, null, null, null, null, null, null, null, null, null, null, null, null, null, null, null, null, null, null, null, null, null, null, null, null, null, null, null, null, null, null, null, null, null, null, null, null, null, null, null, null, null, null, null, null, null, null, null, null, null, null, null, null, null, null, null, null, null], ""us_aqi"": [89, 89, 88, 88, 86, 84, 82, 81, 81, 81, 81, 82, 90, 93, 91, 86, 87, 87, 87, 87, 88, 90, 94, 98, 102, 106, 110, 112, 114, 115, 117, 119, 120, 122, 124, 125, 127, 129, 131, 132, 133, 133, 134, 134, 134, 133, 132, 130, 127, 124, 122, 120, 119, 118, 118, 118, 118, 118, 118, 118, 117, 116, 114, 113, 111, 110, 109, 108, 105, 101, 98, 95, 94, 93, 93, 94, 95, 97, 98, 99, 101, 102, 103, 104, 105, 107, 108, 109, 110, 111, 111, 112, 112, 112, 113, 113, 113, 113, 112, 111, 110, 109, 108, 107, 107, 106, 106, 106, 105, 105, 105, 106, 107, 109, 111, 113, 114, 115, 116, 116]}}}"
2026-07-27T20:23:32.533200+00:00,Khairpur Mir's,PK,27.5295,68.7592,,,,,,,,,,,,,,,,,aqicn,success,1.2247887999983504,"{""air_quality"": {""status"": ""error"", ""data"": ""Invalid key""}}"
2026-07-27T20:23:32.850333+00:00,Larkana,PK,27.5598,68.212,36.83,39.0,994.0,5.22,162.0,37.0,,4.0,29.16,126.98,82.88,0.0,1.18,1.9,42.52,3.16,openweather,success,0.5805457999231294,"{""weather"": {""coord"": {""lon"": 68.212, ""lat"": 27.5598}, ""weather"": [{""id"": 802, ""main"": ""Clouds"", ""description"": ""scattered clouds"", ""icon"": ""03n""}], ""base"": ""stations"", ""main"": {""temp"": 36.83, ""feels_like"": 40.47, ""temp_min"": 36.83, ""temp_max"": 36.83, ""pressure"": 994, ""humidity"": 39, ""sea_level"": 994, ""grnd_level"": 988}, ""visibility"": 10000, ""wind"": {""speed"": 5.22, ""deg"": 162, ""gust"": 8.56}, ""clouds"": {""all"": 37}, ""dt"": 1785183812, ""sys"": {""country"": ""PK"", ""sunrise"": 1785199679, ""sunset"": 1785248345}, ""timezone"": 18000, ""id"": 1172128, ""name"": ""Larkana"", ""cod"": 200}, ""air_quality"": {""coord"": {""lon"": 68.212, ""lat"": 27.5598}, ""list"": [{""main"": {""aqi"": 4}, ""components"": {""co"": 82.88, ""no"": 0, ""no2"": 1.18, ""o3"": 42.52, ""so2"": 1.9, ""pm2_5"": 29.16, ""pm10"": 126.98, ""nh3"": 3.16}, ""dt"": 1785183812}]}}"
2026-07-27T20:15,Larkana,PK,27.5598,68.212,32.9,55.0,994.6,10.0,172.0,54.0,0.0,116.0,52.2,60.3,598.0,,31.1,7.2,31.0,,openmeteo,success,1.240964399999939,"{""weather"": {""latitude"": 27.592266, ""longitude"": 68.206276, ""generationtime_ms"": 0.13339519500732422, ""utc_offset_seconds"": 0, ""timezone"": ""GMT"", ""timezone_abbreviation"": ""GMT"", ""elevation"": 51.0, ""current_units"": {""time"": ""iso8601"", ""interval"": ""seconds"", ""temperature_2m"": ""°C"", ""relative_humidity_2m"": ""%"", ""pressure_msl"": ""hPa"", ""wind_speed_10m"": ""km/h"", ""wind_direction_10m"": ""°"", ""cloud_cover"": ""%"", ""rain"": ""mm""}, ""current"": {""time"": ""2026-07-27T20:15"", ""interval"": 900, ""temperature_2m"": 32.9, ""relative_humidity_2m"": 55, ""pressure_msl"": 994.6, ""wind_speed_10m"": 10.0, ""wind_direction_10m"": 172, ""cloud_cover"": 54, ""rain"": 0.0}}, ""air_quality"": {""latitude"": 27.599998, ""longitude"": 68.2, ""generationtime_ms"": 0.2894401550292969, ""utc_offset_seconds"": 0, ""timezone"": ""GMT"", ""timezone_abbreviation"": ""GMT"", ""elevation"": 51.0, ""hourly_units"": {""time"": ""iso8601"", ""pm10"": ""μg/m³"", ""pm2_5"": ""μg/m³"", ""carbon_monoxide"": ""μg/m³"", ""nitrogen_dioxide"": ""μg/m³"", ""ozone"": ""μg/m³"", ""sulphur_dioxide"": ""μg/m³"", ""ammonia"": ""μg/m³"", ""us_aqi"": ""USAQI""}, ""hourly"": {""time"": [""2026-07-27T00:00"", ""2026-07-27T01:00"", ""2026-07-27T02:00"", ""2026-07-27T03:00"", ""2026-07-27T04:00"", ""2026-07-27T05:00"", ""2026-07-27T06:00"", ""2026-07-27T07:00"", ""2026-07-27T08:00"", ""2026-07-27T09:00"", ""2026-07-27T10:00"", ""2026-07-27T11:00"", ""2026-07-27T12:00"", ""2026-07-27T13:00"", ""2026-07-27T14:00"", ""2026-07-27T15:00"", ""2026-07-27T16:00"", ""2026-07-27T17:00"", ""2026-07-27T18:00"", ""2026-07-27T19:00"", ""2026-07-27T20:00"", ""2026-07-27T21:00"", ""2026-07-27T22:00"", ""2026-07-27T23:00"", ""2026-07-28T00:00"", ""2026-07-28T01:00"", ""2026-07-28T02:00"", ""2026-07-28T03:00"", ""2026-07-28T04:00"", ""2026-07-28T05:00"", ""2026-07-28T06:00"", ""2026-07-28T07:00"", ""2026-07-28T08:00"", ""2026-07-28T09:00"", ""2026-07-28T10:00"", ""2026-07-28T11:00"", ""2026-07-28T12:00"", ""2026-07-28T13:00"", ""2026-07-28T14:00"", ""2026-07-28T15:00"", ""2026-07-28T16:00"", ""2026-07-28T17:00"", ""2026-07-28T18:00"", ""2026-07-28T19:00"", ""2026-07-28T20:00"", ""2026-07-28T21:00"", ""2026-07-28T22:00"", ""2026-07-28T23:00"", ""2026-07-29T00:00"", ""2026-07-29T01:00"", ""2026-07-29T02:00"", ""2026-07-29T03:00"", ""2026-07-29T04:00"", ""2026-07-29T05:00"", ""2026-07-29T06:00"", ""2026-07-29T07:00"", ""2026-07-29T08:00"", ""2026-07-29T09:00"", ""2026-07-29T10:00"", ""2026-07-29T11:00"", ""2026-07-29T12:00"", ""2026-07-29T13:00"", ""2026-07-29T14:00"", ""2026-07-29T15:00"", ""2026-07-29T16:00"", ""2026-07-29T17:00"", ""2026-07-29T18:00"", ""2026-07-29T19:00"", ""2026-07-29T20:00"", ""2026-07-29T21:00"", ""2026-07-29T22:00"", ""2026-07-29T23:00"", ""2026-07-30T00:00"", ""2026-07-30T01:00"", ""2026-07-30T02:00"", ""2026-07-30T03:00"", ""2026-07-30T04:00"", ""2026-07-30T05:00"", ""2026-07-30T06:00"", ""2026-07-30T07:00"", ""2026-07-30T08:00"", ""2026-07-30T09:00"", ""2026-07-30T10:00"", ""2026-07-30T11:00"", ""2026-07-30T12:00"", ""2026-07-30T13:00"", ""2026-07-30T14:00"", ""2026-07-30T15:00"", ""2026-07-30T16:00"", ""2026-07-30T17:00"", ""2026-07-30T18:00"", ""2026-07-30T19:00"", ""2026-07-30T20:00"", ""2026-07-30T21:00"", ""2026-07-30T22:00"", ""2026-07-30T23:00"", ""2026-07-31T00:00"", ""2026-07-31T01:00"", ""2026-07-31T02:00"", ""2026-07-31T03:00"", ""2026-07-31T04:00"", ""2026-07-31T05:00"", ""2026-07-31T06:00"", ""2026-07-31T07:00"", ""2026-07-31T08:00"", ""2026-07-31T09:00"", ""2026-07-31T10:00"", ""2026-07-31T11:00"", ""2026-07-31T12:00"", ""2026-07-31T13:00"", ""2026-07-31T14:00"", ""2026-07-31T15:00"", ""2026-07-31T16:00"", ""2026-07-31T17:00"", ""2026-07-31T18:00"", ""2026-07-31T19:00"", ""2026-07-31T20:00"", ""2026-07-31T21:00"", ""2026-07-31T22:00"", ""2026-07-31T23:00""], ""pm10"": [60.3, 54.4, 47.6, 32.8, 21.2, 24.5, 32.2, 41.3, 52.0, 63.6, 71.0, 74.5, 76.6, 75.2, 80.1, 94.3, 95.0, 94.1, 122.9, 166.7, 201.2, 217.0, 223.1, 217.9, 204.4, 187.2, 175.6, 166.7, 167.6, 183.5, 191.4, 189.1, 184.4, 182.5, 185.3, 190.5, 198.4, 205.4, 176.5, 181.6, 177.0, 152.7, 168.1, 215.1, 236.1, 241.2, 226.3, 196.0, 156.9, 128.5, 111.3, 107.6, 112.5, 122.9, 131.8, 143.4, 160.7, 168.1, 159.3, 146.2, 134.6, 120.6, 92.4, 81.7, 65.9, 53.3, 49.7, 47.0, 46.2, 51.8, 60.3, 68.9, 78.2, 88.0, 102.2, 143.4, 168.1, 190.0, 207.2, 208.6, 204.9, 202.1, 199.8, 197.0, 188.6, 171.4, 129.5, 115.3, 90.1, 65.0, 55.9, 53.7, 54.7, 57.3, 58.2, 56.7, 53.9, 50.9, 50.3, 53.6, 67.8, 99.2, 122.5, 131.8, 144.4, 154.6, 163.4, 166.7, 169.0, 171.4, 149.0, 143.0, 136.9, 121.1, 102.4, 85.2, 77.3, 74.5, 69.4, 67.1], ""pm2_5"": [52.2, 48.5, 44.5, 31.1, 19.2, 18.9, 21.8, 24.6, 27.0, 29.9, 32.4, 33.6, 34.7, 36.7, 43.2, 54.4, 57.9, 51.3, 54.9, 65.0, 76.4, 85.0, 89.6, 89.9, 86.8, 81.3, 73.8, 64.0, 57.7, 56.8, 56.8, 55.9, 54.2, 53.3, 53.3, 54.6, 56.9, 59.8, 64.5, 73.6, 78.9, 73.8, 71.5, 80.3, 88.5, 91.5, 88.0, 79.6, 69.2, 58.8, 49.6, 44.0, 42.3, 42.6, 43.1, 43.7, 45.5, 47.1, 46.4, 44.5, 42.5, 40.5, 40.2, 41.6, 38.0, 33.5, 31.3, 29.5, 28.9, 30.2, 32.0, 34.2, 37.4, 41.4, 47.4, 56.1, 61.7, 65.2, 66.1, 63.8, 61.2, 59.5, 58.1, 56.9, 55.3, 52.7, 51.3, 53.4, 48.3, 38.5, 33.4, 31.1, 30.2, 29.8, 29.7, 29.5, 29.2, 29.3, 30.3, 32.4, 37.1, 42.4, 43.7, 44.4, 46.3, 47.5, 48.4, 48.5, 48.9, 49.7, 53.2, 58.8, 59.0, 55.5, 47.8, 41.3, 37.6, 34.7, 32.6, 31.8], ""carbon_monoxide"": [598.0, 608.0, 627.0, 604.0, 494.0, 342.0, 226.0, 185.0, 181.0, 178.0, 159.0, 141.0, 140.0, 171.0, 219.0, 259.0, 287.0, 306.0, 306.0, 272.0, 217.0, 177.0, 165.0, 167.0, 170.0, 171.0, 174.0, 175.0, 173.0, 168.0, 163.0, 156.0, 147.0, 141.0, 132.0, 125.0, 138.0, 197.0, 276.0, 318.0, 284.0, 213.0, 162.0, 158.0, 174.0, 189.0, 193.0, 196.0, 200.0, 210.0, 221.0, 224.0, 212.0, 193.0, 176.0, 165.0, 157.0, 151.0, 143.0, 136.0, 140.0, 166.0, 204.0, 228.0, 228.0, 216.0, 201.0, 184.0, 165.0, 152.0, 147.0, 147.0, 155.0, 175.0, 203.0, 221.0, 223.0, 216.0, 208.0, 200.0, 191.0, 183.0, 175.0, 169.0, 174.0, 202.0, 242.0, 264.0, 254.0, 226.0, 200.0, 179.0, 159.0, 146.0, 142.0, 145.0, 150.0, 159.0, 170.0, 178.0, 179.0, 176.0, 172.0, 167.0, 161.0, 155.0, 149.0, 143.0, 145.0, 162.0, 187.0, 204.0, 205.0, 199.0, 191.0, 182.0, 171.0, 165.0, 168.0, 176.0], ""nitrogen_dioxide"": [31.1, 25.5, 17.7, 11.2, 7.2, 4.4, 2.5, 1.5, 1.4, 1.5, 1.1, 0.9, 1.9, 5.6, 10.6, 13.6, 12.6, 9.7, 7.3, 6.4, 6.1, 6.1, 6.6, 7.4, 7.8, 7.4, 6.5, 5.5, 4.3, 2.9, 1.8, 1.3, 1.1, 1.1, 0.8, 0.5, 1.6, 5.3, 10.3, 13.5, 13.5, 11.8, 10.0, 8.4, 6.8, 5.9, 6.4, 7.6, 8.4, 8.4, 8.0, 7.2, 5.7, 3.8, 2.3, 1.6, 1.2, 1.1, 0.9, 0.9, 1.5, 3.5, 6.2, 7.8, 7.1, 5.4, 4.1, 3.9, 4.2, 4.7, 5.3, 6.1, 6.7, 7.1, 7.3, 6.9, 5.6, 3.7, 2.2, 1.5, 1.2, 1.1, 0.9, 0.8, 1.5, 3.9, 7.1, 8.8, 7.6, 4.9, 2.9, 2.5, 2.8, 3.2, 3.7, 4.3, 4.7, 5.0, 5.1, 4.9, 4.0, 2.6, 1.6, 1.2, 1.0, 1.0, 0.8, 0.8, 1.5, 3.9, 7.1, 8.9, 8.2, 6.1, 4.5, 4.0, 4.0, 4.0, 4.0, 4.0], ""ozone"": [31.0, 45.0, 64.0, 83.0, 102.0, 120.0, 133.0, 138.0, 138.0, 137.0, 136.0, 133.0, 127.0, 114.0, 98.0, 84.0, 77.0, 73.0, 68.0, 59.0, 49.0, 41.0, 36.0, 33.0, 32.0, 33.0, 36.0, 43.0, 58.0, 77.0, 92.0, 100.0, 103.0, 105.0, 105.0, 103.0, 99.0, 90.0, 79.0, 71.0, 68.0, 68.0, 67.0, 64.0, 60.0, 56.0, 52.0, 47.0, 44.0, 42.0, 41.0, 46.0, 63.0, 85.0, 103.0, 111.0, 115.0, 115.0, 113.0, 109.0, 102.0, 91.0, 78.0, 69.0, 69.0, 73.0, 76.0, 74.0, 71.0, 67.0, 61.0, 55.0, 51.0, 50.0, 51.0, 58.0, 76.0, 100.0, 118.0, 125.0, 127.0, 126.0, 125.0, 123.0, 117.0, 104.0, 87.0, 75.0, 72.0, 74.0, 75.0, 72.0, 68.0, 63.0, 57.0, 51.0, 48.0, 48.0, 52.0, 60.0, 77.0, 99.0, 114.0, 116.0, 110.0, 105.0, 104.0, 102.0, 99.0, 91.0, 80.0, 72.0, 68.0, 66.0, 63.0, 59.0, 54.0, 51.0, 50.0, 50.0], ""sulphur_dioxide"": [7.2, 7.0, 6.7, 6.6, 6.9, 7.4, 7.7, 7.5, 7.0, 6.5, 6.0, 5.6, 5.4, 5.8, 6.6, 7.1, 7.1, 6.8, 6.4, 5.8, 5.0, 4.4, 4.1, 4.0, 4.0, 4.1, 4.3, 4.6, 5.1, 5.7, 6.1, 6.0, 5.7, 5.4, 5.0, 4.6, 4.5, 5.2, 6.2, 6.9, 7.1, 7.0, 6.7, 6.1, 5.3, 5.0, 5.4, 6.3, 7.1, 7.8, 8.5, 8.8, 8.6, 7.9, 7.3, 6.7, 6.0, 5.4, 4.8, 4.3, 4.0, 4.0, 4.3, 4.4, 4.3, 4.1, 3.9, 3.7, 3.5, 3.4, 3.5, 3.7, 4.2, 5.2, 6.6, 7.5, 7.8, 7.7, 7.5, 7.1, 6.6, 6.1, 5.7, 5.3, 5.1, 5.2, 5.5, 5.5, 5.0, 4.2, 3.5, 3.2, 3.0, 2.9, 2.8, 2.8, 3.0, 3.6, 4.4, 5.1, 5.6, 5.9, 5.9, 5.3, 4.3, 3.5, 3.1, 2.9, 2.9, 3.4, 4.3, 4.7, 4.4, 3.7, 3.1, 2.7, 2.3, 2.0, 1.9, 1.9], ""ammonia"": [null, null, null, null, null, null, null, null, null, null, null, null, null, null, null, null, null, null, null, null, null, null, null, null, null, null, null, null, null, null, null, null, null, null, null, null, null, null, null, null, null, null, null, null, null, null, null, null, null, null, null, null, null, null, null, null, null, null, null, null, null, null, null, null, null, null, null, null, null, null, null, null, null, null, null, null, null, null, null, null, null, null, null, null, null, null, null, null, null, null, null, null, null, null, null, null, null, null, null, null, null, null, null, null, null, null, null, null, null, null, null, null, null, null, null, null, null, null, null, null], ""us_aqi"": [116, 118, 119, 120, 120, 118, 116, 115, 115, 114, 115, 115, 116, 117, 119, 120, 121, 121, 119, 117, 117, 118, 121, 124, 128, 132, 135, 138, 142, 146, 150, 151, 152, 153, 153, 154, 155, 155, 156, 157, 157, 158, 158, 159, 159, 160, 160, 160, 160, 159, 158, 158, 157, 157, 156, 156, 155, 155, 155, 155, 155, 154, 154, 153, 152, 151, 148, 144, 138, 132, 126, 120, 115, 112, 110, 110, 111, 113, 116, 118, 120, 122, 123, 124, 126, 127, 128, 129, 131, 132, 132, 132, 133, 133, 133, 132, 132, 131, 130, 128, 126, 123, 121, 118, 116, 115, 113, 112, 112, 111, 111, 111, 111, 112, 114, 116, 117, 118, 118, 118]}}}"
2026-07-27T20:23:33.499883+00:00,Larkana,PK,27.5598,68.212,,,,,,,,,,,,,,,,,aqicn,success,1.031693600001745,"{""air_quality"": {""status"": ""error"", ""data"": ""Invalid key""}}"
2026-07-27T20:23:32.883088+00:00,Gambat,PK,27.3517,68.5247,34.31,50.0,995.0,6.68,174.0,21.0,,4.0,27.98,121.88,91.12,0.0,1.24,1.46,43.16,2.86,openweather,success,0.600902899983339,"{""weather"": {""coord"": {""lon"": 68.5247, ""lat"": 27.3517}, ""weather"": [{""id"": 801, ""main"": ""Clouds"", ""description"": ""few clouds"", ""icon"": ""02n""}], ""base"": ""stations"", ""main"": {""temp"": 34.31, ""feels_like"": 39.08, ""temp_min"": 34.31, ""temp_max"": 34.31, ""pressure"": 995, ""humidity"": 50, ""sea_level"": 995, ""grnd_level"": 989}, ""visibility"": 10000, ""wind"": {""speed"": 6.68, ""deg"": 174, ""gust"": 10.17}, ""clouds"": {""all"": 21}, ""dt"": 1785183812, ""sys"": {""country"": ""PK"", ""sunrise"": 1785199627, ""sunset"": 1785248247}, ""timezone"": 18000, ""id"": 1179061, ""name"": ""Gambat"", ""cod"": 200}, ""air_quality"": {""coord"": {""lon"": 68.5247, ""lat"": 27.3517}, ""list"": [{""main"": {""aqi"": 4}, ""components"": {""co"": 91.12, ""no"": 0, ""no2"": 1.24, ""o3"": 43.16, ""so2"": 1.46, ""pm2_5"": 27.98, ""pm10"": 121.88, ""nh3"": 2.86}, ""dt"": 1785183812}]}}"
2026-07-27T20:15,Gambat,PK,27.3517,68.5247,32.1,60.0,995.1,14.6,175.0,8.0,0.0,122.0,35.4,37.5,879.0,,16.6,4.9,36.0,,openmeteo,success,1.1446044999174774,"{""weather"": {""latitude"": 27.311071, ""longitude"": 68.50446, ""generationtime_ms"": 1.8221139907836914, ""utc_offset_seconds"": 0, ""timezone"": ""GMT"", ""timezone_abbreviation"": ""GMT"", ""elevation"": 52.0, ""current_units"": {""time"": ""iso8601"", ""interval"": ""seconds"", ""temperature_2m"": ""°C"", ""relative_humidity_2m"": ""%"", ""pressure_msl"": ""hPa"", ""wind_speed_10m"": ""km/h"", ""wind_direction_10m"": ""°"", ""cloud_cover"": ""%"", ""rain"": ""mm""}, ""current"": {""time"": ""2026-07-27T20:15"", ""interval"": 900, ""temperature_2m"": 32.1, ""relative_humidity_2m"": 60, ""pressure_msl"": 995.1, ""wind_speed_10m"": 14.6, ""wind_direction_10m"": 175, ""cloud_cover"": 8, ""rain"": 0.0}}, ""air_quality"": {""latitude"": 27.400002, ""longitude"": 68.5, ""generationtime_ms"": 0.9628534317016602, ""utc_offset_seconds"": 0, ""timezone"": ""GMT"", ""timezone_abbreviation"": ""GMT"", ""elevation"": 52.0, ""hourly_units"": {""time"": ""iso8601"", ""pm10"": ""μg/m³"", ""pm2_5"": ""μg/m³"", ""carbon_monoxide"": ""μg/m³"", ""nitrogen_dioxide"": ""μg/m³"", ""ozone"": ""μg/m³"", ""sulphur_dioxide"": ""μg/m³"", ""ammonia"": ""μg/m³"", ""us_aqi"": ""USAQI""}, ""hourly"": {""time"": [""2026-07-27T00:00"", ""2026-07-27T01:00"", ""2026-07-27T02:00"", ""2026-07-27T03:00"", ""2026-07-27T04:00"", ""2026-07-27T05:00"", ""2026-07-27T06:00"", ""2026-07-27T07:00"", ""2026-07-27T08:00"", ""2026-07-27T09:00"", ""2026-07-27T10:00"", ""2026-07-27T11:00"", ""2026-07-27T12:00"", ""2026-07-27T13:00"", ""2026-07-27T14:00"", ""2026-07-27T15:00"", ""2026-07-27T16:00"", ""2026-07-27T17:00"", ""2026-07-27T18:00"", ""2026-07-27T19:00"", ""2026-07-27T20:00"", ""2026-07-27T21:00"", ""2026-07-27T22:00"", ""2026-07-27T23:00"", ""2026-07-28T00:00"", ""2026-07-28T01:00"", ""2026-07-28T02:00"", ""2026-07-28T03:00"", ""2026-07-28T04:00"", ""2026-07-28T05:00"", ""2026-07-28T06:00"", ""2026-07-28T07:00"", ""2026-07-28T08:00"", ""2026-07-28T09:00"", ""2026-07-28T10:00"", ""2026-07-28T11:00"", ""2026-07-28T12:00"", ""2026-07-28T13:00"", ""2026-07-28T14:00"", ""2026-07-28T15:00"", ""2026-07-28T16:00"", ""2026-07-28T17:00"", ""2026-07-28T18:00"", ""2026-07-28T19:00"", ""2026-07-28T20:00"", ""2026-07-28T21:00"", ""2026-07-28T22:00"", ""2026-07-28T23:00"", ""2026-07-29T00:00"", ""2026-07-29T01:00"", ""2026-07-29T02:00"", ""2026-07-29T03:00"", ""2026-07-29T04:00"", ""2026-07-29T05:00"", ""2026-07-29T06:00"", ""2026-07-29T07:00"", ""2026-07-29T08:00"", ""2026-07-29T09:00"", ""2026-07-29T10:00"", ""2026-07-29T11:00"", ""2026-07-29T12:00"", ""2026-07-29T13:00"", ""2026-07-29T14:00"", ""2026-07-29T15:00"", ""2026-07-29T16:00"", ""2026-07-29T17:00"", ""2026-07-29T18:00"", ""2026-07-29T19:00"", ""2026-07-29T20:00"", ""2026-07-29T21:00"", ""2026-07-29T22:00"", ""2026-07-29T23:00"", ""2026-07-30T00:00"", ""2026-07-30T01:00"", ""2026-07-30T02:00"", ""2026-07-30T03:00"", ""2026-07-30T04:00"", ""2026-07-30T05:00"", ""2026-07-30T06:00"", ""2026-07-30T07:00"", ""2026-07-30T08:00"", ""2026-07-30T09:00"", ""2026-07-30T10:00"", ""2026-07-30T11:00"", ""2026-07-30T12:00"", ""2026-07-30T13:00"", ""2026-07-30T14:00"", ""2026-07-30T15:00"", ""2026-07-30T16:00"", ""2026-07-30T17:00"", ""2026-07-30T18:00"", ""2026-07-30T19:00"", ""2026-07-30T20:00"", ""2026-07-30T21:00"", ""2026-07-30T22:00"", ""2026-07-30T23:00"", ""2026-07-31T00:00"", ""2026-07-31T01:00"", ""2026-07-31T02:00"", ""2026-07-31T03:00"", ""2026-07-31T04:00"", ""2026-07-31T05:00"", ""2026-07-31T06:00"", ""2026-07-31T07:00"", ""2026-07-31T08:00"", ""2026-07-31T09:00"", ""2026-07-31T10:00"", ""2026-07-31T11:00"", ""2026-07-31T12:00"", ""2026-07-31T13:00"", ""2026-07-31T14:00"", ""2026-07-31T15:00"", ""2026-07-31T16:00"", ""2026-07-31T17:00"", ""2026-07-31T18:00"", ""2026-07-31T19:00"", ""2026-07-31T20:00"", ""2026-07-31T21:00"", ""2026-07-31T22:00"", ""2026-07-31T23:00""], ""pm10"": [37.5, 34.2, 31.5, 28.0, 22.1, 25.8, 36.4, 48.9, 62.9, 73.6, 82.9, 93.6, 106.9, 127.1, 123.9, 126.2, 127.6, 170.9, 235.6, 276.6, 293.4, 287.8, 272.9, 244.0, 214.2, 190.0, 172.8, 178.8, 198.8, 219.8, 233.8, 237.0, 244.0, 255.2, 270.1, 282.2, 294.3, 303.6, 261.7, 251.5, 231.9, 265.4, 349.2, 348.3, 311.1, 288.7, 245.9, 198.4, 159.3, 129.9, 117.8, 122.5, 124.8, 127.6, 127.6, 131.8, 140.2, 138.3, 129.0, 119.7, 115.0, 111.1, 102.2, 81.3, 68.2, 58.1, 57.0, 68.9, 92.9, 120.6, 143.0, 158.3, 165.8, 175.6, 176.0, 174.6, 176.0, 181.1, 196.5, 210.0, 204.4, 196.5, 188.1, 178.8, 167.2, 149.9, 126.7, 96.6, 79.2, 67.5, 60.1, 57.2, 56.9, 56.8, 54.4, 50.4, 47.0, 47.4, 54.9, 67.8, 85.0, 112.7, 137.8, 141.1, 143.9, 144.8, 143.4, 141.6, 142.0, 140.2, 133.2, 109.4, 87.5, 62.9, 50.4, 46.0, 47.4, 52.2, 53.7, 53.3], ""pm2_5"": [35.4, 32.9, 31.1, 26.5, 19.6, 20.0, 23.1, 26.2, 29.7, 32.5, 34.9, 37.6, 40.4, 44.7, 48.7, 54.2, 55.1, 62.2, 77.8, 90.3, 98.3, 101.5, 99.0, 91.5, 82.2, 73.1, 64.7, 58.6, 58.1, 60.5, 62.9, 63.6, 64.5, 66.6, 69.6, 71.9, 74.0, 75.9, 75.0, 77.1, 76.4, 81.7, 96.4, 102.2, 101.5, 97.3, 87.5, 75.0, 63.1, 53.2, 47.4, 44.7, 43.3, 42.6, 41.4, 40.6, 41.2, 41.2, 40.0, 38.6, 38.1, 38.0, 38.0, 37.8, 35.7, 33.3, 32.6, 34.7, 40.0, 46.8, 53.3, 58.7, 62.6, 66.1, 67.1, 64.7, 61.7, 60.1, 59.5, 59.6, 57.4, 55.3, 53.4, 51.8, 49.9, 47.6, 45.2, 42.6, 38.6, 35.0, 32.5, 30.7, 29.9, 29.6, 29.1, 28.6, 28.5, 29.5, 32.5, 36.9, 42.4, 46.9, 47.5, 46.1, 45.5, 44.7, 43.5, 42.6, 42.6, 42.4, 42.0, 44.5, 39.2, 30.9, 26.3, 24.7, 24.5, 25.8, 26.8, 27.3], ""carbon_monoxide"": [879.0, 746.0, 558.0, 408.0, 335.0, 300.0, 271.0, 240.0, 215.0, 194.0, 169.0, 148.0, 148.0, 189.0, 252.0, 295.0, 303.0, 293.0, 270.0, 229.0, 176.0, 137.0, 125.0, 127.0, 131.0, 134.0, 140.0, 144.0, 146.0, 146.0, 144.0, 137.0, 128.0, 121.0, 117.0, 115.0, 122.0, 145.0, 175.0, 197.0, 201.0, 195.0, 190.0, 188.0, 187.0, 187.0, 188.0, 189.0, 190.0, 191.0, 192.0, 190.0, 182.0, 171.0, 161.0, 152.0, 144.0, 137.0, 130.0, 125.0, 127.0, 145.0, 171.0, 188.0, 186.0, 175.0, 163.0, 151.0, 138.0, 131.0, 129.0, 133.0, 149.0, 191.0, 246.0, 278.0, 267.0, 233.0, 203.0, 184.0, 167.0, 156.0, 147.0, 143.0, 153.0, 196.0, 253.0, 281.0, 252.0, 194.0, 149.0, 133.0, 131.0, 130.0, 128.0, 128.0, 133.0, 147.0, 166.0, 177.0, 174.0, 164.0, 155.0, 150.0, 145.0, 143.0, 142.0, 143.0, 147.0, 158.0, 173.0, 180.0, 173.0, 159.0, 149.0, 149.0, 152.0, 155.0, 155.0, 154.0], ""nitrogen_dioxide"": [16.6, 14.0, 10.2, 7.0, 4.7, 2.9, 1.6, 1.0, 1.0, 1.0, 0.8, 0.7, 1.2, 2.8, 5.0, 6.4, 6.2, 5.1, 4.3, 4.2, 4.3, 4.6, 5.1, 5.8, 6.1, 5.8, 5.1, 4.3, 3.3, 2.1, 1.2, 0.8, 0.8, 0.8, 0.7, 0.6, 1.0, 2.5, 4.5, 5.7, 5.3, 4.2, 3.6, 4.1, 5.1, 6.1, 7.2, 8.3, 8.9, 8.5, 7.6, 6.4, 4.9, 3.1, 1.7, 1.1, 0.9, 0.8, 0.7, 0.7, 0.9, 1.6, 2.6, 3.2, 3.1, 2.7, 2.6, 3.0, 3.8, 4.6, 5.6, 6.6, 7.4, 7.9, 8.2, 7.8, 6.2, 3.8, 2.0, 1.2, 0.9, 0.7, 0.6, 0.7, 0.9, 1.4, 2.0, 2.4, 2.4, 2.1, 2.0, 2.2, 2.5, 2.9, 3.4, 3.9, 4.4, 5.1, 5.7, 5.7, 4.6, 2.8, 1.4, 0.8, 0.7, 0.6, 0.5, 0.5, 0.9, 2.2, 3.8, 4.7, 4.1, 2.8, 1.7, 1.4, 1.3, 1.4, 1.6, 1.8], ""ozone"": [36.0, 46.0, 59.0, 75.0, 94.0, 115.0, 130.0, 134.0, 132.0, 129.0, 127.0, 125.0, 119.0, 108.0, 94.0, 81.0, 71.0, 62.0, 55.0, 49.0, 44.0, 41.0, 38.0, 37.0, 37.0, 38.0, 40.0, 45.0, 57.0, 73.0, 85.0, 91.0, 95.0, 97.0, 99.0, 100.0, 99.0, 95.0, 88.0, 82.0, 77.0, 73.0, 69.0, 64.0, 58.0, 53.0, 47.0, 42.0, 39.0, 38.0, 39.0, 45.0, 61.0, 81.0, 97.0, 104.0, 105.0, 105.0, 104.0, 100.0, 97.0, 94.0, 91.0, 88.0, 87.0, 88.0, 86.0, 81.0, 74.0, 67.0, 60.0, 54.0, 49.0, 46.0, 45.0, 50.0, 68.0, 92.0, 110.0, 117.0, 118.0, 117.0, 116.0, 113.0, 109.0, 104.0, 97.0, 91.0, 87.0, 83.0, 78.0, 72.0, 64.0, 58.0, 53.0, 48.0, 47.0, 49.0, 54.0, 63.0, 82.0, 106.0, 121.0, 120.0, 111.0, 103.0, 100.0, 97.0, 93.0, 85.0, 75.0, 68.0, 65.0, 63.0, 63.0, 64.0, 66.0, 67.0, 66.0, 65.0], ""sulphur_dioxide"": [4.9, 4.7, 4.4, 4.3, 4.6, 5.2, 5.5, 5.4, 5.1, 4.8, 4.6, 4.5, 4.5, 4.9, 5.5, 5.9, 5.8, 5.4, 4.9, 4.4, 3.7, 3.3, 3.2, 3.2, 3.3, 3.4, 3.6, 3.9, 4.4, 5.0, 5.3, 5.2, 4.9, 4.6, 4.5, 4.4, 4.4, 4.7, 5.2, 5.4, 5.1, 4.7, 4.4, 4.6, 5.0, 5.5, 6.3, 7.3, 8.0, 8.2, 8.2, 7.9, 7.4, 6.6, 5.9, 5.3, 4.7, 4.2, 3.8, 3.6, 3.5, 3.7, 4.0, 4.2, 4.2, 4.0, 4.0, 4.2, 4.4, 4.8, 5.3, 5.8, 6.4, 7.2, 8.0, 8.4, 8.0, 7.1, 6.3, 5.9, 5.7, 5.4, 5.1, 4.8, 4.5, 4.3, 4.2, 4.0, 3.6, 3.2, 2.9, 2.8, 2.8, 2.9, 2.9, 3.0, 3.5, 4.7, 6.2, 7.4, 7.9, 8.0, 7.7, 6.7, 5.3, 4.2, 3.6, 3.4, 3.2, 3.2, 3.3, 3.2, 2.8, 2.4, 2.0, 1.9, 1.9, 2.0, 2.1, 2.2], ""ammonia"": [null, null, null, null, null, null, null, null, null, null, null, null, null, null, null, null, null, null, null, null, null, null, null, null, null, null, null, null, null, null, null, null, null, null, null, null, null, null, null, null, null, null, null, null, null, null, null, null, null, null, null, null, null, null, null, null, null, null, null, null, null, null, null, null, null, null, null, null, null, null, null, null, null, null, null, null, null, null, null, null, null, null, null, null, null, null, null, null, null, null, null, null, null, null, null, null, null, null, null, null, null, null, null, null, null, null, null, null, null, null, null, null, null, null, null, null, null, null, null, null], ""us_aqi"": [122, 118, 116, 113, 112, 110, 108, 106, 106, 106, 106, 107, 108, 110, 112, 114, 116, 117, 117, 118, 120, 124, 128, 133, 138, 143, 147, 150, 151, 152, 153, 155, 156, 157, 158, 159, 160, 161, 162, 162, 163, 164, 164, 165, 165, 165, 165, 165, 164, 164, 163, 163, 162, 162, 161, 161, 160, 159, 159, 158, 157, 156, 155, 153, 152, 151, 149, 142, 135, 128, 123, 120, 118, 118, 119, 121, 123, 125, 127, 129, 131, 133, 134, 136, 137, 138, 139, 140, 140, 141, 141, 141, 140, 139, 138, 135, 132, 128, 125, 121, 118, 116, 115, 113, 112, 111, 110, 109, 108, 107, 106, 106, 106, 106, 106, 105, 105, 104, 104, 103]}}}"
2026-07-27T20:23:33.525718+00:00,Gambat,PK,27.3517,68.5247,,,,,,,,,,,,,,,,,aqicn,success,1.0334427000489086,"{""air_quality"": {""status"": ""error"", ""data"": ""Invalid key""}}"
2026-07-27T20:23:32.869401+00:00,Lahore,PK,31.5204,74.3587,33.8,48.0,996.0,2.27,181.0,80.0,,3.0,45.94,55.79,756.67,0.03,19.19,1.37,19.81,20.21,openweather,success,0.5844883000245318,"{""weather"": {""coord"": {""lon"": 74.3587, ""lat"": 31.5204}, ""weather"": [{""id"": 803, ""main"": ""Clouds"", ""description"": ""broken clouds"", ""icon"": ""04n""}], ""base"": ""stations"", ""main"": {""temp"": 33.8, ""feels_like"": 37.32, ""temp_min"": 33.8, ""temp_max"": 33.8, ""pressure"": 996, ""humidity"": 48, ""sea_level"": 996, ""grnd_level"": 972}, ""visibility"": 10000, ""wind"": {""speed"": 2.27, ""deg"": 181, ""gust"": 3.78}, ""clouds"": {""all"": 80}, ""dt"": 1785183812, ""sys"": {""country"": ""PK"", ""sunrise"": 1785197749, ""sunset"": 1785247324}, ""timezone"": 18000, ""id"": 1347925, ""name"": ""Lahore Cantonment"", ""cod"": 200}, ""air_quality"": {""coord"": {""lon"": 74.3587, ""lat"": 31.5204}, ""list"": [{""main"": {""aqi"": 3}, ""components"": {""co"": 756.67, ""no"": 0.03, ""no2"": 19.19, ""o3"": 19.81, ""so2"": 1.37, ""pm2_5"": 45.94, ""pm10"": 55.79, ""nh3"": 20.21}, ""dt"": 1785183812}]}}"
2026-07-27T20:15,Lahore,PK,31.5204,74.3587,30.5,87.0,996.4,1.2,129.0,82.0,0.0,157.0,90.1,91.3,2230.0,,40.7,21.9,60.0,,openmeteo,success,0.6903793000383303,"{""weather"": {""latitude"": 31.528997, ""longitude"": 74.38995, ""generationtime_ms"": 0.15914440155029297, ""utc_offset_seconds"": 0, ""timezone"": ""GMT"", ""timezone_abbreviation"": ""GMT"", ""elevation"": 220.0, ""current_units"": {""time"": ""iso8601"", ""interval"": ""seconds"", ""temperature_2m"": ""°C"", ""relative_humidity_2m"": ""%"", ""pressure_msl"": ""hPa"", ""wind_speed_10m"": ""km/h"", ""wind_direction_10m"": ""°"", ""cloud_cover"": ""%"", ""rain"": ""mm""}, ""current"": {""time"": ""2026-07-27T20:15"", ""interval"": 900, ""temperature_2m"": 30.5, ""relative_humidity_2m"": 87, ""pressure_msl"": 996.4, ""wind_speed_10m"": 1.2, ""wind_direction_10m"": 129, ""cloud_cover"": 82, ""rain"": 0.0}}, ""air_quality"": {""latitude"": 31.5, ""longitude"": 74.40001, ""generationtime_ms"": 0.37157535552978516, ""utc_offset_seconds"": 0, ""timezone"": ""GMT"", ""timezone_abbreviation"": ""GMT"", ""elevation"": 220.0, ""hourly_units"": {""time"": ""iso8601"", ""pm10"": ""μg/m³"", ""pm2_5"": ""μg/m³"", ""carbon_monoxide"": ""μg/m³"", ""nitrogen_dioxide"": ""μg/m³"", ""ozone"": ""μg/m³"", ""sulphur_dioxide"": ""μg/m³"", ""ammonia"": ""μg/m³"", ""us_aqi"": ""USAQI""}, ""hourly"": {""time"": [""2026-07-27T00:00"", ""2026-07-27T01:00"", ""2026-07-27T02:00"", ""2026-07-27T03:00"", ""2026-07-27T04:00"", ""2026-07-27T05:00"", ""2026-07-27T06:00"", ""2026-07-27T07:00"", ""2026-07-27T08:00"", ""2026-07-27T09:00"", ""2026-07-27T10:00"", ""2026-07-27T11:00"", ""2026-07-27T12:00"", ""2026-07-27T13:00"", ""2026-07-27T14:00"", ""2026-07-27T15:00"", ""2026-07-27T16:00"", ""2026-07-27T17:00"", ""2026-07-27T18:00"", ""2026-07-27T19:00"", ""2026-07-27T20:00"", ""2026-07-27T21:00"", ""2026-07-27T22:00"", ""2026-07-27T23:00"", ""2026-07-28T00:00"", ""2026-07-28T01:00"", ""2026-07-28T02:00"", ""2026-07-28T03:00"", ""2026-07-28T04:00"", ""2026-07-28T05:00"", ""2026-07-28T06:00"", ""2026-07-28T07:00"", ""2026-07-28T08:00"", ""2026-07-28T09:00"", ""2026-07-28T10:00"", ""2026-07-28T11:00"", ""2026-07-28T12:00"", ""2026-07-28T13:00"", ""2026-07-28T14:00"", ""2026-07-28T15:00"", ""2026-07-28T16:00"", ""2026-07-28T17:00"", ""2026-07-28T18:00"", ""2026-07-28T19:00"", ""2026-07-28T20:00"", ""2026-07-28T21:00"", ""2026-07-28T22:00"", ""2026-07-28T23:00"", ""2026-07-29T00:00"", ""2026-07-29T01:00"", ""2026-07-29T02:00"", ""2026-07-29T03:00"", ""2026-07-29T04:00"", ""2026-07-29T05:00"", ""2026-07-29T06:00"", ""2026-07-29T07:00"", ""2026-07-29T08:00"", ""2026-07-29T09:00"", ""2026-07-29T10:00"", ""2026-07-29T11:00"", ""2026-07-29T12:00"", ""2026-07-29T13:00"", ""2026-07-29T14:00"", ""2026-07-29T15:00"", ""2026-07-29T16:00"", ""2026-07-29T17:00"", ""2026-07-29T18:00"", ""2026-07-29T19:00"", ""2026-07-29T20:00"", ""2026-07-29T21:00"", ""2026-07-29T22:00"", ""2026-07-29T23:00"", ""2026-07-30T00:00"", ""2026-07-30T01:00"", ""2026-07-30T02:00"", ""2026-07-30T03:00"", ""2026-07-30T04:00"", ""2026-07-30T05:00"", ""2026-07-30T06:00"", ""2026-07-30T07:00"", ""2026-07-30T08:00"", ""2026-07-30T09:00"", ""2026-07-30T10:00"", ""2026-07-30T11:00"", ""2026-07-30T12:00"", ""2026-07-30T13:00"", ""2026-07-30T14:00"", ""2026-07-30T15:00"", ""2026-07-30T16:00"", ""2026-07-30T17:00"", ""2026-07-30T18:00"", ""2026-07-30T19:00"", ""2026-07-30T20:00"", ""2026-07-30T21:00"", ""2026-07-30T22:00"", ""2026-07-30T23:00"", ""2026-07-31T00:00"", ""2026-07-31T01:00"", ""2026-07-31T02:00"", ""2026-07-31T03:00"", ""2026-07-31T04:00"", ""2026-07-31T05:00"", ""2026-07-31T06:00"", ""2026-07-31T07:00"", ""2026-07-31T08:00"", ""2026-07-31T09:00"", ""2026-07-31T10:00"", ""2026-07-31T11:00"", ""2026-07-31T12:00"", ""2026-07-31T13:00"", ""2026-07-31T14:00"", ""2026-07-31T15:00"", ""2026-07-31T16:00"", ""2026-07-31T17:00"", ""2026-07-31T18:00"", ""2026-07-31T19:00"", ""2026-07-31T20:00"", ""2026-07-31T21:00"", ""2026-07-31T22:00"", ""2026-07-31T23:00""], ""pm10"": [91.3, 91.3, 79.9, 61.0, 53.1, 51.5, 55.6, 59.1, 58.3, 57.5, 57.4, 56.8, 59.5, 65.9, 78.5, 99.9, 112.0, 89.2, 80.1, 75.9, 69.6, 59.8, 51.1, 47.8, 42.6, 34.8, 30.2, 28.6, 30.4, 32.5, 33.5, 37.0, 40.0, 40.4, 40.4, 41.0, 40.4, 40.5, 44.0, 44.7, 49.6, 57.2, 57.7, 57.5, 58.7, 58.7, 53.0, 47.1, 40.3, 30.7, 26.9, 22.0, 22.7, 23.9, 24.8, 27.0, 30.2, 33.4, 37.8, 38.9, 39.8, 41.3, 59.1, 76.6, 80.3, 67.1, 58.4, 52.4, 48.9, 47.1, 42.7, 40.5, 36.2, 31.8, 25.4, 20.7, 18.5, 16.8, 18.6, 15.4, 16.6, 19.0, 21.7, 23.3, 25.6, 29.2, 32.4, 40.7, 47.1, 52.6, 56.0, 50.4, 48.8, 49.4, 46.0, 39.7, 35.5, 29.3, 26.2, 25.8, 28.3, 25.3, 27.0, 25.2, 23.7, 25.3, 25.9, 26.1, 26.4, 28.9, 36.8, 44.8, 51.5, 51.1, 53.2, 53.8, 52.9, 52.7, 51.0, 48.7], ""pm2_5"": [90.1, 90.1, 78.7, 59.6, 51.7, 50.2, 54.1, 57.4, 56.0, 54.5, 53.4, 52.0, 53.8, 61.0, 74.5, 95.2, 107.8, 85.9, 77.5, 74.0, 67.8, 57.5, 49.7, 46.8, 41.3, 33.9, 29.1, 27.1, 27.9, 28.9, 29.2, 31.8, 33.9, 34.2, 34.2, 34.6, 34.5, 35.5, 40.9, 42.4, 47.6, 55.2, 55.5, 55.1, 56.1, 55.6, 49.1, 43.8, 36.8, 27.9, 24.6, 19.4, 18.3, 19.0, 19.2, 21.8, 23.1, 25.5, 29.4, 30.5, 31.7, 33.9, 53.7, 71.5, 76.1, 63.6, 55.3, 49.9, 47.0, 45.6, 40.7, 38.0, 34.2, 30.6, 24.6, 20.1, 18.1, 16.5, 18.3, 15.2, 16.2, 18.5, 21.0, 22.7, 24.9, 28.6, 32.0, 40.4, 46.9, 52.4, 55.8, 50.3, 48.5, 49.2, 45.8, 39.3, 35.3, 28.9, 25.8, 25.4, 27.8, 24.0, 25.7, 24.6, 23.4, 25.1, 25.8, 26.0, 26.3, 28.8, 36.8, 44.7, 51.3, 51.0, 53.1, 53.7, 52.7, 52.6, 50.9, 48.5], ""carbon_monoxide"": [2230.0, 2063.0, 1820.0, 1572.0, 1325.0, 1073.0, 869.0, 733.0, 646.0, 598.0, 504.0, 451.0, 688.0, 1559.0, 2721.0, 3395.0, 3126.0, 2369.0, 1712.0, 1374.0, 1136.0, 928.0, 709.0, 519.0, 409.0, 436.0, 544.0, 609.0, 569.0, 487.0, 432.0, 426.0, 448.0, 500.0, 603.0, 736.0, 845.0, 915.0, 960.0, 964.0, 906.0, 807.0, 712.0, 630.0, 551.0, 493.0, 460.0, 449.0, 463.0, 526.0, 614.0, 666.0, 640.0, 577.0, 537.0, 536.0, 557.0, 615.0, 663.0, 747.0, 1015.0, 1733.0, 2634.0, 3074.0, 2619.0, 1702.0, 972.0, 695.0, 606.0, 558.0, 509.0, 501.0, 513.0, 553.0, 613.0, 645.0, 621.0, 570.0, 529.0, 509.0, 500.0, 508.0, 544.0, 598.0, 645.0, 678.0, 703.0, 720.0, 729.0, 730.0, 715.0, 674.0, 618.0, 569.0, 526.0, 490.0, 494.0, 581.0, 708.0, 775.0, 705.0, 574.0, 515.0, 614.0, 784.0, 897.0, 872.0, 790.0, 760.0, 859.0, 1009.0, 1090.0, 1036.0, 913.0, 796.0, 703.0, 615.0, 551.0, 525.0, 522.0], ""nitrogen_dioxide"": [40.7, 36.8, 31.1, 25.1, 18.5, 11.5, 6.6, 4.9, 5.2, 6.3, 4.4, 3.2, 13.4, 48.1, 94.1, 122.2, 116.2, 92.4, 69.6, 53.6, 38.8, 27.2, 20.1, 16.3, 14.5, 15.3, 18.0, 19.2, 16.8, 12.8, 9.6, 7.9, 7.0, 6.9, 6.9, 7.7, 11.9, 22.4, 36.2, 47.4, 54.3, 58.6, 58.8, 53.1, 43.5, 34.3, 26.2, 18.6, 14.2, 15.9, 21.0, 23.6, 20.9, 15.7, 11.6, 9.5, 8.4, 8.5, 7.3, 7.3, 16.6, 45.3, 83.1, 107.7, 107.6, 94.1, 79.1, 65.0, 49.3, 36.1, 26.6, 19.5, 15.3, 15.6, 18.7, 20.4, 18.6, 15.3, 12.4, 10.1, 8.2, 7.4, 6.8, 7.3, 12.3, 25.6, 43.3, 57.1, 64.6, 68.1, 66.6, 57.0, 42.3, 30.2, 23.5, 19.4, 17.6, 19.5, 23.6, 25.2, 21.3, 14.8, 9.8, 7.4, 6.6, 8.1, 12.3, 18.8, 27.2, 39.4, 53.4, 63.4, 66.6, 65.7, 62.5, 56.5, 48.1, 40.4, 34.1, 28.6], ""ozone"": [60.0, 78.0, 103.0, 134.0, 174.0, 220.0, 252.0, 262.0, 259.0, 251.0, 244.0, 233.0, 207.0, 152.0, 84.0, 37.0, 32.0, 49.0, 66.0, 76.0, 85.0, 91.0, 91.0, 88.0, 86.0, 87.0, 89.0, 95.0, 108.0, 124.0, 142.0, 161.0, 181.0, 195.0, 205.0, 210.0, 201.0, 169.0, 124.0, 87.0, 66.0, 53.0, 46.0, 45.0, 49.0, 56.0, 66.0, 79.0, 88.0, 87.0, 81.0, 82.0, 95.0, 114.0, 131.0, 145.0, 158.0, 168.0, 180.0, 189.0, 181.0, 140.0, 83.0, 40.0, 28.0, 31.0, 36.0, 40.0, 47.0, 55.0, 65.0, 77.0, 87.0, 92.0, 95.0, 100.0, 109.0, 120.0, 131.0, 143.0, 156.0, 166.0, 175.0, 180.0, 173.0, 143.0, 101.0, 67.0, 49.0, 39.0, 36.0, 40.0, 51.0, 60.0, 66.0, 70.0, 73.0, 71.0, 68.0, 72.0, 91.0, 117.0, 138.0, 149.0, 154.0, 152.0, 141.0, 124.0, 105.0, 84.0, 61.0, 43.0, 33.0, 29.0, 27.0, 28.0, 32.0, 36.0, 41.0, 46.0], ""sulphur_dioxide"": [21.9, 23.0, 24.6, 26.1, 27.7, 29.3, 29.6, 27.7, 24.4, 21.7, 19.8, 18.3, 18.1, 20.2, 23.6, 25.8, 25.9, 24.9, 23.2, 20.7, 17.6, 14.6, 11.8, 9.2, 7.6, 7.6, 8.5, 9.4, 10.0, 10.6, 11.0, 11.2, 11.3, 11.5, 12.0, 12.7, 13.1, 13.0, 12.6, 12.4, 12.7, 13.3, 13.6, 13.5, 13.2, 12.5, 10.9, 8.8, 7.6, 8.1, 9.4, 10.6, 11.3, 11.8, 12.3, 12.6, 12.7, 13.1, 13.8, 14.6, 15.9, 18.1, 20.7, 22.0, 21.1, 18.9, 16.6, 14.4, 12.1, 10.1, 8.4, 7.1, 6.6, 7.5, 9.3, 10.7, 11.3, 11.7, 11.9, 12.1, 12.1, 12.3, 12.7, 13.3, 13.5, 13.2, 12.5, 12.2, 12.5, 13.2, 13.4, 13.0, 12.2, 11.2, 9.9, 8.5, 7.7, 7.8, 8.6, 9.5, 10.8, 12.4, 13.3, 13.2, 12.5, 11.5, 10.0, 8.2, 7.3, 8.1, 9.7, 11.0, 11.5, 11.6, 11.5, 11.2, 10.6, 10.0, 9.2, 8.4], ""ammonia"": [null, null, null, null, null, null, null, null, null, null, null, null, null, null, null, null, null, null, null, null, null, null, null, null, null, null, null, null, null, null, null, null, null, null, null, null, null, null, null, null, null, null, null, null, null, null, null, null, null, null, null, null, null, null, null, null, null, null, null, null, null, null, null, null, null, null, null, null, null, null, null, null, null, null, null, null, null, null, null, null, null, null, null, null, null, null, null, null, null, null, null, null, null, null, null, null, null, null, null, null, null, null, null, null, null, null, null, null, null, null, null, null, null, null, null, null, null, null, null, null], ""us_aqi"": [157, 158, 159, 160, 160, 160, 160, 161, 162, 174, 201, 210, 217, 219, 214, 203, 171, 167, 167, 166, 165, 164, 162, 160, 158, 157, 155, 153, 152, 152, 151, 150, 148, 146, 144, 142, 149, 164, 171, 168, 156, 134, 117, 115, 113, 112, 111, 111, 111, 111, 110, 109, 109, 108, 107, 106, 104, 103, 102, 102, 118, 136, 141, 131, 109, 108, 109, 109, 109, 108, 107, 106, 105, 105, 105, 105, 105, 105, 105, 105, 104, 104, 103, 102, 118, 131, 136, 130, 113, 93, 93, 93, 93, 93, 93, 93, 94, 94, 94, 94, 94, 95, 95, 96, 97, 97, 98, 98, 98, 99, 99, 99, 99, 100, 99, 99, 100, 100, 100, 101]}}}"
2026-07-27T20:23:33.577555+00:00,Lahore,PK,31.5204,74.3587,,,,,,,,,,,,,,,,,aqicn,success,1.076570100034587,"{""air_quality"": {""status"": ""error"", ""data"": ""Invalid key""}}"
2026-07-27T20:50:08.035313+00:00,Karachi,PK,24.8607,67.0011,27.26,81.0,999.0,7.48,259.0,98.0,,4.0,24.33,113.32,67.44,0.0,0.1,0.52,42.05,0.0,openweather,success,4.603223999962211,"{""weather"": {""coord"": {""lon"": 67.0011, ""lat"": 24.8607}, ""weather"": [{""id"": 804, ""main"": ""Clouds"", ""description"": ""overcast clouds"", ""icon"": ""04n""}], ""base"": ""stations"", ""main"": {""temp"": 27.26, ""feels_like"": 30.44, ""temp_min"": 27.26, ""temp_max"": 27.26, ""pressure"": 999, ""humidity"": 81, ""sea_level"": 999, ""grnd_level"": 997}, ""visibility"": 10000, ""wind"": {""speed"": 7.48, ""deg"": 259, ""gust"": 8.51}, ""clouds"": {""all"": 98}, ""dt"": 1785185404, ""sys"": {""country"": ""PK"", ""sunrise"": 1785200258, ""sunset"": 1785248347}, ""timezone"": 18000, ""id"": 1174872, ""name"": ""Karachi"", ""cod"": 200}, ""air_quality"": {""coord"": {""lon"": 67.0011, ""lat"": 24.8607}, ""list"": [{""main"": {""aqi"": 4}, ""components"": {""co"": 67.44, ""no"": 0, ""no2"": 0.1, ""o3"": 42.05, ""so2"": 0.52, ""pm2_5"": 24.33, ""pm10"": 113.32, ""nh3"": 0}, ""dt"": 1785185407}]}}"
2026-07-27T20:45,Karachi,PK,24.8607,67.0011,28.0,83.0,998.9,15.0,256.0,76.0,0.0,82.0,20.8,58.9,121.0,,4.6,4.7,49.0,,openmeteo,success,4.868082000059076,"{""weather"": {""latitude"": 24.850615, ""longitude"": 66.992485, ""generationtime_ms"": 0.20456314086914062, ""utc_offset_seconds"": 0, ""timezone"": ""GMT"", ""timezone_abbreviation"": ""GMT"", ""elevation"": 7.0, ""current_units"": {""time"": ""iso8601"", ""interval"": ""seconds"", ""temperature_2m"": ""°C"", ""relative_humidity_2m"": ""%"", ""pressure_msl"": ""hPa"", ""wind_speed_10m"": ""km/h"", ""wind_direction_10m"": ""°"", ""cloud_cover"": ""%"", ""rain"": ""mm""}, ""current"": {""time"": ""2026-07-27T20:45"", ""interval"": 900, ""temperature_2m"": 28.0, ""relative_humidity_2m"": 83, ""pressure_msl"": 998.9, ""wind_speed_10m"": 15.0, ""wind_direction_10m"": 256, ""cloud_cover"": 76, ""rain"": 0.0}}, ""air_quality"": {""latitude"": 24.900002, ""longitude"": 67.0, ""generationtime_ms"": 0.3223419189453125, ""utc_offset_seconds"": 0, ""timezone"": ""GMT"", ""timezone_abbreviation"": ""GMT"", ""elevation"": 7.0, ""hourly_units"": {""time"": ""iso8601"", ""pm10"": ""μg/m³"", ""pm2_5"": ""μg/m³"", ""carbon_monoxide"": ""μg/m³"", ""nitrogen_dioxide"": ""μg/m³"", ""ozone"": ""μg/m³"", ""sulphur_dioxide"": ""μg/m³"", ""ammonia"": ""μg/m³"", ""us_aqi"": ""USAQI""}, ""hourly"": {""time"": [""2026-07-27T00:00"", ""2026-07-27T01:00"", ""2026-07-27T02:00"", ""2026-07-27T03:00"", ""2026-07-27T04:00"", ""2026-07-27T05:00"", ""2026-07-27T06:00"", ""2026-07-27T07:00"", ""2026-07-27T08:00"", ""2026-07-27T09:00"", ""2026-07-27T10:00"", ""2026-07-27T11:00"", ""2026-07-27T12:00"", ""2026-07-27T13:00"", ""2026-07-27T14:00"", ""2026-07-27T15:00"", ""2026-07-27T16:00"", ""2026-07-27T17:00"", ""2026-07-27T18:00"", ""2026-07-27T19:00"", ""2026-07-27T20:00"", ""2026-07-27T21:00"", ""2026-07-27T22:00"", ""2026-07-27T23:00"", ""2026-07-28T00:00"", ""2026-07-28T01:00"", ""2026-07-28T02:00"", ""2026-07-28T03:00"", ""2026-07-28T04:00"", ""2026-07-28T05:00"", ""2026-07-28T06:00"", ""2026-07-28T07:00"", ""2026-07-28T08:00"", ""2026-07-28T09:00"", ""2026-07-28T10:00"", ""2026-07-28T11:00"", ""2026-07-28T12:00"", ""2026-07-28T13:00"", ""2026-07-28T14:00"", ""2026-07-28T15:00"", ""2026-07-28T16:00"", ""2026-07-28T17:00"", ""2026-07-28T18:00"", ""2026-07-28T19:00"", ""2026-07-28T20:00"", ""2026-07-28T21:00"", ""2026-07-28T22:00"", ""2026-07-28T23:00"", ""2026-07-29T00:00"", ""2026-07-29T01:00"", ""2026-07-29T02:00"", ""2026-07-29T03:00"", ""2026-07-29T04:00"", ""2026-07-29T05:00"", ""2026-07-29T06:00"", ""2026-07-29T07:00"", ""2026-07-29T08:00"", ""2026-07-29T09:00"", ""2026-07-29T10:00"", ""2026-07-29T11:00"", ""2026-07-29T12:00"", ""2026-07-29T13:00"", ""2026-07-29T14:00"", ""2026-07-29T15:00"", ""2026-07-29T16:00"", ""2026-07-29T17:00"", ""2026-07-29T18:00"", ""2026-07-29T19:00"", ""2026-07-29T20:00"", ""2026-07-29T21:00"", ""2026-07-29T22:00"", ""2026-07-29T23:00"", ""2026-07-30T00:00"", ""2026-07-30T01:00"", ""2026-07-30T02:00"", ""2026-07-30T03:00"", ""2026-07-30T04:00"", ""2026-07-30T05:00"", ""2026-07-30T06:00"", ""2026-07-30T07:00"", ""2026-07-30T08:00"", ""2026-07-30T09:00"", ""2026-07-30T10:00"", ""2026-07-30T11:00"", ""2026-07-30T12:00"", ""2026-07-30T13:00"", ""2026-07-30T14:00"", ""2026-07-30T15:00"", ""2026-07-30T16:00"", ""2026-07-30T17:00"", ""2026-07-30T18:00"", ""2026-07-30T19:00"", ""2026-07-30T20:00"", ""2026-07-30T21:00"", ""2026-07-30T22:00"", ""2026-07-30T23:00"", ""2026-07-31T00:00"", ""2026-07-31T01:00"", ""2026-07-31T02:00"", ""2026-07-31T03:00"", ""2026-07-31T04:00"", ""2026-07-31T05:00"", ""2026-07-31T06:00"", ""2026-07-31T07:00"", ""2026-07-31T08:00"", ""2026-07-31T09:00"", ""2026-07-31T10:00"", ""2026-07-31T11:00"", ""2026-07-31T12:00"", ""2026-07-31T13:00"", ""2026-07-31T14:00"", ""2026-07-31T15:00"", ""2026-07-31T16:00"", ""2026-07-31T17:00"", ""2026-07-31T18:00"", ""2026-07-31T19:00"", ""2026-07-31T20:00"", ""2026-07-31T21:00"", ""2026-07-31T22:00"", ""2026-07-31T23:00""], ""pm10"": [58.9, 61.7, 78.2, 105.0, 106.4, 120.1, 121.5, 118.3, 113.4, 113.2, 110.6, 103.6, 95.0, 85.0, 77.1, 73.3, 73.8, 76.1, 74.3, 61.9, 55.5, 57.7, 49.2, 46.6, 53.3, 47.3, 52.7, 64.3, 69.2, 75.0, 78.2, 81.7, 85.0, 89.6, 86.4, 85.4, 77.5, 77.1, 64.5, 59.1, 47.6, 43.5, 43.1, 41.9, 40.0, 39.3, 40.0, 40.5, 41.9, 40.9, 45.6, 56.5, 73.8, 84.1, 92.7, 86.6, 79.4, 77.3, 77.8, 76.6, 70.8, 65.0, 57.5, 51.1, 50.6, 50.4, 50.3, 50.4, 50.5, 50.6, 51.7, 56.0, 61.9, 61.5, 65.7, 75.9, 93.6, 93.8, 93.4, 93.8, 90.8, 88.0, 87.1, 85.9, 84.1, 79.2, 73.6, 66.6, 63.8, 63.6, 63.8, 63.8, 62.2, 57.7, 53.0, 51.3, 51.0, 53.7, 75.2, 96.9, 112.2, 117.6, 118.3, 118.5, 117.1, 111.5, 103.1, 95.2, 88.9, 84.8, 82.7, 80.8, 78.2, 77.1, 75.7, 75.9, 75.4, 75.2, 73.6, 71.7], ""pm2_5"": [20.8, 21.4, 24.3, 30.7, 31.4, 35.6, 37.4, 37.7, 36.8, 36.6, 36.1, 34.8, 32.9, 30.3, 28.2, 27.0, 26.6, 26.2, 25.1, 21.2, 19.3, 19.8, 17.5, 17.0, 19.3, 17.9, 19.3, 24.2, 25.9, 27.3, 27.9, 29.2, 30.3, 31.9, 31.4, 31.2, 29.0, 29.3, 26.3, 26.0, 21.4, 20.4, 20.4, 20.1, 19.3, 18.6, 18.3, 18.3, 18.6, 18.6, 20.3, 22.5, 28.3, 30.9, 33.5, 33.2, 32.0, 31.1, 30.9, 30.0, 28.6, 27.5, 25.1, 22.9, 22.7, 22.9, 23.5, 23.7, 23.1, 22.1, 21.5, 21.8, 22.7, 22.8, 24.0, 26.4, 32.2, 33.4, 34.8, 36.0, 35.9, 35.2, 34.6, 33.9, 33.1, 31.7, 30.2, 27.2, 25.8, 25.7, 25.8, 25.9, 25.4, 24.4, 23.3, 22.7, 22.4, 23.2, 27.3, 31.1, 34.6, 37.0, 39.1, 41.1, 42.5, 42.1, 39.8, 36.9, 34.3, 32.1, 30.6, 29.7, 27.9, 27.1, 26.5, 26.0, 25.2, 25.0, 24.6, 24.2], ""carbon_monoxide"": [121.0, 165.0, 225.0, 262.0, 256.0, 228.0, 205.0, 196.0, 192.0, 193.0, 203.0, 217.0, 226.0, 224.0, 215.0, 205.0, 193.0, 179.0, 165.0, 149.0, 133.0, 121.0, 112.0, 108.0, 120.0, 167.0, 231.0, 269.0, 257.0, 219.0, 191.0, 186.0, 191.0, 200.0, 215.0, 235.0, 247.0, 246.0, 238.0, 230.0, 225.0, 219.0, 208.0, 187.0, 162.0, 144.0, 132.0, 128.0, 142.0, 195.0, 267.0, 311.0, 297.0, 255.0, 222.0, 212.0, 213.0, 221.0, 241.0, 268.0, 292.0, 310.0, 325.0, 331.0, 324.0, 308.0, 286.0, 253.0, 213.0, 182.0, 160.0, 146.0, 154.0, 204.0, 275.0, 318.0, 304.0, 262.0, 231.0, 224.0, 227.0, 240.0, 263.0, 295.0, 331.0, 373.0, 419.0, 454.0, 482.0, 499.0, 481.0, 400.0, 284.0, 198.0, 163.0, 158.0, 184.0, 262.0, 371.0, 449.0, 465.0, 449.0, 429.0, 410.0, 388.0, 376.0, 384.0, 403.0, 418.0, 428.0, 433.0, 425.0, 391.0, 343.0, 308.0, 296.0, 297.0, 307.0, 332.0, 366.0], ""nitrogen_dioxide"": [4.6, 5.7, 7.1, 7.9, 7.3, 6.0, 4.9, 4.1, 3.4, 3.3, 3.9, 4.9, 6.2, 7.9, 9.9, 11.0, 10.7, 9.5, 8.4, 7.7, 7.1, 6.5, 5.6, 4.7, 4.5, 5.9, 8.0, 9.3, 8.9, 7.6, 6.4, 5.3, 4.3, 3.9, 4.4, 5.6, 7.1, 9.3, 11.9, 13.8, 14.5, 14.4, 13.7, 12.2, 10.2, 8.4, 6.9, 5.7, 5.3, 6.5, 8.6, 9.7, 8.7, 6.8, 5.2, 4.4, 4.0, 4.2, 5.1, 6.7, 8.8, 11.8, 15.3, 18.1, 19.8, 20.8, 20.7, 19.2, 16.7, 14.1, 11.2, 8.2, 6.5, 7.3, 9.5, 10.6, 9.5, 7.5, 5.8, 4.9, 4.4, 4.6, 5.6, 7.2, 9.6, 13.5, 18.1, 21.3, 21.8, 20.8, 19.6, 18.6, 17.4, 16.5, 15.9, 15.4, 15.4, 16.2, 17.3, 17.6, 16.4, 14.4, 12.4, 10.5, 8.7, 7.9, 8.4, 10.0, 12.3, 16.1, 20.8, 24.0, 24.9, 24.4, 23.2, 21.3, 18.7, 16.6, 15.4, 14.7], ""ozone"": [49.0, 49.0, 48.0, 52.0, 63.0, 77.0, 88.0, 92.0, 91.0, 88.0, 81.0, 71.0, 62.0, 55.0, 50.0, 46.0, 45.0, 46.0, 47.0, 47.0, 47.0, 47.0, 48.0, 49.0, 49.0, 48.0, 47.0, 47.0, 50.0, 55.0, 61.0, 68.0, 75.0, 79.0, 77.0, 71.0, 65.0, 59.0, 53.0, 48.0, 46.0, 46.0, 46.0, 47.0, 48.0, 49.0, 50.0, 51.0, 51.0, 50.0, 48.0, 50.0, 59.0, 72.0, 83.0, 91.0, 98.0, 99.0, 92.0, 80.0, 69.0, 60.0, 52.0, 46.0, 42.0, 41.0, 40.0, 41.0, 42.0, 45.0, 49.0, 53.0, 56.0, 56.0, 54.0, 57.0, 69.0, 85.0, 99.0, 110.0, 118.0, 121.0, 115.0, 102.0, 89.0, 75.0, 61.0, 50.0, 47.0, 47.0, 48.0, 48.0, 48.0, 47.0, 44.0, 40.0, 39.0, 41.0, 45.0, 52.0, 62.0, 75.0, 87.0, 101.0, 115.0, 121.0, 114.0, 98.0, 82.0, 67.0, 51.0, 39.0, 34.0, 33.0, 34.0, 35.0, 38.0, 40.0, 41.0, 41.0], ""sulphur_dioxide"": [4.7, 5.0, 5.5, 6.0, 6.5, 7.0, 7.1, 6.7, 5.9, 5.3, 5.1, 5.1, 5.1, 5.1, 5.0, 5.0, 5.0, 5.0, 5.0, 4.9, 4.7, 4.6, 4.5, 4.3, 4.3, 4.5, 4.7, 5.0, 5.2, 5.5, 5.6, 5.6, 5.4, 5.3, 5.2, 5.2, 5.2, 5.3, 5.5, 5.7, 5.9, 6.2, 6.2, 5.9, 5.3, 4.9, 4.6, 4.5, 4.5, 4.8, 5.2, 5.6, 5.8, 6.0, 6.1, 6.1, 6.0, 5.9, 5.8, 5.8, 5.8, 6.0, 6.3, 6.7, 7.3, 7.9, 8.2, 7.9, 7.3, 6.7, 6.2, 5.8, 5.6, 5.9, 6.4, 6.9, 7.2, 7.5, 7.6, 7.5, 7.3, 7.1, 7.0, 7.0, 7.1, 7.3, 7.6, 8.0, 8.5, 9.1, 9.5, 9.4, 9.0, 8.7, 8.3, 7.9, 8.0, 9.0, 10.6, 12.0, 13.2, 14.2, 14.9, 15.1, 14.9, 14.3, 13.2, 11.9, 10.7, 9.9, 9.3, 9.1, 9.5, 10.3, 10.9, 10.9, 10.6, 10.5, 10.7, 11.0], ""ammonia"": [null, null, null, null, null, null, null, null, null, null, null, null, null, null, null, null, null, null, null, null, null, null, null, null, null, null, null, null, null, null, null, null, null, null, null, null, null, null, null, null, null, null, null, null, null, null, null, null, null, null, null, null, null, null, null, null, null, null, null, null, null, null, null, null, null, null, null, null, null, null, null, null, null, null, null, null, null, null, null, null, null, null, null, null, null, null, null, null, null, null, null, null, null, null, null, null, null, null, null, null, null, null, null, null, null, null, null, null, null, null, null, null, null, null, null, null, null, null, null, null], ""us_aqi"": [82, 82, 82, 82, 82, 82, 83, 83, 83, 83, 84, 84, 84, 85, 85, 85, 86, 86, 87, 87, 87, 87, 87, 86, 86, 86, 86, 85, 85, 84, 84, 83, 82, 82, 81, 81, 81, 80, 80, 80, 80, 80, 79, 79, 79, 79, 79, 79, 79, 79, 79, 79, 79, 79, 79, 80, 80, 80, 80, 80, 80, 80, 80, 80, 79, 80, 80, 80, 80, 81, 81, 81, 81, 82, 82, 82, 83, 83, 83, 83, 83, 84, 84, 84, 85, 85, 85, 86, 86, 86, 87, 87, 87, 87, 87, 87, 88, 87, 88, 88, 88, 88, 89, 89, 89, 90, 90, 91, 91, 91, 91, 91, 91, 92, 92, 92, 92, 92, 92, 92]}}}"
2026-07-27T20:50:07.904588+00:00,Karachi,PK,24.8607,67.0011,,,,,,,,,,,,,,,,,aqicn,success,4.458364899968728,"{""air_quality"": {""status"": ""error"", ""data"": ""Invalid key""}}"
2026-07-27T20:50:06.678856+00:00,Hyderabad,PK,25.396,68.3578,28.38,72.0,997.0,9.65,231.0,61.0,,3.0,20.02,85.93,75.69,0.0,1.01,1.88,41.64,0.42,openweather,success,3.2312328999396414,"{""weather"": {""coord"": {""lon"": 68.3578, ""lat"": 25.396}, ""weather"": [{""id"": 803, ""main"": ""Clouds"", ""description"": ""broken clouds"", ""icon"": ""04n""}], ""base"": ""stations"", ""main"": {""temp"": 28.38, ""feels_like"": 31.73, ""temp_min"": 28.38, ""temp_max"": 28.38, ""pressure"": 997, ""humidity"": 72, ""sea_level"": 997, ""grnd_level"": 993}, ""visibility"": 10000, ""wind"": {""speed"": 9.65, ""deg"": 231, ""gust"": 13.05}, ""clouds"": {""all"": 61}, ""dt"": 1785185405, ""sys"": {""country"": ""PK"", ""sunrise"": 1785199876, ""sunset"": 1785248078}, ""timezone"": 18000, ""id"": 1176734, ""name"": ""Hyderābād"", ""cod"": 200}, ""air_quality"": {""coord"": {""lon"": 68.3578, ""lat"": 25.396}, ""list"": [{""main"": {""aqi"": 3}, ""components"": {""co"": 75.69, ""no"": 0, ""no2"": 1.01, ""o3"": 41.64, ""so2"": 1.88, ""pm2_5"": 20.02, ""pm10"": 85.93, ""nh3"": 0.42}, ""dt"": 1785185405}]}}"
2026-07-27T20:45,Hyderabad,PK,25.396,68.3578,28.0,81.0,997.4,17.3,225.0,12.0,0.0,87.0,17.7,33.2,122.0,,8.5,6.4,35.0,,openmeteo,success,5.835152399959043,"{""weather"": {""latitude"": 25.413004, ""longitude"": 68.353195, ""generationtime_ms"": 11.944770812988281, ""utc_offset_seconds"": 0, ""timezone"": ""GMT"", ""timezone_abbreviation"": ""GMT"", ""elevation"": 29.0, ""current_units"": {""time"": ""iso8601"", ""interval"": ""seconds"", ""temperature_2m"": ""°C"", ""relative_humidity_2m"": ""%"", ""pressure_msl"": ""hPa"", ""wind_speed_10m"": ""km/h"", ""wind_direction_10m"": ""°"", ""cloud_cover"": ""%"", ""rain"": ""mm""}, ""current"": {""time"": ""2026-07-27T20:45"", ""interval"": 900, ""temperature_2m"": 28.0, ""relative_humidity_2m"": 81, ""pressure_msl"": 997.4, ""wind_speed_10m"": 17.3, ""wind_direction_10m"": 225, ""cloud_cover"": 12, ""rain"": 0.0}}, ""air_quality"": {""latitude"": 25.400002, ""longitude"": 68.40001, ""generationtime_ms"": 0.38421154022216797, ""utc_offset_seconds"": 0, ""timezone"": ""GMT"", ""timezone_abbreviation"": ""GMT"", ""elevation"": 29.0, ""hourly_units"": {""time"": ""iso8601"", ""pm10"": ""μg/m³"", ""pm2_5"": ""μg/m³"", ""carbon_monoxide"": ""μg/m³"", ""nitrogen_dioxide"": ""μg/m³"", ""ozone"": ""μg/m³"", ""sulphur_dioxide"": ""μg/m³"", ""ammonia"": ""μg/m³"", ""us_aqi"": ""USAQI""}, ""hourly"": {""time"": [""2026-07-27T00:00"", ""2026-07-27T01:00"", ""2026-07-27T02:00"", ""2026-07-27T03:00"", ""2026-07-27T04:00"", ""2026-07-27T05:00"", ""2026-07-27T06:00"", ""2026-07-27T07:00"", ""2026-07-27T08:00"", ""2026-07-27T09:00"", ""2026-07-27T10:00"", ""2026-07-27T11:00"", ""2026-07-27T12:00"", ""2026-07-27T13:00"", ""2026-07-27T14:00"", ""2026-07-27T15:00"", ""2026-07-27T16:00"", ""2026-07-27T17:00"", ""2026-07-27T18:00"", ""2026-07-27T19:00"", ""2026-07-27T20:00"", ""2026-07-27T21:00"", ""2026-07-27T22:00"", ""2026-07-27T23:00"", ""2026-07-28T00:00"", ""2026-07-28T01:00"", ""2026-07-28T02:00"", ""2026-07-28T03:00"", ""2026-07-28T04:00"", ""2026-07-28T05:00"", ""2026-07-28T06:00"", ""2026-07-28T07:00"", ""2026-07-28T08:00"", ""2026-07-28T09:00"", ""2026-07-28T10:00"", ""2026-07-28T11:00"", ""2026-07-28T12:00"", ""2026-07-28T13:00"", ""2026-07-28T14:00"", ""2026-07-28T15:00"", ""2026-07-28T16:00"", ""2026-07-28T17:00"", ""2026-07-28T18:00"", ""2026-07-28T19:00"", ""2026-07-28T20:00"", ""2026-07-28T21:00"", ""2026-07-28T22:00"", ""2026-07-28T23:00"", ""2026-07-29T00:00"", ""2026-07-29T01:00"", ""2026-07-29T02:00"", ""2026-07-29T03:00"", ""2026-07-29T04:00"", ""2026-07-29T05:00"", ""2026-07-29T06:00"", ""2026-07-29T07:00"", ""2026-07-29T08:00"", ""2026-07-29T09:00"", ""2026-07-29T10:00"", ""2026-07-29T11:00"", ""2026-07-29T12:00"", ""2026-07-29T13:00"", ""2026-07-29T14:00"", ""2026-07-29T15:00"", ""2026-07-29T16:00"", ""2026-07-29T17:00"", ""2026-07-29T18:00"", ""2026-07-29T19:00"", ""2026-07-29T20:00"", ""2026-07-29T21:00"", ""2026-07-29T22:00"", ""2026-07-29T23:00"", ""2026-07-30T00:00"", ""2026-07-30T01:00"", ""2026-07-30T02:00"", ""2026-07-30T03:00"", ""2026-07-30T04:00"", ""2026-07-30T05:00"", ""2026-07-30T06:00"", ""2026-07-30T07:00"", ""2026-07-30T08:00"", ""2026-07-30T09:00"", ""2026-07-30T10:00"", ""2026-07-30T11:00"", ""2026-07-30T12:00"", ""2026-07-30T13:00"", ""2026-07-30T14:00"", ""2026-07-30T15:00"", ""2026-07-30T16:00"", ""2026-07-30T17:00"", ""2026-07-30T18:00"", ""2026-07-30T19:00"", ""2026-07-30T20:00"", ""2026-07-30T21:00"", ""2026-07-30T22:00"", ""2026-07-30T23:00"", ""2026-07-31T00:00"", ""2026-07-31T01:00"", ""2026-07-31T02:00"", ""2026-07-31T03:00"", ""2026-07-31T04:00"", ""2026-07-31T05:00"", ""2026-07-31T06:00"", ""2026-07-31T07:00"", ""2026-07-31T08:00"", ""2026-07-31T09:00"", ""2026-07-31T10:00"", ""2026-07-31T11:00"", ""2026-07-31T12:00"", ""2026-07-31T13:00"", ""2026-07-31T14:00"", ""2026-07-31T15:00"", ""2026-07-31T16:00"", ""2026-07-31T17:00"", ""2026-07-31T18:00"", ""2026-07-31T19:00"", ""2026-07-31T20:00"", ""2026-07-31T21:00"", ""2026-07-31T22:00"", ""2026-07-31T23:00""], ""pm10"": [33.2, 37.0, 39.3, 44.0, 51.7, 61.9, 76.4, 88.0, 98.3, 105.9, 108.3, 105.0, 97.3, 88.0, 79.2, 76.4, 73.1, 69.2, 64.3, 59.0, 57.7, 57.2, 53.0, 48.8, 43.2, 39.0, 39.2, 51.1, 65.9, 70.8, 77.5, 84.3, 89.6, 92.2, 91.7, 90.3, 88.9, 86.8, 80.1, 75.4, 68.9, 62.6, 55.1, 45.1, 38.5, 36.7, 38.4, 40.5, 40.6, 39.8, 43.8, 58.9, 68.0, 89.4, 106.2, 127.1, 146.2, 155.1, 157.4, 149.5, 134.1, 113.2, 88.7, 74.0, 65.7, 60.8, 55.5, 50.2, 45.6, 44.7, 46.3, 49.8, 51.2, 53.7, 80.6, 69.6, 77.3, 79.6, 85.7, 95.2, 105.5, 116.9, 125.7, 128.5, 128.1, 118.5, 96.6, 77.8, 68.2, 61.7, 59.1, 56.2, 54.0, 52.4, 49.6, 48.9, 47.3, 46.0, 50.3, 61.9, 78.9, 95.7, 109.0, 114.8, 115.7, 112.7, 108.0, 104.3, 102.2, 100.6, 89.6, 77.5, 75.9, 68.2, 62.6, 58.7, 56.9, 54.2, 51.9, 50.6], ""pm2_5"": [17.7, 18.0, 18.3, 19.4, 21.4, 24.4, 28.9, 33.3, 37.1, 39.8, 41.6, 41.7, 40.7, 39.0, 36.9, 35.0, 32.8, 30.5, 28.0, 25.7, 23.5, 22.0, 19.6, 18.0, 16.3, 15.3, 15.8, 19.4, 23.8, 26.4, 29.5, 32.4, 34.5, 35.6, 35.9, 35.6, 35.3, 34.9, 33.5, 31.5, 29.3, 27.2, 24.4, 20.6, 17.8, 16.9, 17.2, 17.6, 17.6, 17.3, 18.2, 22.8, 24.3, 29.5, 34.3, 40.2, 45.5, 48.9, 50.5, 50.1, 47.6, 43.4, 37.7, 32.8, 29.7, 27.8, 25.2, 22.6, 20.2, 19.4, 19.6, 20.2, 20.5, 21.4, 28.2, 24.2, 27.1, 29.0, 32.1, 35.9, 39.6, 43.0, 45.4, 46.6, 47.0, 45.9, 42.7, 38.4, 34.2, 31.4, 29.7, 27.6, 25.7, 24.2, 22.1, 21.1, 20.4, 20.1, 21.1, 23.6, 27.6, 31.8, 35.4, 37.1, 37.6, 36.9, 35.6, 34.7, 34.1, 33.9, 34.1, 34.6, 33.6, 31.9, 30.2, 28.6, 27.4, 25.8, 24.7, 23.9], ""carbon_monoxide"": [122.0, 170.0, 236.0, 277.0, 267.0, 232.0, 206.0, 202.0, 207.0, 217.0, 237.0, 262.0, 276.0, 270.0, 252.0, 233.0, 215.0, 196.0, 181.0, 173.0, 169.0, 165.0, 157.0, 150.0, 153.0, 177.0, 210.0, 234.0, 238.0, 231.0, 222.0, 212.0, 201.0, 193.0, 192.0, 195.0, 197.0, 197.0, 197.0, 195.0, 191.0, 184.0, 174.0, 155.0, 133.0, 119.0, 116.0, 121.0, 140.0, 187.0, 248.0, 288.0, 286.0, 263.0, 244.0, 237.0, 234.0, 241.0, 268.0, 304.0, 323.0, 308.0, 277.0, 256.0, 263.0, 280.0, 287.0, 271.0, 245.0, 225.0, 215.0, 210.0, 219.0, 252.0, 298.0, 328.0, 326.0, 307.0, 292.0, 286.0, 284.0, 289.0, 308.0, 334.0, 354.0, 363.0, 366.0, 363.0, 356.0, 344.0, 321.0, 279.0, 227.0, 188.0, 168.0, 160.0, 174.0, 227.0, 301.0, 349.0, 346.0, 317.0, 288.0, 266.0, 244.0, 232.0, 231.0, 240.0, 264.0, 315.0, 380.0, 427.0, 446.0, 446.0, 420.0, 349.0, 253.0, 182.0, 162.0, 169.0], ""nitrogen_dioxide"": [8.5, 8.1, 7.4, 6.6, 5.4, 4.0, 2.8, 2.1, 1.7, 1.5, 1.5, 1.8, 2.4, 3.5, 4.9, 6.1, 6.9, 7.5, 7.7, 7.3, 6.6, 5.9, 5.5, 5.2, 4.9, 4.6, 4.2, 3.8, 3.1, 2.4, 1.8, 1.5, 1.4, 1.4, 1.5, 1.8, 2.3, 3.2, 4.4, 5.4, 6.1, 6.6, 6.9, 6.8, 6.5, 6.2, 6.0, 5.8, 5.6, 5.3, 5.1, 4.6, 3.8, 2.9, 2.2, 1.8, 1.7, 1.7, 1.9, 2.2, 2.8, 3.8, 4.9, 6.1, 7.2, 8.3, 9.0, 9.1, 8.8, 8.4, 8.2, 7.9, 7.5, 6.9, 6.2, 5.4, 4.4, 3.2, 2.3, 1.8, 1.6, 1.6, 1.7, 2.0, 2.6, 3.9, 5.5, 6.9, 7.8, 8.5, 9.1, 9.8, 10.4, 10.7, 10.5, 9.9, 9.3, 8.7, 7.9, 7.0, 5.8, 4.4, 3.3, 2.6, 2.1, 1.8, 1.5, 1.5, 2.5, 5.5, 9.6, 12.1, 11.5, 9.4, 8.0, 8.2, 9.1, 10.2, 11.4, 12.7], ""ozone"": [35.0, 36.0, 37.0, 42.0, 51.0, 63.0, 76.0, 89.0, 103.0, 113.0, 119.0, 122.0, 118.0, 104.0, 85.0, 68.0, 58.0, 50.0, 45.0, 43.0, 43.0, 44.0, 44.0, 44.0, 44.0, 44.0, 45.0, 49.0, 58.0, 69.0, 80.0, 90.0, 99.0, 104.0, 105.0, 102.0, 96.0, 87.0, 75.0, 65.0, 58.0, 52.0, 48.0, 46.0, 47.0, 47.0, 46.0, 46.0, 46.0, 47.0, 48.0, 53.0, 63.0, 75.0, 88.0, 100.0, 112.0, 121.0, 127.0, 131.0, 129.0, 118.0, 101.0, 85.0, 72.0, 59.0, 50.0, 46.0, 46.0, 46.0, 45.0, 45.0, 46.0, 47.0, 50.0, 56.0, 68.0, 84.0, 98.0, 110.0, 121.0, 129.0, 133.0, 135.0, 133.0, 127.0, 118.0, 107.0, 93.0, 76.0, 63.0, 54.0, 48.0, 44.0, 42.0, 41.0, 42.0, 43.0, 46.0, 52.0, 64.0, 79.0, 92.0, 100.0, 106.0, 109.0, 111.0, 110.0, 106.0, 95.0, 80.0, 68.0, 62.0, 58.0, 54.0, 49.0, 44.0, 40.0, 36.0, 32.0], ""sulphur_dioxide"": [6.4, 6.3, 6.3, 6.3, 6.5, 6.9, 7.2, 7.4, 7.6, 7.8, 7.9, 7.9, 8.0, 8.1, 8.3, 8.3, 8.2, 8.0, 7.8, 7.5, 7.2, 6.9, 6.4, 6.0, 5.6, 5.5, 5.5, 5.6, 5.8, 6.1, 6.3, 6.4, 6.4, 6.4, 6.4, 6.4, 6.5, 6.8, 7.1, 7.3, 7.3, 7.2, 7.1, 7.0, 6.8, 6.6, 6.4, 6.2, 6.1, 6.0, 5.9, 6.0, 6.2, 6.5, 6.9, 7.3, 7.8, 8.2, 8.4, 8.6, 8.7, 8.8, 8.9, 8.9, 8.8, 8.7, 8.5, 8.4, 8.2, 8.1, 8.0, 7.8, 7.7, 7.6, 7.4, 7.4, 7.5, 7.7, 8.0, 8.3, 8.7, 9.0, 9.0, 8.9, 8.9, 9.0, 9.1, 9.3, 9.5, 9.8, 9.9, 9.7, 9.4, 9.1, 8.8, 8.4, 8.2, 8.3, 8.5, 8.8, 9.3, 9.8, 9.8, 8.8, 7.3, 6.1, 5.5, 5.3, 5.2, 5.1, 5.2, 5.8, 7.3, 9.2, 10.6, 11.0, 10.8, 10.6, 10.6, 10.7], ""ammonia"": [null, null, null, null, null, null, null, null, null, null, null, null, null, null, null, null, null, null, null, null, null, null, null, null, null, null, null, null, null, null, null, null, null, null, null, null, null, null, null, null, null, null, null, null, null, null, null, null, null, null, null, null, null, null, null, null, null, null, null, null, null, null, null, null, null, null, null, null, null, null, null, null, null, null, null, null, null, null, null, null, null, null, null, null, null, null, null, null, null, null, null, null, null, null, null, null, null, null, null, null, null, null, null, null, null, null, null, null, null, null, null, null, null, null, null, null, null, null, null, null], ""us_aqi"": [87, 87, 87, 87, 87, 87, 86, 86, 86, 86, 86, 86, 87, 87, 87, 87, 87, 86, 86, 87, 87, 87, 88, 88, 88, 87, 87, 87, 87, 87, 87, 87, 87, 87, 87, 86, 86, 85, 85, 85, 85, 84, 84, 84, 83, 83, 83, 82, 82, 82, 83, 83, 83, 83, 83, 84, 84, 85, 86, 87, 88, 89, 90, 90, 91, 91, 91, 91, 91, 91, 91, 91, 92, 92, 92, 93, 93, 93, 93, 93, 93, 92, 92, 91, 91, 91, 91, 92, 92, 92, 93, 93, 93, 94, 94, 95, 95, 95, 94, 94, 94, 94, 94, 94, 94, 94, 94, 93, 92, 91, 90, 89, 89, 89, 89, 89, 89, 89, 90, 90]}}}"
2026-07-27T20:50:04.801709+00:00,Hyderabad,PK,25.396,68.3578,,,,,,,,,,,,,,,,,aqicn,success,1.3512807000661269,"{""air_quality"": {""status"": ""error"", ""data"": ""Invalid key""}}"
2026-07-27T20:50:06.690906+00:00,Sukkur,PK,27.7052,68.8484,34.87,48.0,994.0,6.86,189.0,11.0,,4.0,27.94,115.26,106.38,0.0,1.83,1.58,42.9,4.99,openweather,success,3.238722199923359,"{""weather"": {""coord"": {""lon"": 68.8484, ""lat"": 27.7052}, ""weather"": [{""id"": 801, ""main"": ""Clouds"", ""description"": ""few clouds"", ""icon"": ""02n""}], ""base"": ""stations"", ""main"": {""temp"": 34.87, ""feels_like"": 39.62, ""temp_min"": 34.87, ""temp_max"": 34.87, ""pressure"": 994, ""humidity"": 48, ""sea_level"": 994, ""grnd_level"": 987}, ""visibility"": 10000, ""wind"": {""speed"": 6.86, ""deg"": 189, ""gust"": 9.79}, ""clouds"": {""all"": 11}, ""dt"": 1785185405, ""sys"": {""country"": ""PK"", ""sunrise"": 1785199510, ""sunset"": 1785248208}, ""timezone"": 18000, ""id"": 1164408, ""name"": ""Sukkur"", ""cod"": 200}, ""air_quality"": {""coord"": {""lon"": 68.8484, ""lat"": 27.7052}, ""list"": [{""main"": {""aqi"": 4}, ""components"": {""co"": 106.38, ""no"": 0, ""no2"": 1.83, ""o3"": 42.9, ""so2"": 1.58, ""pm2_5"": 27.94, ""pm10"": 115.26, ""nh3"": 4.99}, ""dt"": 1785185405}]}}"
2026-07-27T20:45,Sukkur,PK,27.7052,68.8484,33.0,56.0,994.9,14.1,199.0,41.0,0.0,89.0,27.7,29.6,945.0,,18.3,4.7,38.0,,openmeteo,success,4.822438000002876,"{""weather"": {""latitude"": 27.732864, ""longitude"": 68.865166, ""generationtime_ms"": 13.242483139038086, ""utc_offset_seconds"": 0, ""timezone"": ""GMT"", ""timezone_abbreviation"": ""GMT"", ""elevation"": 61.0, ""current_units"": {""time"": ""iso8601"", ""interval"": ""seconds"", ""temperature_2m"": ""°C"", ""relative_humidity_2m"": ""%"", ""pressure_msl"": ""hPa"", ""wind_speed_10m"": ""km/h"", ""wind_direction_10m"": ""°"", ""cloud_cover"": ""%"", ""rain"": ""mm""}, ""current"": {""time"": ""2026-07-27T20:45"", ""interval"": 900, ""temperature_2m"": 33.0, ""relative_humidity_2m"": 56, ""pressure_msl"": 994.9, ""wind_speed_10m"": 14.1, ""wind_direction_10m"": 199, ""cloud_cover"": 41, ""rain"": 0.0}}, ""air_quality"": {""latitude"": 27.700005, ""longitude"": 68.8, ""generationtime_ms"": 0.7412433624267578, ""utc_offset_seconds"": 0, ""timezone"": ""GMT"", ""timezone_abbreviation"": ""GMT"", ""elevation"": 61.0, ""hourly_units"": {""time"": ""iso8601"", ""pm10"": ""μg/m³"", ""pm2_5"": ""μg/m³"", ""carbon_monoxide"": ""μg/m³"", ""nitrogen_dioxide"": ""μg/m³"", ""ozone"": ""μg/m³"", ""sulphur_dioxide"": ""μg/m³"", ""ammonia"": ""μg/m³"", ""us_aqi"": ""USAQI""}, ""hourly"": {""time"": [""2026-07-27T00:00"", ""2026-07-27T01:00"", ""2026-07-27T02:00"", ""2026-07-27T03:00"", ""2026-07-27T04:00"", ""2026-07-27T05:00"", ""2026-07-27T06:00"", ""2026-07-27T07:00"", ""2026-07-27T08:00"", ""2026-07-27T09:00"", ""2026-07-27T10:00"", ""2026-07-27T11:00"", ""2026-07-27T12:00"", ""2026-07-27T13:00"", ""2026-07-27T14:00"", ""2026-07-27T15:00"", ""2026-07-27T16:00"", ""2026-07-27T17:00"", ""2026-07-27T18:00"", ""2026-07-27T19:00"", ""2026-07-27T20:00"", ""2026-07-27T21:00"", ""2026-07-27T22:00"", ""2026-07-27T23:00"", ""2026-07-28T00:00"", ""2026-07-28T01:00"", ""2026-07-28T02:00"", ""2026-07-28T03:00"", ""2026-07-28T04:00"", ""2026-07-28T05:00"", ""2026-07-28T06:00"", ""2026-07-28T07:00"", ""2026-07-28T08:00"", ""2026-07-28T09:00"", ""2026-07-28T10:00"", ""2026-07-28T11:00"", ""2026-07-28T12:00"", ""2026-07-28T13:00"", ""2026-07-28T14:00"", ""2026-07-28T15:00"", ""2026-07-28T16:00"", ""2026-07-28T17:00"", ""2026-07-28T18:00"", ""2026-07-28T19:00"", ""2026-07-28T20:00"", ""2026-07-28T21:00"", ""2026-07-28T22:00"", ""2026-07-28T23:00"", ""2026-07-29T00:00"", ""2026-07-29T01:00"", ""2026-07-29T02:00"", ""2026-07-29T03:00"", ""2026-07-29T04:00"", ""2026-07-29T05:00"", ""2026-07-29T06:00"", ""2026-07-29T07:00"", ""2026-07-29T08:00"", ""2026-07-29T09:00"", ""2026-07-29T10:00"", ""2026-07-29T11:00"", ""2026-07-29T12:00"", ""2026-07-29T13:00"", ""2026-07-29T14:00"", ""2026-07-29T15:00"", ""2026-07-29T16:00"", ""2026-07-29T17:00"", ""2026-07-29T18:00"", ""2026-07-29T19:00"", ""2026-07-29T20:00"", ""2026-07-29T21:00"", ""2026-07-29T22:00"", ""2026-07-29T23:00"", ""2026-07-30T00:00"", ""2026-07-30T01:00"", ""2026-07-30T02:00"", ""2026-07-30T03:00"", ""2026-07-30T04:00"", ""2026-07-30T05:00"", ""2026-07-30T06:00"", ""2026-07-30T07:00"", ""2026-07-30T08:00"", ""2026-07-30T09:00"", ""2026-07-30T10:00"", ""2026-07-30T11:00"", ""2026-07-30T12:00"", ""2026-07-30T13:00"", ""2026-07-30T14:00"", ""2026-07-30T15:00"", ""2026-07-30T16:00"", ""2026-07-30T17:00"", ""2026-07-30T18:00"", ""2026-07-30T19:00"", ""2026-07-30T20:00"", ""2026-07-30T21:00"", ""2026-07-30T22:00"", ""2026-07-30T23:00"", ""2026-07-31T00:00"", ""2026-07-31T01:00"", ""2026-07-31T02:00"", ""2026-07-31T03:00"", ""2026-07-31T04:00"", ""2026-07-31T05:00"", ""2026-07-31T06:00"", ""2026-07-31T07:00"", ""2026-07-31T08:00"", ""2026-07-31T09:00"", ""2026-07-31T10:00"", ""2026-07-31T11:00"", ""2026-07-31T12:00"", ""2026-07-31T13:00"", ""2026-07-31T14:00"", ""2026-07-31T15:00"", ""2026-07-31T16:00"", ""2026-07-31T17:00"", ""2026-07-31T18:00"", ""2026-07-31T19:00"", ""2026-07-31T20:00"", ""2026-07-31T21:00"", ""2026-07-31T22:00"", ""2026-07-31T23:00""], ""pm10"": [29.6, 27.2, 25.1, 17.5, 15.8, 21.0, 28.9, 36.7, 44.9, 50.6, 57.4, 63.1, 65.7, 68.7, 66.6, 68.7, 72.6, 76.8, 99.9, 154.1, 206.3, 218.9, 209.5, 192.3, 165.3, 135.5, 105.5, 82.4, 78.7, 95.2, 111.5, 118.0, 124.3, 131.3, 141.6, 149.5, 157.4, 157.9, 135.5, 108.5, 88.2, 81.5, 105.7, 154.1, 177.0, 169.5, 144.4, 115.9, 85.2, 65.7, 54.0, 53.4, 61.0, 72.9, 89.6, 107.8, 122.5, 122.5, 114.3, 104.8, 95.7, 85.7, 73.1, 64.3, 58.9, 54.4, 52.5, 52.5, 52.6, 52.7, 53.8, 56.8, 62.4, 69.6, 79.6, 92.7, 107.6, 131.8, 157.4, 156.9, 156.5, 157.9, 161.1, 160.7, 155.5, 144.4, 118.3, 90.6, 73.8, 63.8, 61.0, 61.5, 62.9, 64.7, 65.4, 62.9, 59.6, 55.8, 54.7, 55.6, 66.4, 101.0, 135.0, 152.3, 157.4, 158.3, 158.3, 155.5, 156.9, 165.3, 166.2, 141.1, 151.3, 113.9, 95.5, 85.0, 88.7, 88.5, 80.6, 77.3], ""pm2_5"": [27.7, 26.1, 24.4, 16.6, 14.1, 15.0, 17.7, 20.3, 22.3, 23.7, 25.4, 27.3, 28.9, 31.1, 34.0, 37.1, 38.1, 38.6, 43.2, 55.6, 70.8, 79.4, 80.6, 76.1, 67.8, 57.2, 45.3, 34.9, 30.3, 31.4, 34.0, 35.3, 36.7, 38.6, 41.3, 43.9, 46.6, 48.4, 48.4, 46.2, 42.1, 39.8, 45.1, 57.2, 65.7, 65.7, 59.0, 49.7, 40.5, 32.8, 27.6, 25.7, 26.4, 28.7, 31.9, 35.3, 38.4, 39.3, 38.5, 37.1, 35.5, 34.0, 32.9, 32.4, 31.2, 30.2, 29.5, 28.8, 28.6, 28.6, 28.9, 30.0, 32.1, 34.9, 38.1, 40.5, 42.6, 46.6, 50.8, 49.9, 49.0, 48.8, 49.0, 49.0, 48.4, 47.1, 45.1, 41.8, 37.8, 34.6, 32.8, 31.9, 31.4, 31.2, 31.0, 30.5, 29.9, 29.5, 29.8, 30.7, 33.5, 37.7, 41.9, 44.7, 45.6, 45.6, 45.5, 44.8, 45.4, 48.3, 52.2, 55.3, 57.6, 52.0, 47.8, 44.7, 41.6, 37.3, 35.4, 34.8], ""carbon_monoxide"": [945.0, 802.0, 646.0, 518.0, 432.0, 373.0, 332.0, 315.0, 316.0, 314.0, 292.0, 266.0, 261.0, 305.0, 370.0, 401.0, 364.0, 293.0, 230.0, 189.0, 156.0, 132.0, 120.0, 117.0, 121.0, 135.0, 156.0, 170.0, 171.0, 166.0, 160.0, 153.0, 145.0, 141.0, 140.0, 143.0, 153.0, 179.0, 213.0, 234.0, 232.0, 217.0, 203.0, 193.0, 183.0, 176.0, 172.0, 171.0, 172.0, 177.0, 184.0, 188.0, 186.0, 181.0, 174.0, 165.0, 155.0, 148.0, 143.0, 140.0, 145.0, 165.0, 193.0, 209.0, 203.0, 185.0, 168.0, 153.0, 139.0, 129.0, 122.0, 118.0, 127.0, 159.0, 204.0, 234.0, 237.0, 225.0, 212.0, 199.0, 184.0, 174.0, 161.0, 152.0, 180.0, 293.0, 443.0, 516.0, 436.0, 280.0, 161.0, 129.0, 134.0, 141.0, 136.0, 133.0, 137.0, 156.0, 181.0, 196.0, 189.0, 171.0, 156.0, 149.0, 146.0, 146.0, 148.0, 154.0, 162.0, 177.0, 195.0, 205.0, 199.0, 185.0, 176.0, 181.0, 192.0, 198.0, 194.0, 185.0], ""nitrogen_dioxide"": [18.3, 15.0, 10.5, 6.7, 4.4, 2.9, 1.8, 1.2, 1.2, 1.2, 1.1, 1.2, 1.7, 3.4, 5.5, 6.8, 6.2, 4.8, 3.8, 3.9, 4.4, 4.9, 5.4, 5.9, 6.2, 6.1, 5.7, 5.1, 4.0, 2.6, 1.6, 1.1, 0.9, 0.9, 0.9, 1.0, 1.5, 2.7, 4.2, 5.2, 5.0, 4.3, 3.8, 4.0, 4.4, 4.9, 5.6, 6.3, 6.8, 6.9, 6.6, 6.0, 4.8, 3.2, 1.9, 1.3, 1.1, 1.0, 0.9, 1.0, 1.4, 2.4, 3.6, 4.4, 4.3, 3.7, 3.3, 3.4, 3.7, 4.0, 4.3, 4.7, 5.1, 5.7, 6.3, 6.3, 5.1, 3.3, 1.9, 1.3, 1.1, 1.0, 0.9, 1.0, 1.4, 2.5, 3.8, 4.6, 4.2, 3.1, 2.4, 2.3, 2.5, 2.7, 2.8, 3.0, 3.2, 3.5, 3.9, 3.9, 3.2, 2.1, 1.3, 0.9, 0.8, 0.8, 0.8, 0.9, 1.4, 2.6, 4.1, 5.3, 5.9, 6.1, 5.9, 5.1, 4.0, 3.2, 3.2, 3.5], ""ozone"": [38.0, 53.0, 74.0, 93.0, 109.0, 124.0, 135.0, 139.0, 139.0, 137.0, 135.0, 131.0, 125.0, 114.0, 100.0, 90.0, 88.0, 89.0, 86.0, 74.0, 58.0, 46.0, 40.0, 37.0, 36.0, 36.0, 38.0, 44.0, 57.0, 75.0, 88.0, 94.0, 96.0, 97.0, 98.0, 98.0, 97.0, 96.0, 93.0, 92.0, 93.0, 94.0, 92.0, 86.0, 77.0, 68.0, 60.0, 53.0, 48.0, 44.0, 43.0, 47.0, 61.0, 81.0, 96.0, 102.0, 104.0, 103.0, 101.0, 96.0, 91.0, 86.0, 80.0, 76.0, 75.0, 74.0, 73.0, 69.0, 64.0, 59.0, 55.0, 52.0, 50.0, 50.0, 51.0, 58.0, 75.0, 98.0, 114.0, 119.0, 118.0, 115.0, 113.0, 110.0, 105.0, 97.0, 88.0, 80.0, 76.0, 74.0, 71.0, 67.0, 62.0, 58.0, 54.0, 51.0, 50.0, 50.0, 51.0, 56.0, 69.0, 87.0, 99.0, 100.0, 95.0, 91.0, 89.0, 87.0, 85.0, 83.0, 81.0, 78.0, 71.0, 63.0, 57.0, 56.0, 56.0, 57.0, 56.0, 56.0], ""sulphur_dioxide"": [4.7, 4.8, 5.0, 5.3, 5.9, 6.7, 7.1, 6.8, 6.2, 5.6, 5.2, 4.8, 4.6, 4.6, 4.7, 4.9, 5.5, 6.2, 6.5, 5.9, 4.8, 4.0, 3.8, 4.0, 4.2, 4.5, 4.9, 5.2, 5.2, 5.0, 4.8, 4.6, 4.3, 4.1, 4.0, 4.0, 4.1, 4.5, 5.0, 5.4, 5.6, 5.8, 6.0, 6.4, 6.8, 7.3, 7.8, 8.3, 8.6, 8.8, 8.8, 8.6, 7.9, 6.9, 6.0, 5.3, 4.6, 4.1, 3.7, 3.4, 3.2, 3.2, 3.3, 3.3, 3.2, 3.1, 3.0, 2.8, 2.5, 2.4, 2.6, 3.0, 3.7, 5.1, 6.9, 8.1, 8.4, 8.2, 7.8, 7.1, 6.2, 5.5, 5.1, 4.8, 4.6, 4.5, 4.4, 4.2, 3.8, 3.4, 3.0, 2.8, 2.8, 2.7, 2.6, 2.5, 2.5, 2.8, 3.3, 3.7, 3.9, 4.0, 3.9, 3.5, 2.9, 2.5, 2.3, 2.2, 2.4, 3.0, 3.9, 4.3, 4.0, 3.3, 2.7, 2.4, 2.1, 1.9, 1.8, 1.7], ""ammonia"": [null, null, null, null, null, null, null, null, null, null, null, null, null, null, null, null, null, null, null, null, null, null, null, null, null, null, null, null, null, null, null, null, null, null, null, null, null, null, null, null, null, null, null, null, null, null, null, null, null, null, null, null, null, null, null, null, null, null, null, null, null, null, null, null, null, null, null, null, null, null, null, null, null, null, null, null, null, null, null, null, null, null, null, null, null, null, null, null, null, null, null, null, null, null, null, null, null, null, null, null, null, null, null, null, null, null, null, null, null, null, null, null, null, null, null, null, null, null, null, null], ""us_aqi"": [89, 89, 88, 88, 86, 84, 82, 81, 81, 81, 81, 82, 90, 93, 91, 86, 87, 87, 87, 87, 88, 90, 94, 98, 102, 106, 110, 112, 114, 115, 117, 119, 120, 122, 124, 125, 127, 129, 131, 132, 133, 133, 134, 134, 134, 133, 132, 130, 127, 124, 122, 120, 119, 118, 118, 118, 118, 118, 118, 118, 117, 116, 114, 113, 111, 110, 109, 108, 105, 101, 98, 95, 94, 93, 93, 94, 95, 97, 98, 99, 101, 102, 103, 104, 105, 107, 108, 109, 110, 111, 111, 112, 112, 112, 113, 113, 113, 113, 112, 111, 110, 109, 108, 107, 107, 106, 106, 106, 105, 105, 105, 106, 107, 109, 111, 113, 114, 115, 116, 116]}}}"
2026-07-27T20:50:04.981738+00:00,Sukkur,PK,27.7052,68.8484,,,,,,,,,,,,,,,,,aqicn,success,1.5267839999869466,"{""air_quality"": {""status"": ""error"", ""data"": ""Invalid key""}}"
2026-07-27T20:50:08.201850+00:00,Khairpur Mir's,PK,27.5295,68.7592,33.62,52.0,994.0,6.94,182.0,19.0,,4.0,28.57,123.67,93.55,0.0,1.41,1.63,42.36,3.74,openweather,success,4.745875200023875,"{""weather"": {""coord"": {""lon"": 68.7592, ""lat"": 27.5295}, ""weather"": [{""id"": 801, ""main"": ""Clouds"", ""description"": ""few clouds"", ""icon"": ""02n""}], ""base"": ""stations"", ""main"": {""temp"": 33.62, ""feels_like"": 38.22, ""temp_min"": 33.62, ""temp_max"": 33.62, ""pressure"": 994, ""humidity"": 52, ""sea_level"": 994, ""grnd_level"": 988}, ""visibility"": 10000, ""wind"": {""speed"": 6.94, ""deg"": 182, ""gust"": 10.65}, ""clouds"": {""all"": 19}, ""dt"": 1785185405, ""sys"": {""country"": ""PK"", ""sunrise"": 1785199551, ""sunset"": 1785248211}, ""timezone"": 18000, ""id"": 1162004, ""name"": ""Khairpur"", ""cod"": 200}, ""air_quality"": {""coord"": {""lon"": 68.7617, ""lat"": 27.5295}, ""list"": [{""main"": {""aqi"": 4}, ""components"": {""co"": 93.55, ""no"": 0, ""no2"": 1.41, ""o3"": 42.36, ""so2"": 1.63, ""pm2_5"": 28.57, ""pm10"": 123.67, ""nh3"": 3.74}, ""dt"": 1785184820}]}}"
2026-07-27T20:45,Khairpur Mir's,PK,27.5295,68.7592,32.5,58.0,994.9,12.8,186.0,51.0,0.0,89.0,27.7,29.6,560.0,,18.3,4.7,38.0,,openmeteo,success,2.518864899990149,"{""weather"": {""latitude"": 27.521967, ""longitude"": 68.734604, ""generationtime_ms"": 58.20894241333008, ""utc_offset_seconds"": 0, ""timezone"": ""GMT"", ""timezone_abbreviation"": ""GMT"", ""elevation"": 60.0, ""current_units"": {""time"": ""iso8601"", ""interval"": ""seconds"", ""temperature_2m"": ""°C"", ""relative_humidity_2m"": ""%"", ""pressure_msl"": ""hPa"", ""wind_speed_10m"": ""km/h"", ""wind_direction_10m"": ""°"", ""cloud_cover"": ""%"", ""rain"": ""mm""}, ""current"": {""time"": ""2026-07-27T20:45"", ""interval"": 900, ""temperature_2m"": 32.5, ""relative_humidity_2m"": 58, ""pressure_msl"": 994.9, ""wind_speed_10m"": 12.8, ""wind_direction_10m"": 186, ""cloud_cover"": 51, ""rain"": 0.0}}, ""air_quality"": {""latitude"": 27.5, ""longitude"": 68.8, ""generationtime_ms"": 0.2841949462890625, ""utc_offset_seconds"": 0, ""timezone"": ""GMT"", ""timezone_abbreviation"": ""GMT"", ""elevation"": 60.0, ""hourly_units"": {""time"": ""iso8601"", ""pm10"": ""μg/m³"", ""pm2_5"": ""μg/m³"", ""carbon_monoxide"": ""μg/m³"", ""nitrogen_dioxide"": ""μg/m³"", ""ozone"": ""μg/m³"", ""sulphur_dioxide"": ""μg/m³"", ""ammonia"": ""μg/m³"", ""us_aqi"": ""USAQI""}, ""hourly"": {""time"": [""2026-07-27T00:00"", ""2026-07-27T01:00"", ""2026-07-27T02:00"", ""2026-07-27T03:00"", ""2026-07-27T04:00"", ""2026-07-27T05:00"", ""2026-07-27T06:00"", ""2026-07-27T07:00"", ""2026-07-27T08:00"", ""2026-07-27T09:00"", ""2026-07-27T10:00"", ""2026-07-27T11:00"", ""2026-07-27T12:00"", ""2026-07-27T13:00"", ""2026-07-27T14:00"", ""2026-07-27T15:00"", ""2026-07-27T16:00"", ""2026-07-27T17:00"", ""2026-07-27T18:00"", ""2026-07-27T19:00"", ""2026-07-27T20:00"", ""2026-07-27T21:00"", ""2026-07-27T22:00"", ""2026-07-27T23:00"", ""2026-07-28T00:00"", ""2026-07-28T01:00"", ""2026-07-28T02:00"", ""2026-07-28T03:00"", ""2026-07-28T04:00"", ""2026-07-28T05:00"", ""2026-07-28T06:00"", ""2026-07-28T07:00"", ""2026-07-28T08:00"", ""2026-07-28T09:00"", ""2026-07-28T10:00"", ""2026-07-28T11:00"", ""2026-07-28T12:00"", ""2026-07-28T13:00"", ""2026-07-28T14:00"", ""2026-07-28T15:00"", ""2026-07-28T16:00"", ""2026-07-28T17:00"", ""2026-07-28T18:00"", ""2026-07-28T19:00"", ""2026-07-28T20:00"", ""2026-07-28T21:00"", ""2026-07-28T22:00"", ""2026-07-28T23:00"", ""2026-07-29T00:00"", ""2026-07-29T01:00"", ""2026-07-29T02:00"", ""2026-07-29T03:00"", ""2026-07-29T04:00"", ""2026-07-29T05:00"", ""2026-07-29T06:00"", ""2026-07-29T07:00"", ""2026-07-29T08:00"", ""2026-07-29T09:00"", ""2026-07-29T10:00"", ""2026-07-29T11:00"", ""2026-07-29T12:00"", ""2026-07-29T13:00"", ""2026-07-29T14:00"", ""2026-07-29T15:00"", ""2026-07-29T16:00"", ""2026-07-29T17:00"", ""2026-07-29T18:00"", ""2026-07-29T19:00"", ""2026-07-29T20:00"", ""2026-07-29T21:00"", ""2026-07-29T22:00"", ""2026-07-29T23:00"", ""2026-07-30T00:00"", ""2026-07-30T01:00"", ""2026-07-30T02:00"", ""2026-07-30T03:00"", ""2026-07-30T04:00"", ""2026-07-30T05:00"", ""2026-07-30T06:00"", ""2026-07-30T07:00"", ""2026-07-30T08:00"", ""2026-07-30T09:00"", ""2026-07-30T10:00"", ""2026-07-30T11:00"", ""2026-07-30T12:00"", ""2026-07-30T13:00"", ""2026-07-30T14:00"", ""2026-07-30T15:00"", ""2026-07-30T16:00"", ""2026-07-30T17:00"", ""2026-07-30T18:00"", ""2026-07-30T19:00"", ""2026-07-30T20:00"", ""2026-07-30T21:00"", ""2026-07-30T22:00"", ""2026-07-30T23:00"", ""2026-07-31T00:00"", ""2026-07-31T01:00"", ""2026-07-31T02:00"", ""2026-07-31T03:00"", ""2026-07-31T04:00"", ""2026-07-31T05:00"", ""2026-07-31T06:00"", ""2026-07-31T07:00"", ""2026-07-31T08:00"", ""2026-07-31T09:00"", ""2026-07-31T10:00"", ""2026-07-31T11:00"", ""2026-07-31T12:00"", ""2026-07-31T13:00"", ""2026-07-31T14:00"", ""2026-07-31T15:00"", ""2026-07-31T16:00"", ""2026-07-31T17:00"", ""2026-07-31T18:00"", ""2026-07-31T19:00"", ""2026-07-31T20:00"", ""2026-07-31T21:00"", ""2026-07-31T22:00"", ""2026-07-31T23:00""], ""pm10"": [29.6, 27.2, 25.1, 17.5, 15.8, 21.0, 28.9, 36.7, 44.9, 50.6, 57.4, 63.1, 65.7, 68.7, 66.6, 68.7, 72.6, 76.8, 99.9, 154.1, 206.3, 218.9, 209.5, 192.3, 165.3, 135.5, 105.5, 82.4, 78.7, 95.2, 111.5, 118.0, 124.3, 131.3, 141.6, 149.5, 157.4, 157.9, 135.5, 108.5, 88.2, 81.5, 105.7, 154.1, 177.0, 169.5, 144.4, 115.9, 85.2, 65.7, 54.0, 53.4, 61.0, 72.9, 89.6, 107.8, 122.5, 122.5, 114.3, 104.8, 95.7, 85.7, 73.1, 64.3, 58.9, 54.4, 52.5, 52.5, 52.6, 52.7, 53.8, 56.8, 62.4, 69.6, 79.6, 92.7, 107.6, 131.8, 157.4, 156.9, 156.5, 157.9, 161.1, 160.7, 155.5, 144.4, 118.3, 90.6, 73.8, 63.8, 61.0, 61.5, 62.9, 64.7, 65.4, 62.9, 59.6, 55.8, 54.7, 55.6, 66.4, 101.0, 135.0, 152.3, 157.4, 158.3, 158.3, 155.5, 156.9, 165.3, 166.2, 141.1, 151.3, 113.9, 95.5, 85.0, 88.7, 88.5, 80.6, 77.3], ""pm2_5"": [27.7, 26.1, 24.4, 16.6, 14.1, 15.0, 17.7, 20.3, 22.3, 23.7, 25.4, 27.3, 28.9, 31.1, 34.0, 37.1, 38.1, 38.6, 43.2, 55.6, 70.8, 79.4, 80.6, 76.1, 67.8, 57.2, 45.3, 34.9, 30.3, 31.4, 34.0, 35.3, 36.7, 38.6, 41.3, 43.9, 46.6, 48.4, 48.4, 46.2, 42.1, 39.8, 45.1, 57.2, 65.7, 65.7, 59.0, 49.7, 40.5, 32.8, 27.6, 25.7, 26.4, 28.7, 31.9, 35.3, 38.4, 39.3, 38.5, 37.1, 35.5, 34.0, 32.9, 32.4, 31.2, 30.2, 29.5, 28.8, 28.6, 28.6, 28.9, 30.0, 32.1, 34.9, 38.1, 40.5, 42.6, 46.6, 50.8, 49.9, 49.0, 48.8, 49.0, 49.0, 48.4, 47.1, 45.1, 41.8, 37.8, 34.6, 32.8, 31.9, 31.4, 31.2, 31.0, 30.5, 29.9, 29.5, 29.8, 30.7, 33.5, 37.7, 41.9, 44.7, 45.6, 45.6, 45.5, 44.8, 45.4, 48.3, 52.2, 55.3, 57.6, 52.0, 47.8, 44.7, 41.6, 37.3, 35.4, 34.8], ""carbon_monoxide"": [560.0, 482.0, 428.0, 385.0, 353.0, 331.0, 311.0, 289.0, 268.0, 246.0, 213.0, 179.0, 175.0, 234.0, 322.0, 368.0, 332.0, 253.0, 187.0, 151.0, 126.0, 110.0, 102.0, 102.0, 106.0, 116.0, 130.0, 139.0, 139.0, 135.0, 131.0, 131.0, 131.0, 132.0, 133.0, 134.0, 137.0, 144.0, 154.0, 163.0, 171.0, 178.0, 182.0, 181.0, 176.0, 171.0, 166.0, 161.0, 158.0, 158.0, 159.0, 159.0, 155.0, 150.0, 144.0, 138.0, 132.0, 128.0, 126.0, 125.0, 127.0, 134.0, 143.0, 149.0, 148.0, 144.0, 138.0, 129.0, 118.0, 111.0, 109.0, 111.0, 123.0, 157.0, 202.0, 229.0, 222.0, 198.0, 177.0, 166.0, 157.0, 152.0, 146.0, 142.0, 152.0, 194.0, 249.0, 276.0, 246.0, 187.0, 141.0, 126.0, 123.0, 123.0, 120.0, 119.0, 121.0, 130.0, 143.0, 151.0, 148.0, 140.0, 134.0, 133.0, 134.0, 136.0, 138.0, 141.0, 145.0, 153.0, 162.0, 167.0, 164.0, 158.0, 153.0, 153.0, 155.0, 157.0, 157.0, 156.0], ""nitrogen_dioxide"": [18.3, 15.0, 10.5, 6.7, 4.4, 2.9, 1.8, 1.2, 1.2, 1.2, 1.1, 1.2, 1.7, 3.4, 5.5, 6.8, 6.2, 4.8, 3.8, 3.9, 4.4, 4.9, 5.4, 5.9, 6.2, 6.1, 5.7, 5.1, 4.0, 2.6, 1.6, 1.1, 0.9, 0.9, 0.9, 1.0, 1.5, 2.7, 4.2, 5.2, 5.0, 4.3, 3.8, 4.0, 4.4, 4.9, 5.6, 6.3, 6.8, 6.9, 6.6, 6.0, 4.8, 3.2, 1.9, 1.3, 1.1, 1.0, 0.9, 1.0, 1.4, 2.4, 3.6, 4.4, 4.3, 3.7, 3.3, 3.4, 3.7, 4.0, 4.3, 4.7, 5.1, 5.7, 6.3, 6.3, 5.1, 3.3, 1.9, 1.3, 1.1, 1.0, 0.9, 1.0, 1.4, 2.5, 3.8, 4.6, 4.2, 3.1, 2.4, 2.3, 2.5, 2.7, 2.8, 3.0, 3.2, 3.5, 3.9, 3.9, 3.2, 2.1, 1.3, 0.9, 0.8, 0.8, 0.8, 0.9, 1.4, 2.6, 4.1, 5.3, 5.9, 6.1, 5.9, 5.1, 4.0, 3.2, 3.2, 3.5], ""ozone"": [38.0, 53.0, 74.0, 93.0, 109.0, 124.0, 135.0, 139.0, 139.0, 137.0, 135.0, 131.0, 125.0, 114.0, 100.0, 90.0, 88.0, 89.0, 86.0, 74.0, 58.0, 46.0, 40.0, 37.0, 36.0, 36.0, 38.0, 44.0, 57.0, 75.0, 88.0, 94.0, 96.0, 97.0, 98.0, 98.0, 97.0, 96.0, 93.0, 92.0, 93.0, 94.0, 92.0, 86.0, 77.0, 68.0, 60.0, 53.0, 48.0, 44.0, 43.0, 47.0, 61.0, 81.0, 96.0, 102.0, 104.0, 103.0, 101.0, 96.0, 91.0, 86.0, 80.0, 76.0, 75.0, 74.0, 73.0, 69.0, 64.0, 59.0, 55.0, 52.0, 50.0, 50.0, 51.0, 58.0, 75.0, 98.0, 114.0, 119.0, 118.0, 115.0, 113.0, 110.0, 105.0, 97.0, 88.0, 80.0, 76.0, 74.0, 71.0, 67.0, 62.0, 58.0, 54.0, 51.0, 50.0, 50.0, 51.0, 56.0, 69.0, 87.0, 99.0, 100.0, 95.0, 91.0, 89.0, 87.0, 85.0, 83.0, 81.0, 78.0, 71.0, 63.0, 57.0, 56.0, 56.0, 57.0, 56.0, 56.0], ""sulphur_dioxide"": [4.7, 4.8, 5.0, 5.3, 5.9, 6.7, 7.1, 6.8, 6.2, 5.6, 5.2, 4.8, 4.6, 4.6, 4.7, 4.9, 5.5, 6.2, 6.5, 5.9, 4.8, 4.0, 3.8, 4.0, 4.2, 4.5, 4.9, 5.2, 5.2, 5.0, 4.8, 4.6, 4.3, 4.1, 4.0, 4.0, 4.1, 4.5, 5.0, 5.4, 5.6, 5.8, 6.0, 6.4, 6.8, 7.3, 7.8, 8.3, 8.6, 8.8, 8.8, 8.6, 7.9, 6.9, 6.0, 5.3, 4.6, 4.1, 3.7, 3.4, 3.2, 3.2, 3.3, 3.3, 3.2, 3.1, 3.0, 2.8, 2.5, 2.4, 2.6, 3.0, 3.7, 5.1, 6.9, 8.1, 8.4, 8.2, 7.8, 7.1, 6.2, 5.5, 5.1, 4.8, 4.6, 4.5, 4.4, 4.2, 3.8, 3.4, 3.0, 2.8, 2.8, 2.7, 2.6, 2.5, 2.5, 2.8, 3.3, 3.7, 3.9, 4.0, 3.9, 3.5, 2.9, 2.5, 2.3, 2.2, 2.4, 3.0, 3.9, 4.3, 4.0, 3.3, 2.7, 2.4, 2.1, 1.9, 1.8, 1.7], ""ammonia"": [null, null, null, null, null, null, null, null, null, null, null, null, null, null, null, null, null, null, null, null, null, null, null, null, null, null, null, null, null, null, null, null, null, null, null, null, null, null, null, null, null, null, null, null, null, null, null, null, null, null, null, null, null, null, null, null, null, null, null, null, null, null, null, null, null, null, null, null, null, null, null, null, null, null, null, null, null, null, null, null, null, null, null, null, null, null, null, null, null, null, null, null, null, null, null, null, null, null, null, null, null, null, null, null, null, null, null, null, null, null, null, null, null, null, null, null, null, null, null, null], ""us_aqi"": [89, 89, 88, 88, 86, 84, 82, 81, 81, 81, 81, 82, 90, 93, 91, 86, 87, 87, 87, 87, 88, 90, 94, 98, 102, 106, 110, 112, 114, 115, 117, 119, 120, 122, 124, 125, 127, 129, 131, 132, 133, 133, 134, 134, 134, 133, 132, 130, 127, 124, 122, 120, 119, 118, 118, 118, 118, 118, 118, 118, 117, 116, 114, 113, 111, 110, 109, 108, 105, 101, 98, 95, 94, 93, 93, 94, 95, 97, 98, 99, 101, 102, 103, 104, 105, 107, 108, 109, 110, 111, 111, 112, 112, 112, 113, 113, 113, 113, 112, 111, 110, 109, 108, 107, 107, 106, 106, 106, 105, 105, 105, 106, 107, 109, 111, 113, 114, 115, 116, 116]}}}"
2026-07-27T20:50:04.764484+00:00,Khairpur Mir's,PK,27.5295,68.7592,,,,,,,,,,,,,,,,,aqicn,success,1.3065044999821112,"{""air_quality"": {""status"": ""error"", ""data"": ""Invalid key""}}"
2026-07-27T20:50:07.311936+00:00,Larkana,PK,27.5598,68.212,34.96,48.0,994.0,5.68,165.0,44.0,,4.0,29.76,131.51,80.86,0.0,1.15,1.82,41.19,3.13,openweather,success,0.6323817999800667,"{""weather"": {""coord"": {""lon"": 68.212, ""lat"": 27.5598}, ""weather"": [{""id"": 802, ""main"": ""Clouds"", ""description"": ""scattered clouds"", ""icon"": ""03n""}], ""base"": ""stations"", ""main"": {""temp"": 34.96, ""feels_like"": 39.82, ""temp_min"": 34.96, ""temp_max"": 34.96, ""pressure"": 994, ""humidity"": 48, ""sea_level"": 994, ""grnd_level"": 988}, ""visibility"": 10000, ""wind"": {""speed"": 5.68, ""deg"": 165, ""gust"": 9.61}, ""clouds"": {""all"": 44}, ""dt"": 1785185406, ""sys"": {""country"": ""PK"", ""sunrise"": 1785199679, ""sunset"": 1785248345}, ""timezone"": 18000, ""id"": 1172128, ""name"": ""Larkana"", ""cod"": 200}, ""air_quality"": {""coord"": {""lon"": 68.212, ""lat"": 27.5598}, ""list"": [{""main"": {""aqi"": 4}, ""components"": {""co"": 80.86, ""no"": 0, ""no2"": 1.15, ""o3"": 41.19, ""so2"": 1.82, ""pm2_5"": 29.76, ""pm10"": 131.51, ""nh3"": 3.13}, ""dt"": 1785185406}]}}"
2026-07-27T20:45,Larkana,PK,27.5598,68.212,32.5,58.0,994.5,10.7,174.0,24.0,0.0,116.0,52.2,60.3,598.0,,31.1,7.2,31.0,,openmeteo,success,1.104115099995397,"{""weather"": {""latitude"": 27.592266, ""longitude"": 68.206276, ""generationtime_ms"": 18.127918243408203, ""utc_offset_seconds"": 0, ""timezone"": ""GMT"", ""timezone_abbreviation"": ""GMT"", ""elevation"": 51.0, ""current_units"": {""time"": ""iso8601"", ""interval"": ""seconds"", ""temperature_2m"": ""°C"", ""relative_humidity_2m"": ""%"", ""pressure_msl"": ""hPa"", ""wind_speed_10m"": ""km/h"", ""wind_direction_10m"": ""°"", ""cloud_cover"": ""%"", ""rain"": ""mm""}, ""current"": {""time"": ""2026-07-27T20:45"", ""interval"": 900, ""temperature_2m"": 32.5, ""relative_humidity_2m"": 58, ""pressure_msl"": 994.5, ""wind_speed_10m"": 10.7, ""wind_direction_10m"": 174, ""cloud_cover"": 24, ""rain"": 0.0}}, ""air_quality"": {""latitude"": 27.599998, ""longitude"": 68.2, ""generationtime_ms"": 0.28002262115478516, ""utc_offset_seconds"": 0, ""timezone"": ""GMT"", ""timezone_abbreviation"": ""GMT"", ""elevation"": 51.0, ""hourly_units"": {""time"": ""iso8601"", ""pm10"": ""μg/m³"", ""pm2_5"": ""μg/m³"", ""carbon_monoxide"": ""μg/m³"", ""nitrogen_dioxide"": ""μg/m³"", ""ozone"": ""μg/m³"", ""sulphur_dioxide"": ""μg/m³"", ""ammonia"": ""μg/m³"", ""us_aqi"": ""USAQI""}, ""hourly"": {""time"": [""2026-07-27T00:00"", ""2026-07-27T01:00"", ""2026-07-27T02:00"", ""2026-07-27T03:00"", ""2026-07-27T04:00"", ""2026-07-27T05:00"", ""2026-07-27T06:00"", ""2026-07-27T07:00"", ""2026-07-27T08:00"", ""2026-07-27T09:00"", ""2026-07-27T10:00"", ""2026-07-27T11:00"", ""2026-07-27T12:00"", ""2026-07-27T13:00"", ""2026-07-27T14:00"", ""2026-07-27T15:00"", ""2026-07-27T16:00"", ""2026-07-27T17:00"", ""2026-07-27T18:00"", ""2026-07-27T19:00"", ""2026-07-27T20:00"", ""2026-07-27T21:00"", ""2026-07-27T22:00"", ""2026-07-27T23:00"", ""2026-07-28T00:00"", ""2026-07-28T01:00"", ""2026-07-28T02:00"", ""2026-07-28T03:00"", ""2026-07-28T04:00"", ""2026-07-28T05:00"", ""2026-07-28T06:00"", ""2026-07-28T07:00"", ""2026-07-28T08:00"", ""2026-07-28T09:00"", ""2026-07-28T10:00"", ""2026-07-28T11:00"", ""2026-07-28T12:00"", ""2026-07-28T13:00"", ""2026-07-28T14:00"", ""2026-07-28T15:00"", ""2026-07-28T16:00"", ""2026-07-28T17:00"", ""2026-07-28T18:00"", ""2026-07-28T19:00"", ""2026-07-28T20:00"", ""2026-07-28T21:00"", ""2026-07-28T22:00"", ""2026-07-28T23:00"", ""2026-07-29T00:00"", ""2026-07-29T01:00"", ""2026-07-29T02:00"", ""2026-07-29T03:00"", ""2026-07-29T04:00"", ""2026-07-29T05:00"", ""2026-07-29T06:00"", ""2026-07-29T07:00"", ""2026-07-29T08:00"", ""2026-07-29T09:00"", ""2026-07-29T10:00"", ""2026-07-29T11:00"", ""2026-07-29T12:00"", ""2026-07-29T13:00"", ""2026-07-29T14:00"", ""2026-07-29T15:00"", ""2026-07-29T16:00"", ""2026-07-29T17:00"", ""2026-07-29T18:00"", ""2026-07-29T19:00"", ""2026-07-29T20:00"", ""2026-07-29T21:00"", ""2026-07-29T22:00"", ""2026-07-29T23:00"", ""2026-07-30T00:00"", ""2026-07-30T01:00"", ""2026-07-30T02:00"", ""2026-07-30T03:00"", ""2026-07-30T04:00"", ""2026-07-30T05:00"", ""2026-07-30T06:00"", ""2026-07-30T07:00"", ""2026-07-30T08:00"", ""2026-07-30T09:00"", ""2026-07-30T10:00"", ""2026-07-30T11:00"", ""2026-07-30T12:00"", ""2026-07-30T13:00"", ""2026-07-30T14:00"", ""2026-07-30T15:00"", ""2026-07-30T16:00"", ""2026-07-30T17:00"", ""2026-07-30T18:00"", ""2026-07-30T19:00"", ""2026-07-30T20:00"", ""2026-07-30T21:00"", ""2026-07-30T22:00"", ""2026-07-30T23:00"", ""2026-07-31T00:00"", ""2026-07-31T01:00"", ""2026-07-31T02:00"", ""2026-07-31T03:00"", ""2026-07-31T04:00"", ""2026-07-31T05:00"", ""2026-07-31T06:00"", ""2026-07-31T07:00"", ""2026-07-31T08:00"", ""2026-07-31T09:00"", ""2026-07-31T10:00"", ""2026-07-31T11:00"", ""2026-07-31T12:00"", ""2026-07-31T13:00"", ""2026-07-31T14:00"", ""2026-07-31T15:00"", ""2026-07-31T16:00"", ""2026-07-31T17:00"", ""2026-07-31T18:00"", ""2026-07-31T19:00"", ""2026-07-31T20:00"", ""2026-07-31T21:00"", ""2026-07-31T22:00"", ""2026-07-31T23:00""], ""pm10"": [60.3, 54.4, 47.6, 32.8, 21.2, 24.5, 32.2, 41.3, 52.0, 63.6, 71.0, 74.5, 76.6, 75.2, 80.1, 94.3, 95.0, 94.1, 122.9, 166.7, 201.2, 217.0, 223.1, 217.9, 204.4, 187.2, 175.6, 166.7, 167.6, 183.5, 191.4, 189.1, 184.4, 182.5, 185.3, 190.5, 198.4, 205.4, 176.5, 181.6, 177.0, 152.7, 168.1, 215.1, 236.1, 241.2, 226.3, 196.0, 156.9, 128.5, 111.3, 107.6, 112.5, 122.9, 131.8, 143.4, 160.7, 168.1, 159.3, 146.2, 134.6, 120.6, 92.4, 81.7, 65.9, 53.3, 49.7, 47.0, 46.2, 51.8, 60.3, 68.9, 78.2, 88.0, 102.2, 143.4, 168.1, 190.0, 207.2, 208.6, 204.9, 202.1, 199.8, 197.0, 188.6, 171.4, 129.5, 115.3, 90.1, 65.0, 55.9, 53.7, 54.7, 57.3, 58.2, 56.7, 53.9, 50.9, 50.3, 53.6, 67.8, 99.2, 122.5, 131.8, 144.4, 154.6, 163.4, 166.7, 169.0, 171.4, 149.0, 143.0, 136.9, 121.1, 102.4, 85.2, 77.3, 74.5, 69.4, 67.1], ""pm2_5"": [52.2, 48.5, 44.5, 31.1, 19.2, 18.9, 21.8, 24.6, 27.0, 29.9, 32.4, 33.6, 34.7, 36.7, 43.2, 54.4, 57.9, 51.3, 54.9, 65.0, 76.4, 85.0, 89.6, 89.9, 86.8, 81.3, 73.8, 64.0, 57.7, 56.8, 56.8, 55.9, 54.2, 53.3, 53.3, 54.6, 56.9, 59.8, 64.5, 73.6, 78.9, 73.8, 71.5, 80.3, 88.5, 91.5, 88.0, 79.6, 69.2, 58.8, 49.6, 44.0, 42.3, 42.6, 43.1, 43.7, 45.5, 47.1, 46.4, 44.5, 42.5, 40.5, 40.2, 41.6, 38.0, 33.5, 31.3, 29.5, 28.9, 30.2, 32.0, 34.2, 37.4, 41.4, 47.4, 56.1, 61.7, 65.2, 66.1, 63.8, 61.2, 59.5, 58.1, 56.9, 55.3, 52.7, 51.3, 53.4, 48.3, 38.5, 33.4, 31.1, 30.2, 29.8, 29.7, 29.5, 29.2, 29.3, 30.3, 32.4, 37.1, 42.4, 43.7, 44.4, 46.3, 47.5, 48.4, 48.5, 48.9, 49.7, 53.2, 58.8, 59.0, 55.5, 47.8, 41.3, 37.6, 34.7, 32.6, 31.8], ""carbon_monoxide"": [598.0, 608.0, 627.0, 604.0, 494.0, 342.0, 226.0, 185.0, 181.0, 178.0, 159.0, 141.0, 140.0, 171.0, 219.0, 259.0, 287.0, 306.0, 306.0, 272.0, 217.0, 177.0, 165.0, 167.0, 170.0, 171.0, 174.0, 175.0, 173.0, 168.0, 163.0, 156.0, 147.0, 141.0, 132.0, 125.0, 138.0, 197.0, 276.0, 318.0, 284.0, 213.0, 162.0, 158.0, 174.0, 189.0, 193.0, 196.0, 200.0, 210.0, 221.0, 224.0, 212.0, 193.0, 176.0, 165.0, 157.0, 151.0, 143.0, 136.0, 140.0, 166.0, 204.0, 228.0, 228.0, 216.0, 201.0, 184.0, 165.0, 152.0, 147.0, 147.0, 155.0, 175.0, 203.0, 221.0, 223.0, 216.0, 208.0, 200.0, 191.0, 183.0, 175.0, 169.0, 174.0, 202.0, 242.0, 264.0, 254.0, 226.0, 200.0, 179.0, 159.0, 146.0, 142.0, 145.0, 150.0, 159.0, 170.0, 178.0, 179.0, 176.0, 172.0, 167.0, 161.0, 155.0, 149.0, 143.0, 145.0, 162.0, 187.0, 204.0, 205.0, 199.0, 191.0, 182.0, 171.0, 165.0, 168.0, 176.0], ""nitrogen_dioxide"": [31.1, 25.5, 17.7, 11.2, 7.2, 4.4, 2.5, 1.5, 1.4, 1.5, 1.1, 0.9, 1.9, 5.6, 10.6, 13.6, 12.6, 9.7, 7.3, 6.4, 6.1, 6.1, 6.6, 7.4, 7.8, 7.4, 6.5, 5.5, 4.3, 2.9, 1.8, 1.3, 1.1, 1.1, 0.8, 0.5, 1.6, 5.3, 10.3, 13.5, 13.5, 11.8, 10.0, 8.4, 6.8, 5.9, 6.4, 7.6, 8.4, 8.4, 8.0, 7.2, 5.7, 3.8, 2.3, 1.6, 1.2, 1.1, 0.9, 0.9, 1.5, 3.5, 6.2, 7.8, 7.1, 5.4, 4.1, 3.9, 4.2, 4.7, 5.3, 6.1, 6.7, 7.1, 7.3, 6.9, 5.6, 3.7, 2.2, 1.5, 1.2, 1.1, 0.9, 0.8, 1.5, 3.9, 7.1, 8.8, 7.6, 4.9, 2.9, 2.5, 2.8, 3.2, 3.7, 4.3, 4.7, 5.0, 5.1, 4.9, 4.0, 2.6, 1.6, 1.2, 1.0, 1.0, 0.8, 0.8, 1.5, 3.9, 7.1, 8.9, 8.2, 6.1, 4.5, 4.0, 4.0, 4.0, 4.0, 4.0], ""ozone"": [31.0, 45.0, 64.0, 83.0, 102.0, 120.0, 133.0, 138.0, 138.0, 137.0, 136.0, 133.0, 127.0, 114.0, 98.0, 84.0, 77.0, 73.0, 68.0, 59.0, 49.0, 41.0, 36.0, 33.0, 32.0, 33.0, 36.0, 43.0, 58.0, 77.0, 92.0, 100.0, 103.0, 105.0, 105.0, 103.0, 99.0, 90.0, 79.0, 71.0, 68.0, 68.0, 67.0, 64.0, 60.0, 56.0, 52.0, 47.0, 44.0, 42.0, 41.0, 46.0, 63.0, 85.0, 103.0, 111.0, 115.0, 115.0, 113.0, 109.0, 102.0, 91.0, 78.0, 69.0, 69.0, 73.0, 76.0, 74.0, 71.0, 67.0, 61.0, 55.0, 51.0, 50.0, 51.0, 58.0, 76.0, 100.0, 118.0, 125.0, 127.0, 126.0, 125.0, 123.0, 117.0, 104.0, 87.0, 75.0, 72.0, 74.0, 75.0, 72.0, 68.0, 63.0, 57.0, 51.0, 48.0, 48.0, 52.0, 60.0, 77.0, 99.0, 114.0, 116.0, 110.0, 105.0, 104.0, 102.0, 99.0, 91.0, 80.0, 72.0, 68.0, 66.0, 63.0, 59.0, 54.0, 51.0, 50.0, 50.0], ""sulphur_dioxide"": [7.2, 7.0, 6.7, 6.6, 6.9, 7.4, 7.7, 7.5, 7.0, 6.5, 6.0, 5.6, 5.4, 5.8, 6.6, 7.1, 7.1, 6.8, 6.4, 5.8, 5.0, 4.4, 4.1, 4.0, 4.0, 4.1, 4.3, 4.6, 5.1, 5.7, 6.1, 6.0, 5.7, 5.4, 5.0, 4.6, 4.5, 5.2, 6.2, 6.9, 7.1, 7.0, 6.7, 6.1, 5.3, 5.0, 5.4, 6.3, 7.1, 7.8, 8.5, 8.8, 8.6, 7.9, 7.3, 6.7, 6.0, 5.4, 4.8, 4.3, 4.0, 4.0, 4.3, 4.4, 4.3, 4.1, 3.9, 3.7, 3.5, 3.4, 3.5, 3.7, 4.2, 5.2, 6.6, 7.5, 7.8, 7.7, 7.5, 7.1, 6.6, 6.1, 5.7, 5.3, 5.1, 5.2, 5.5, 5.5, 5.0, 4.2, 3.5, 3.2, 3.0, 2.9, 2.8, 2.8, 3.0, 3.6, 4.4, 5.1, 5.6, 5.9, 5.9, 5.3, 4.3, 3.5, 3.1, 2.9, 2.9, 3.4, 4.3, 4.7, 4.4, 3.7, 3.1, 2.7, 2.3, 2.0, 1.9, 1.9], ""ammonia"": [null, null, null, null, null, null, null, null, null, null, null, null, null, null, null, null, null, null, null, null, null, null, null, null, null, null, null, null, null, null, null, null, null, null, null, null, null, null, null, null, null, null, null, null, null, null, null, null, null, null, null, null, null, null, null, null, null, null, null, null, null, null, null, null, null, null, null, null, null, null, null, null, null, null, null, null, null, null, null, null, null, null, null, null, null, null, null, null, null, null, null, null, null, null, null, null, null, null, null, null, null, null, null, null, null, null, null, null, null, null, null, null, null, null, null, null, null, null, null, null], ""us_aqi"": [116, 118, 119, 120, 120, 118, 116, 115, 115, 114, 115, 115, 116, 117, 119, 120, 121, 121, 119, 117, 117, 118, 121, 124, 128, 132, 135, 138, 142, 146, 150, 151, 152, 153, 153, 154, 155, 155, 156, 157, 157, 158, 158, 159, 159, 160, 160, 160, 160, 159, 158, 158, 157, 157, 156, 156, 155, 155, 155, 155, 155, 154, 154, 153, 152, 151, 148, 144, 138, 132, 126, 120, 115, 112, 110, 110, 111, 113, 116, 118, 120, 122, 123, 124, 126, 127, 128, 129, 131, 132, 132, 132, 133, 133, 133, 132, 132, 131, 130, 128, 126, 123, 121, 118, 116, 115, 113, 112, 112, 111, 111, 111, 111, 112, 114, 116, 117, 118, 118, 118]}}}"
2026-07-27T20:50:06.284464+00:00,Larkana,PK,27.5598,68.212,,,,,,,,,,,,,,,,,aqicn,success,1.5196516999276355,"{""air_quality"": {""status"": ""error"", ""data"": ""Invalid key""}}"
2026-07-27T20:50:07.851633+00:00,Gambat,PK,27.3517,68.5247,33.2,54.0,994.0,6.42,168.0,41.0,,4.0,28.36,124.8,87.39,0.0,1.16,1.46,42.36,2.81,openweather,success,1.160324199940078,"{""weather"": {""coord"": {""lon"": 68.5247, ""lat"": 27.3517}, ""weather"": [{""id"": 802, ""main"": ""Clouds"", ""description"": ""scattered clouds"", ""icon"": ""03n""}], ""base"": ""stations"", ""main"": {""temp"": 33.2, ""feels_like"": 37.94, ""temp_min"": 33.2, ""temp_max"": 33.2, ""pressure"": 994, ""humidity"": 54, ""sea_level"": 994, ""grnd_level"": 988}, ""visibility"": 10000, ""wind"": {""speed"": 6.42, ""deg"": 168, ""gust"": 10.73}, ""clouds"": {""all"": 41}, ""dt"": 1785185406, ""sys"": {""country"": ""PK"", ""sunrise"": 1785199627, ""sunset"": 1785248247}, ""timezone"": 18000, ""id"": 1179061, ""name"": ""Gambat"", ""cod"": 200}, ""air_quality"": {""coord"": {""lon"": 68.5247, ""lat"": 27.3517}, ""list"": [{""main"": {""aqi"": 4}, ""components"": {""co"": 87.39, ""no"": 0, ""no2"": 1.16, ""o3"": 42.36, ""so2"": 1.46, ""pm2_5"": 28.36, ""pm10"": 124.8, ""nh3"": 2.81}, ""dt"": 1785185406}]}}"
2026-07-27T20:45,Gambat,PK,27.3517,68.5247,31.5,62.0,994.9,14.3,175.0,25.0,0.0,122.0,35.4,37.5,879.0,,16.6,4.9,36.0,,openmeteo,success,0.3399160000262782,"{""weather"": {""latitude"": 27.311071, ""longitude"": 68.50446, ""generationtime_ms"": 4.960536956787109, ""utc_offset_seconds"": 0, ""timezone"": ""GMT"", ""timezone_abbreviation"": ""GMT"", ""elevation"": 52.0, ""current_units"": {""time"": ""iso8601"", ""interval"": ""seconds"", ""temperature_2m"": ""°C"", ""relative_humidity_2m"": ""%"", ""pressure_msl"": ""hPa"", ""wind_speed_10m"": ""km/h"", ""wind_direction_10m"": ""°"", ""cloud_cover"": ""%"", ""rain"": ""mm""}, ""current"": {""time"": ""2026-07-27T20:45"", ""interval"": 900, ""temperature_2m"": 31.5, ""relative_humidity_2m"": 62, ""pressure_msl"": 994.9, ""wind_speed_10m"": 14.3, ""wind_direction_10m"": 175, ""cloud_cover"": 25, ""rain"": 0.0}}, ""air_quality"": {""latitude"": 27.400002, ""longitude"": 68.5, ""generationtime_ms"": 0.624537467956543, ""utc_offset_seconds"": 0, ""timezone"": ""GMT"", ""timezone_abbreviation"": ""GMT"", ""elevation"": 52.0, ""hourly_units"": {""time"": ""iso8601"", ""pm10"": ""μg/m³"", ""pm2_5"": ""μg/m³"", ""carbon_monoxide"": ""μg/m³"", ""nitrogen_dioxide"": ""μg/m³"", ""ozone"": ""μg/m³"", ""sulphur_dioxide"": ""μg/m³"", ""ammonia"": ""μg/m³"", ""us_aqi"": ""USAQI""}, ""hourly"": {""time"": [""2026-07-27T00:00"", ""2026-07-27T01:00"", ""2026-07-27T02:00"", ""2026-07-27T03:00"", ""2026-07-27T04:00"", ""2026-07-27T05:00"", ""2026-07-27T06:00"", ""2026-07-27T07:00"", ""2026-07-27T08:00"", ""2026-07-27T09:00"", ""2026-07-27T10:00"", ""2026-07-27T11:00"", ""2026-07-27T12:00"", ""2026-07-27T13:00"", ""2026-07-27T14:00"", ""2026-07-27T15:00"", ""2026-07-27T16:00"", ""2026-07-27T17:00"", ""2026-07-27T18:00"", ""2026-07-27T19:00"", ""2026-07-27T20:00"", ""2026-07-27T21:00"", ""2026-07-27T22:00"", ""2026-07-27T23:00"", ""2026-07-28T00:00"", ""2026-07-28T01:00"", ""2026-07-28T02:00"", ""2026-07-28T03:00"", ""2026-07-28T04:00"", ""2026-07-28T05:00"", ""2026-07-28T06:00"", ""2026-07-28T07:00"", ""2026-07-28T08:00"", ""2026-07-28T09:00"", ""2026-07-28T10:00"", ""2026-07-28T11:00"", ""2026-07-28T12:00"", ""2026-07-28T13:00"", ""2026-07-28T14:00"", ""2026-07-28T15:00"", ""2026-07-28T16:00"", ""2026-07-28T17:00"", ""2026-07-28T18:00"", ""2026-07-28T19:00"", ""2026-07-28T20:00"", ""2026-07-28T21:00"", ""2026-07-28T22:00"", ""2026-07-28T23:00"", ""2026-07-29T00:00"", ""2026-07-29T01:00"", ""2026-07-29T02:00"", ""2026-07-29T03:00"", ""2026-07-29T04:00"", ""2026-07-29T05:00"", ""2026-07-29T06:00"", ""2026-07-29T07:00"", ""2026-07-29T08:00"", ""2026-07-29T09:00"", ""2026-07-29T10:00"", ""2026-07-29T11:00"", ""2026-07-29T12:00"", ""2026-07-29T13:00"", ""2026-07-29T14:00"", ""2026-07-29T15:00"", ""2026-07-29T16:00"", ""2026-07-29T17:00"", ""2026-07-29T18:00"", ""2026-07-29T19:00"", ""2026-07-29T20:00"", ""2026-07-29T21:00"", ""2026-07-29T22:00"", ""2026-07-29T23:00"", ""2026-07-30T00:00"", ""2026-07-30T01:00"", ""2026-07-30T02:00"", ""2026-07-30T03:00"", ""2026-07-30T04:00"", ""2026-07-30T05:00"", ""2026-07-30T06:00"", ""2026-07-30T07:00"", ""2026-07-30T08:00"", ""2026-07-30T09:00"", ""2026-07-30T10:00"", ""2026-07-30T11:00"", ""2026-07-30T12:00"", ""2026-07-30T13:00"", ""2026-07-30T14:00"", ""2026-07-30T15:00"", ""2026-07-30T16:00"", ""2026-07-30T17:00"", ""2026-07-30T18:00"", ""2026-07-30T19:00"", ""2026-07-30T20:00"", ""2026-07-30T21:00"", ""2026-07-30T22:00"", ""2026-07-30T23:00"", ""2026-07-31T00:00"", ""2026-07-31T01:00"", ""2026-07-31T02:00"", ""2026-07-31T03:00"", ""2026-07-31T04:00"", ""2026-07-31T05:00"", ""2026-07-31T06:00"", ""2026-07-31T07:00"", ""2026-07-31T08:00"", ""2026-07-31T09:00"", ""2026-07-31T10:00"", ""2026-07-31T11:00"", ""2026-07-31T12:00"", ""2026-07-31T13:00"", ""2026-07-31T14:00"", ""2026-07-31T15:00"", ""2026-07-31T16:00"", ""2026-07-31T17:00"", ""2026-07-31T18:00"", ""2026-07-31T19:00"", ""2026-07-31T20:00"", ""2026-07-31T21:00"", ""2026-07-31T22:00"", ""2026-07-31T23:00""], ""pm10"": [37.5, 34.2, 31.5, 28.0, 22.1, 25.8, 36.4, 48.9, 62.9, 73.6, 82.9, 93.6, 106.9, 127.1, 123.9, 126.2, 127.6, 170.9, 235.6, 276.6, 293.4, 287.8, 272.9, 244.0, 214.2, 190.0, 172.8, 178.8, 198.8, 219.8, 233.8, 237.0, 244.0, 255.2, 270.1, 282.2, 294.3, 303.6, 261.7, 251.5, 231.9, 265.4, 349.2, 348.3, 311.1, 288.7, 245.9, 198.4, 159.3, 129.9, 117.8, 122.5, 124.8, 127.6, 127.6, 131.8, 140.2, 138.3, 129.0, 119.7, 115.0, 111.1, 102.2, 81.3, 68.2, 58.1, 57.0, 68.9, 92.9, 120.6, 143.0, 158.3, 165.8, 175.6, 176.0, 174.6, 176.0, 181.1, 196.5, 210.0, 204.4, 196.5, 188.1, 178.8, 167.2, 149.9, 126.7, 96.6, 79.2, 67.5, 60.1, 57.2, 56.9, 56.8, 54.4, 50.4, 47.0, 47.4, 54.9, 67.8, 85.0, 112.7, 137.8, 141.1, 143.9, 144.8, 143.4, 141.6, 142.0, 140.2, 133.2, 109.4, 87.5, 62.9, 50.4, 46.0, 47.4, 52.2, 53.7, 53.3], ""pm2_5"": [35.4, 32.9, 31.1, 26.5, 19.6, 20.0, 23.1, 26.2, 29.7, 32.5, 34.9, 37.6, 40.4, 44.7, 48.7, 54.2, 55.1, 62.2, 77.8, 90.3, 98.3, 101.5, 99.0, 91.5, 82.2, 73.1, 64.7, 58.6, 58.1, 60.5, 62.9, 63.6, 64.5, 66.6, 69.6, 71.9, 74.0, 75.9, 75.0, 77.1, 76.4, 81.7, 96.4, 102.2, 101.5, 97.3, 87.5, 75.0, 63.1, 53.2, 47.4, 44.7, 43.3, 42.6, 41.4, 40.6, 41.2, 41.2, 40.0, 38.6, 38.1, 38.0, 38.0, 37.8, 35.7, 33.3, 32.6, 34.7, 40.0, 46.8, 53.3, 58.7, 62.6, 66.1, 67.1, 64.7, 61.7, 60.1, 59.5, 59.6, 57.4, 55.3, 53.4, 51.8, 49.9, 47.6, 45.2, 42.6, 38.6, 35.0, 32.5, 30.7, 29.9, 29.6, 29.1, 28.6, 28.5, 29.5, 32.5, 36.9, 42.4, 46.9, 47.5, 46.1, 45.5, 44.7, 43.5, 42.6, 42.6, 42.4, 42.0, 44.5, 39.2, 30.9, 26.3, 24.7, 24.5, 25.8, 26.8, 27.3], ""carbon_monoxide"": [879.0, 746.0, 558.0, 408.0, 335.0, 300.0, 271.0, 240.0, 215.0, 194.0, 169.0, 148.0, 148.0, 189.0, 252.0, 295.0, 303.0, 293.0, 270.0, 229.0, 176.0, 137.0, 125.0, 127.0, 131.0, 134.0, 140.0, 144.0, 146.0, 146.0, 144.0, 137.0, 128.0, 121.0, 117.0, 115.0, 122.0, 145.0, 175.0, 197.0, 201.0, 195.0, 190.0, 188.0, 187.0, 187.0, 188.0, 189.0, 190.0, 191.0, 192.0, 190.0, 182.0, 171.0, 161.0, 152.0, 144.0, 137.0, 130.0, 125.0, 127.0, 145.0, 171.0, 188.0, 186.0, 175.0, 163.0, 151.0, 138.0, 131.0, 129.0, 133.0, 149.0, 191.0, 246.0, 278.0, 267.0, 233.0, 203.0, 184.0, 167.0, 156.0, 147.0, 143.0, 153.0, 196.0, 253.0, 281.0, 252.0, 194.0, 149.0, 133.0, 131.0, 130.0, 128.0, 128.0, 133.0, 147.0, 166.0, 177.0, 174.0, 164.0, 155.0, 150.0, 145.0, 143.0, 142.0, 143.0, 147.0, 158.0, 173.0, 180.0, 173.0, 159.0, 149.0, 149.0, 152.0, 155.0, 155.0, 154.0], ""nitrogen_dioxide"": [16.6, 14.0, 10.2, 7.0, 4.7, 2.9, 1.6, 1.0, 1.0, 1.0, 0.8, 0.7, 1.2, 2.8, 5.0, 6.4, 6.2, 5.1, 4.3, 4.2, 4.3, 4.6, 5.1, 5.8, 6.1, 5.8, 5.1, 4.3, 3.3, 2.1, 1.2, 0.8, 0.8, 0.8, 0.7, 0.6, 1.0, 2.5, 4.5, 5.7, 5.3, 4.2, 3.6, 4.1, 5.1, 6.1, 7.2, 8.3, 8.9, 8.5, 7.6, 6.4, 4.9, 3.1, 1.7, 1.1, 0.9, 0.8, 0.7, 0.7, 0.9, 1.6, 2.6, 3.2, 3.1, 2.7, 2.6, 3.0, 3.8, 4.6, 5.6, 6.6, 7.4, 7.9, 8.2, 7.8, 6.2, 3.8, 2.0, 1.2, 0.9, 0.7, 0.6, 0.7, 0.9, 1.4, 2.0, 2.4, 2.4, 2.1, 2.0, 2.2, 2.5, 2.9, 3.4, 3.9, 4.4, 5.1, 5.7, 5.7, 4.6, 2.8, 1.4, 0.8, 0.7, 0.6, 0.5, 0.5, 0.9, 2.2, 3.8, 4.7, 4.1, 2.8, 1.7, 1.4, 1.3, 1.4, 1.6, 1.8], ""ozone"": [36.0, 46.0, 59.0, 75.0, 94.0, 115.0, 130.0, 134.0, 132.0, 129.0, 127.0, 125.0, 119.0, 108.0, 94.0, 81.0, 71.0, 62.0, 55.0, 49.0, 44.0, 41.0, 38.0, 37.0, 37.0, 38.0, 40.0, 45.0, 57.0, 73.0, 85.0, 91.0, 95.0, 97.0, 99.0, 100.0, 99.0, 95.0, 88.0, 82.0, 77.0, 73.0, 69.0, 64.0, 58.0, 53.0, 47.0, 42.0, 39.0, 38.0, 39.0, 45.0, 61.0, 81.0, 97.0, 104.0, 105.0, 105.0, 104.0, 100.0, 97.0, 94.0, 91.0, 88.0, 87.0, 88.0, 86.0, 81.0, 74.0, 67.0, 60.0, 54.0, 49.0, 46.0, 45.0, 50.0, 68.0, 92.0, 110.0, 117.0, 118.0, 117.0, 116.0, 113.0, 109.0, 104.0, 97.0, 91.0, 87.0, 83.0, 78.0, 72.0, 64.0, 58.0, 53.0, 48.0, 47.0, 49.0, 54.0, 63.0, 82.0, 106.0, 121.0, 120.0, 111.0, 103.0, 100.0, 97.0, 93.0, 85.0, 75.0, 68.0, 65.0, 63.0, 63.0, 64.0, 66.0, 67.0, 66.0, 65.0], ""sulphur_dioxide"": [4.9, 4.7, 4.4, 4.3, 4.6, 5.2, 5.5, 5.4, 5.1, 4.8, 4.6, 4.5, 4.5, 4.9, 5.5, 5.9, 5.8, 5.4, 4.9, 4.4, 3.7, 3.3, 3.2, 3.2, 3.3, 3.4, 3.6, 3.9, 4.4, 5.0, 5.3, 5.2, 4.9, 4.6, 4.5, 4.4, 4.4, 4.7, 5.2, 5.4, 5.1, 4.7, 4.4, 4.6, 5.0, 5.5, 6.3, 7.3, 8.0, 8.2, 8.2, 7.9, 7.4, 6.6, 5.9, 5.3, 4.7, 4.2, 3.8, 3.6, 3.5, 3.7, 4.0, 4.2, 4.2, 4.0, 4.0, 4.2, 4.4, 4.8, 5.3, 5.8, 6.4, 7.2, 8.0, 8.4, 8.0, 7.1, 6.3, 5.9, 5.7, 5.4, 5.1, 4.8, 4.5, 4.3, 4.2, 4.0, 3.6, 3.2, 2.9, 2.8, 2.8, 2.9, 2.9, 3.0, 3.5, 4.7, 6.2, 7.4, 7.9, 8.0, 7.7, 6.7, 5.3, 4.2, 3.6, 3.4, 3.2, 3.2, 3.3, 3.2, 2.8, 2.4, 2.0, 1.9, 1.9, 2.0, 2.1, 2.2], ""ammonia"": [null, null, null, null, null, null, null, null, null, null, null, null, null, null, null, null, null, null, null, null, null, null, null, null, null, null, null, null, null, null, null, null, null, null, null, null, null, null, null, null, null, null, null, null, null, null, null, null, null, null, null, null, null, null, null, null, null, null, null, null, null, null, null, null, null, null, null, null, null, null, null, null, null, null, null, null, null, null, null, null, null, null, null, null, null, null, null, null, null, null, null, null, null, null, null, null, null, null, null, null, null, null, null, null, null, null, null, null, null, null, null, null, null, null, null, null, null, null, null, null], ""us_aqi"": [122, 118, 116, 113, 112, 110, 108, 106, 106, 106, 106, 107, 108, 110, 112, 114, 116, 117, 117, 118, 120, 124, 128, 133, 138, 143, 147, 150, 151, 152, 153, 155, 156, 157, 158, 159, 160, 161, 162, 162, 163, 164, 164, 165, 165, 165, 165, 165, 164, 164, 163, 163, 162, 162, 161, 161, 160, 159, 159, 158, 157, 156, 155, 153, 152, 151, 149, 142, 135, 128, 123, 120, 118, 118, 119, 121, 123, 125, 127, 129, 131, 133, 134, 136, 137, 138, 139, 140, 140, 141, 141, 141, 140, 139, 138, 135, 132, 128, 125, 121, 118, 116, 115, 113, 112, 111, 110, 109, 108, 107, 106, 106, 106, 106, 106, 105, 105, 104, 104, 103]}}}"
2026-07-27T20:50:06.274974+00:00,Gambat,PK,27.3517,68.5247,,,,,,,,,,,,,,,,,aqicn,success,1.472932399949059,"{""air_quality"": {""status"": ""error"", ""data"": ""Invalid key""}}"
2026-07-27T20:50:08.350551+00:00,Lahore,PK,31.5204,74.3587,33.58,49.0,996.0,2.22,179.0,86.0,,3.0,46.0,56.87,749.65,0.04,18.45,1.27,19.26,18.54,openweather,success,1.0382930000778288,"{""weather"": {""coord"": {""lon"": 74.3587, ""lat"": 31.5204}, ""weather"": [{""id"": 804, ""main"": ""Clouds"", ""description"": ""overcast clouds"", ""icon"": ""04n""}], ""base"": ""stations"", ""main"": {""temp"": 33.58, ""feels_like"": 37.18, ""temp_min"": 33.58, ""temp_max"": 33.58, ""pressure"": 996, ""humidity"": 49, ""sea_level"": 996, ""grnd_level"": 972}, ""visibility"": 10000, ""wind"": {""speed"": 2.22, ""deg"": 179, ""gust"": 3.59}, ""clouds"": {""all"": 86}, ""dt"": 1785185406, ""sys"": {""country"": ""PK"", ""sunrise"": 1785197749, ""sunset"": 1785247324}, ""timezone"": 18000, ""id"": 1347925, ""name"": ""Lahore Cantonment"", ""cod"": 200}, ""air_quality"": {""coord"": {""lon"": 74.3587, ""lat"": 31.5204}, ""list"": [{""main"": {""aqi"": 3}, ""components"": {""co"": 749.65, ""no"": 0.04, ""no2"": 18.45, ""o3"": 19.26, ""so2"": 1.27, ""pm2_5"": 46, ""pm10"": 56.87, ""nh3"": 18.54}, ""dt"": 1785185407}]}}"
2026-07-27T20:45,Lahore,PK,31.5204,74.3587,30.5,89.0,996.2,0.3,315.0,93.0,0.0,157.0,90.1,91.3,2230.0,,40.7,21.9,60.0,,openmeteo,success,0.9299093000590801,"{""weather"": {""latitude"": 31.528997, ""longitude"": 74.38995, ""generationtime_ms"": 0.19729137420654297, ""utc_offset_seconds"": 0, ""timezone"": ""GMT"", ""timezone_abbreviation"": ""GMT"", ""elevation"": 220.0, ""current_units"": {""time"": ""iso8601"", ""interval"": ""seconds"", ""temperature_2m"": ""°C"", ""relative_humidity_2m"": ""%"", ""pressure_msl"": ""hPa"", ""wind_speed_10m"": ""km/h"", ""wind_direction_10m"": ""°"", ""cloud_cover"": ""%"", ""rain"": ""mm""}, ""current"": {""time"": ""2026-07-27T20:45"", ""interval"": 900, ""temperature_2m"": 30.5, ""relative_humidity_2m"": 89, ""pressure_msl"": 996.2, ""wind_speed_10m"": 0.3, ""wind_direction_10m"": 315, ""cloud_cover"": 93, ""rain"": 0.0}}, ""air_quality"": {""latitude"": 31.5, ""longitude"": 74.40001, ""generationtime_ms"": 0.32901763916015625, ""utc_offset_seconds"": 0, ""timezone"": ""GMT"", ""timezone_abbreviation"": ""GMT"", ""elevation"": 220.0, ""hourly_units"": {""time"": ""iso8601"", ""pm10"": ""μg/m³"", ""pm2_5"": ""μg/m³"", ""carbon_monoxide"": ""μg/m³"", ""nitrogen_dioxide"": ""μg/m³"", ""ozone"": ""μg/m³"", ""sulphur_dioxide"": ""μg/m³"", ""ammonia"": ""μg/m³"", ""us_aqi"": ""USAQI""}, ""hourly"": {""time"": [""2026-07-27T00:00"", ""2026-07-27T01:00"", ""2026-07-27T02:00"", ""2026-07-27T03:00"", ""2026-07-27T04:00"", ""2026-07-27T05:00"", ""2026-07-27T06:00"", ""2026-07-27T07:00"", ""2026-07-27T08:00"", ""2026-07-27T09:00"", ""2026-07-27T10:00"", ""2026-07-27T11:00"", ""2026-07-27T12:00"", ""2026-07-27T13:00"", ""2026-07-27T14:00"", ""2026-07-27T15:00"", ""2026-07-27T16:00"", ""2026-07-27T17:00"", ""2026-07-27T18:00"", ""2026-07-27T19:00"", ""2026-07-27T20:00"", ""2026-07-27T21:00"", ""2026-07-27T22:00"", ""2026-07-27T23:00"", ""2026-07-28T00:00"", ""2026-07-28T01:00"", ""2026-07-28T02:00"", ""2026-07-28T03:00"", ""2026-07-28T04:00"", ""2026-07-28T05:00"", ""2026-07-28T06:00"", ""2026-07-28T07:00"", ""2026-07-28T08:00"", ""2026-07-28T09:00"", ""2026-07-28T10:00"", ""2026-07-28T11:00"", ""2026-07-28T12:00"", ""2026-07-28T13:00"", ""2026-07-28T14:00"", ""2026-07-28T15:00"", ""2026-07-28T16:00"", ""2026-07-28T17:00"", ""2026-07-28T18:00"", ""2026-07-28T19:00"", ""2026-07-28T20:00"", ""2026-07-28T21:00"", ""2026-07-28T22:00"", ""2026-07-28T23:00"", ""2026-07-29T00:00"", ""2026-07-29T01:00"", ""2026-07-29T02:00"", ""2026-07-29T03:00"", ""2026-07-29T04:00"", ""2026-07-29T05:00"", ""2026-07-29T06:00"", ""2026-07-29T07:00"", ""2026-07-29T08:00"", ""2026-07-29T09:00"", ""2026-07-29T10:00"", ""2026-07-29T11:00"", ""2026-07-29T12:00"", ""2026-07-29T13:00"", ""2026-07-29T14:00"", ""2026-07-29T15:00"", ""2026-07-29T16:00"", ""2026-07-29T17:00"", ""2026-07-29T18:00"", ""2026-07-29T19:00"", ""2026-07-29T20:00"", ""2026-07-29T21:00"", ""2026-07-29T22:00"", ""2026-07-29T23:00"", ""2026-07-30T00:00"", ""2026-07-30T01:00"", ""2026-07-30T02:00"", ""2026-07-30T03:00"", ""2026-07-30T04:00"", ""2026-07-30T05:00"", ""2026-07-30T06:00"", ""2026-07-30T07:00"", ""2026-07-30T08:00"", ""2026-07-30T09:00"", ""2026-07-30T10:00"", ""2026-07-30T11:00"", ""2026-07-30T12:00"", ""2026-07-30T13:00"", ""2026-07-30T14:00"", ""2026-07-30T15:00"", ""2026-07-30T16:00"", ""2026-07-30T17:00"", ""2026-07-30T18:00"", ""2026-07-30T19:00"", ""2026-07-30T20:00"", ""2026-07-30T21:00"", ""2026-07-30T22:00"", ""2026-07-30T23:00"", ""2026-07-31T00:00"", ""2026-07-31T01:00"", ""2026-07-31T02:00"", ""2026-07-31T03:00"", ""2026-07-31T04:00"", ""2026-07-31T05:00"", ""2026-07-31T06:00"", ""2026-07-31T07:00"", ""2026-07-31T08:00"", ""2026-07-31T09:00"", ""2026-07-31T10:00"", ""2026-07-31T11:00"", ""2026-07-31T12:00"", ""2026-07-31T13:00"", ""2026-07-31T14:00"", ""2026-07-31T15:00"", ""2026-07-31T16:00"", ""2026-07-31T17:00"", ""2026-07-31T18:00"", ""2026-07-31T19:00"", ""2026-07-31T20:00"", ""2026-07-31T21:00"", ""2026-07-31T22:00"", ""2026-07-31T23:00""], ""pm10"": [91.3, 91.3, 79.9, 61.0, 53.1, 51.5, 55.6, 59.1, 58.3, 57.5, 57.4, 56.8, 59.5, 65.9, 78.5, 99.9, 112.0, 89.2, 80.1, 75.9, 69.6, 59.8, 51.1, 47.8, 42.6, 34.8, 30.2, 28.6, 30.4, 32.5, 33.5, 37.0, 40.0, 40.4, 40.4, 41.0, 40.4, 40.5, 44.0, 44.7, 49.6, 57.2, 57.7, 57.5, 58.7, 58.7, 53.0, 47.1, 40.3, 30.7, 26.9, 22.0, 22.7, 23.9, 24.8, 27.0, 30.2, 33.4, 37.8, 38.9, 39.8, 41.3, 59.1, 76.6, 80.3, 67.1, 58.4, 52.4, 48.9, 47.1, 42.7, 40.5, 36.2, 31.8, 25.4, 20.7, 18.5, 16.8, 18.6, 15.4, 16.6, 19.0, 21.7, 23.3, 25.6, 29.2, 32.4, 40.7, 47.1, 52.6, 56.0, 50.4, 48.8, 49.4, 46.0, 39.7, 35.5, 29.3, 26.2, 25.8, 28.3, 25.3, 27.0, 25.2, 23.7, 25.3, 25.9, 26.1, 26.4, 28.9, 36.8, 44.8, 51.5, 51.1, 53.2, 53.8, 52.9, 52.7, 51.0, 48.7], ""pm2_5"": [90.1, 90.1, 78.7, 59.6, 51.7, 50.2, 54.1, 57.4, 56.0, 54.5, 53.4, 52.0, 53.8, 61.0, 74.5, 95.2, 107.8, 85.9, 77.5, 74.0, 67.8, 57.5, 49.7, 46.8, 41.3, 33.9, 29.1, 27.1, 27.9, 28.9, 29.2, 31.8, 33.9, 34.2, 34.2, 34.6, 34.5, 35.5, 40.9, 42.4, 47.6, 55.2, 55.5, 55.1, 56.1, 55.6, 49.1, 43.8, 36.8, 27.9, 24.6, 19.4, 18.3, 19.0, 19.2, 21.8, 23.1, 25.5, 29.4, 30.5, 31.7, 33.9, 53.7, 71.5, 76.1, 63.6, 55.3, 49.9, 47.0, 45.6, 40.7, 38.0, 34.2, 30.6, 24.6, 20.1, 18.1, 16.5, 18.3, 15.2, 16.2, 18.5, 21.0, 22.7, 24.9, 28.6, 32.0, 40.4, 46.9, 52.4, 55.8, 50.3, 48.5, 49.2, 45.8, 39.3, 35.3, 28.9, 25.8, 25.4, 27.8, 24.0, 25.7, 24.6, 23.4, 25.1, 25.8, 26.0, 26.3, 28.8, 36.8, 44.7, 51.3, 51.0, 53.1, 53.7, 52.7, 52.6, 50.9, 48.5], ""carbon_monoxide"": [2230.0, 2063.0, 1820.0, 1572.0, 1325.0, 1073.0, 869.0, 733.0, 646.0, 598.0, 504.0, 451.0, 688.0, 1559.0, 2721.0, 3395.0, 3126.0, 2369.0, 1712.0, 1374.0, 1136.0, 928.0, 709.0, 519.0, 409.0, 436.0, 544.0, 609.0, 569.0, 487.0, 432.0, 426.0, 448.0, 500.0, 603.0, 736.0, 845.0, 915.0, 960.0, 964.0, 906.0, 807.0, 712.0, 630.0, 551.0, 493.0, 460.0, 449.0, 463.0, 526.0, 614.0, 666.0, 640.0, 577.0, 537.0, 536.0, 557.0, 615.0, 663.0, 747.0, 1015.0, 1733.0, 2634.0, 3074.0, 2619.0, 1702.0, 972.0, 695.0, 606.0, 558.0, 509.0, 501.0, 513.0, 553.0, 613.0, 645.0, 621.0, 570.0, 529.0, 509.0, 500.0, 508.0, 544.0, 598.0, 645.0, 678.0, 703.0, 720.0, 729.0, 730.0, 715.0, 674.0, 618.0, 569.0, 526.0, 490.0, 494.0, 581.0, 708.0, 775.0, 705.0, 574.0, 515.0, 614.0, 784.0, 897.0, 872.0, 790.0, 760.0, 859.0, 1009.0, 1090.0, 1036.0, 913.0, 796.0, 703.0, 615.0, 551.0, 525.0, 522.0], ""nitrogen_dioxide"": [40.7, 36.8, 31.1, 25.1, 18.5, 11.5, 6.6, 4.9, 5.2, 6.3, 4.4, 3.2, 13.4, 48.1, 94.1, 122.2, 116.2, 92.4, 69.6, 53.6, 38.8, 27.2, 20.1, 16.3, 14.5, 15.3, 18.0, 19.2, 16.8, 12.8, 9.6, 7.9, 7.0, 6.9, 6.9, 7.7, 11.9, 22.4, 36.2, 47.4, 54.3, 58.6, 58.8, 53.1, 43.5, 34.3, 26.2, 18.6, 14.2, 15.9, 21.0, 23.6, 20.9, 15.7, 11.6, 9.5, 8.4, 8.5, 7.3, 7.3, 16.6, 45.3, 83.1, 107.7, 107.6, 94.1, 79.1, 65.0, 49.3, 36.1, 26.6, 19.5, 15.3, 15.6, 18.7, 20.4, 18.6, 15.3, 12.4, 10.1, 8.2, 7.4, 6.8, 7.3, 12.3, 25.6, 43.3, 57.1, 64.6, 68.1, 66.6, 57.0, 42.3, 30.2, 23.5, 19.4, 17.6, 19.5, 23.6, 25.2, 21.3, 14.8, 9.8, 7.4, 6.6, 8.1, 12.3, 18.8, 27.2, 39.4, 53.4, 63.4, 66.6, 65.7, 62.5, 56.5, 48.1, 40.4, 34.1, 28.6], ""ozone"": [60.0, 78.0, 103.0, 134.0, 174.0, 220.0, 252.0, 262.0, 259.0, 251.0, 244.0, 233.0, 207.0, 152.0, 84.0, 37.0, 32.0, 49.0, 66.0, 76.0, 85.0, 91.0, 91.0, 88.0, 86.0, 87.0, 89.0, 95.0, 108.0, 124.0, 142.0, 161.0, 181.0, 195.0, 205.0, 210.0, 201.0, 169.0, 124.0, 87.0, 66.0, 53.0, 46.0, 45.0, 49.0, 56.0, 66.0, 79.0, 88.0, 87.0, 81.0, 82.0, 95.0, 114.0, 131.0, 145.0, 158.0, 168.0, 180.0, 189.0, 181.0, 140.0, 83.0, 40.0, 28.0, 31.0, 36.0, 40.0, 47.0, 55.0, 65.0, 77.0, 87.0, 92.0, 95.0, 100.0, 109.0, 120.0, 131.0, 143.0, 156.0, 166.0, 175.0, 180.0, 173.0, 143.0, 101.0, 67.0, 49.0, 39.0, 36.0, 40.0, 51.0, 60.0, 66.0, 70.0, 73.0, 71.0, 68.0, 72.0, 91.0, 117.0, 138.0, 149.0, 154.0, 152.0, 141.0, 124.0, 105.0, 84.0, 61.0, 43.0, 33.0, 29.0, 27.0, 28.0, 32.0, 36.0, 41.0, 46.0], ""sulphur_dioxide"": [21.9, 23.0, 24.6, 26.1, 27.7, 29.3, 29.6, 27.7, 24.4, 21.7, 19.8, 18.3, 18.1, 20.2, 23.6, 25.8, 25.9, 24.9, 23.2, 20.7, 17.6, 14.6, 11.8, 9.2, 7.6, 7.6, 8.5, 9.4, 10.0, 10.6, 11.0, 11.2, 11.3, 11.5, 12.0, 12.7, 13.1, 13.0, 12.6, 12.4, 12.7, 13.3, 13.6, 13.5, 13.2, 12.5, 10.9, 8.8, 7.6, 8.1, 9.4, 10.6, 11.3, 11.8, 12.3, 12.6, 12.7, 13.1, 13.8, 14.6, 15.9, 18.1, 20.7, 22.0, 21.1, 18.9, 16.6, 14.4, 12.1, 10.1, 8.4, 7.1, 6.6, 7.5, 9.3, 10.7, 11.3, 11.7, 11.9, 12.1, 12.1, 12.3, 12.7, 13.3, 13.5, 13.2, 12.5, 12.2, 12.5, 13.2, 13.4, 13.0, 12.2, 11.2, 9.9, 8.5, 7.7, 7.8, 8.6, 9.5, 10.8, 12.4, 13.3, 13.2, 12.5, 11.5, 10.0, 8.2, 7.3, 8.1, 9.7, 11.0, 11.5, 11.6, 11.5, 11.2, 10.6, 10.0, 9.2, 8.4], ""ammonia"": [null, null, null, null, null, null, null, null, null, null, null, null, null, null, null, null, null, null, null, null, null, null, null, null, null, null, null, null, null, null, null, null, null, null, null, null, null, null, null, null, null, null, null, null, null, null, null, null, null, null, null, null, null, null, null, null, null, null, null, null, null, null, null, null, null, null, null, null, null, null, null, null, null, null, null, null, null, null, null, null, null, null, null, null, null, null, null, null, null, null, null, null, null, null, null, null, null, null, null, null, null, null, null, null, null, null, null, null, null, null, null, null, null, null, null, null, null, null, null, null], ""us_aqi"": [157, 158, 159, 160, 160, 160, 160, 161, 162, 174, 201, 210, 217, 219, 214, 203, 171, 167, 167, 166, 165, 164, 162, 160, 158, 157, 155, 153, 152, 152, 151, 150, 148, 146, 144, 142, 149, 164, 171, 168, 156, 134, 117, 115, 113, 112, 111, 111, 111, 111, 110, 109, 109, 108, 107, 106, 104, 103, 102, 102, 118, 136, 141, 131, 109, 108, 109, 109, 109, 108, 107, 106, 105, 105, 105, 105, 105, 105, 105, 105, 104, 104, 103, 102, 118, 131, 136, 130, 113, 93, 93, 93, 93, 93, 93, 93, 94, 94, 94, 94, 94, 95, 95, 96, 97, 97, 98, 98, 98, 99, 99, 99, 99, 100, 99, 99, 100, 100, 100, 101]}}}"
2026-07-27T20:50:06.063649+00:00,Lahore,PK,31.5204,74.3587,,,,,,,,,,,,,,,,,aqicn,success,1.081647799932398,"{""air_quality"": {""status"": ""error"", ""data"": ""Invalid key""}}"
2026-07-27T20:50:50.500787+00:00,Karachi,PK,24.8607,67.0011,27.26,81.0,999.0,7.48,259.0,98.0,,4.0,24.33,113.32,67.44,0.0,0.1,0.52,42.05,0.0,openweather,success,1.5043707999866456,"{""weather"": {""coord"": {""lon"": 67.0011, ""lat"": 24.8607}, ""weather"": [{""id"": 804, ""main"": ""Clouds"", ""description"": ""overcast clouds"", ""icon"": ""04n""}], ""base"": ""stations"", ""main"": {""temp"": 27.26, ""feels_like"": 30.44, ""temp_min"": 27.26, ""temp_max"": 27.26, ""pressure"": 999, ""humidity"": 81, ""sea_level"": 999, ""grnd_level"": 997}, ""visibility"": 10000, ""wind"": {""speed"": 7.48, ""deg"": 259, ""gust"": 8.51}, ""clouds"": {""all"": 98}, ""dt"": 1785185404, ""sys"": {""country"": ""PK"", ""sunrise"": 1785200258, ""sunset"": 1785248347}, ""timezone"": 18000, ""id"": 1174872, ""name"": ""Karachi"", ""cod"": 200}, ""air_quality"": {""coord"": {""lon"": 67.0011, ""lat"": 24.8607}, ""list"": [{""main"": {""aqi"": 4}, ""components"": {""co"": 67.44, ""no"": 0, ""no2"": 0.1, ""o3"": 42.05, ""so2"": 0.52, ""pm2_5"": 24.33, ""pm10"": 113.32, ""nh3"": 0}, ""dt"": 1785185407}]}}"
2026-07-27T20:45,Karachi,PK,24.8607,67.0011,28.0,83.0,998.9,15.0,256.0,76.0,0.0,82.0,20.8,58.9,121.0,,4.6,4.7,49.0,,openmeteo,success,1.8331387999933213,"{""weather"": {""latitude"": 24.850615, ""longitude"": 66.992485, ""generationtime_ms"": 0.07975101470947266, ""utc_offset_seconds"": 0, ""timezone"": ""GMT"", ""timezone_abbreviation"": ""GMT"", ""elevation"": 7.0, ""current_units"": {""time"": ""iso8601"", ""interval"": ""seconds"", ""temperature_2m"": ""°C"", ""relative_humidity_2m"": ""%"", ""pressure_msl"": ""hPa"", ""wind_speed_10m"": ""km/h"", ""wind_direction_10m"": ""°"", ""cloud_cover"": ""%"", ""rain"": ""mm""}, ""current"": {""time"": ""2026-07-27T20:45"", ""interval"": 900, ""temperature_2m"": 28.0, ""relative_humidity_2m"": 83, ""pressure_msl"": 998.9, ""wind_speed_10m"": 15.0, ""wind_direction_10m"": 256, ""cloud_cover"": 76, ""rain"": 0.0}}, ""air_quality"": {""latitude"": 24.900002, ""longitude"": 67.0, ""generationtime_ms"": 0.34117698669433594, ""utc_offset_seconds"": 0, ""timezone"": ""GMT"", ""timezone_abbreviation"": ""GMT"", ""elevation"": 7.0, ""hourly_units"": {""time"": ""iso8601"", ""pm10"": ""μg/m³"", ""pm2_5"": ""μg/m³"", ""carbon_monoxide"": ""μg/m³"", ""nitrogen_dioxide"": ""μg/m³"", ""ozone"": ""μg/m³"", ""sulphur_dioxide"": ""μg/m³"", ""ammonia"": ""μg/m³"", ""us_aqi"": ""USAQI""}, ""hourly"": {""time"": [""2026-07-27T00:00"", ""2026-07-27T01:00"", ""2026-07-27T02:00"", ""2026-07-27T03:00"", ""2026-07-27T04:00"", ""2026-07-27T05:00"", ""2026-07-27T06:00"", ""2026-07-27T07:00"", ""2026-07-27T08:00"", ""2026-07-27T09:00"", ""2026-07-27T10:00"", ""2026-07-27T11:00"", ""2026-07-27T12:00"", ""2026-07-27T13:00"", ""2026-07-27T14:00"", ""2026-07-27T15:00"", ""2026-07-27T16:00"", ""2026-07-27T17:00"", ""2026-07-27T18:00"", ""2026-07-27T19:00"", ""2026-07-27T20:00"", ""2026-07-27T21:00"", ""2026-07-27T22:00"", ""2026-07-27T23:00"", ""2026-07-28T00:00"", ""2026-07-28T01:00"", ""2026-07-28T02:00"", ""2026-07-28T03:00"", ""2026-07-28T04:00"", ""2026-07-28T05:00"", ""2026-07-28T06:00"", ""2026-07-28T07:00"", ""2026-07-28T08:00"", ""2026-07-28T09:00"", ""2026-07-28T10:00"", ""2026-07-28T11:00"", ""2026-07-28T12:00"", ""2026-07-28T13:00"", ""2026-07-28T14:00"", ""2026-07-28T15:00"", ""2026-07-28T16:00"", ""2026-07-28T17:00"", ""2026-07-28T18:00"", ""2026-07-28T19:00"", ""2026-07-28T20:00"", ""2026-07-28T21:00"", ""2026-07-28T22:00"", ""2026-07-28T23:00"", ""2026-07-29T00:00"", ""2026-07-29T01:00"", ""2026-07-29T02:00"", ""2026-07-29T03:00"", ""2026-07-29T04:00"", ""2026-07-29T05:00"", ""2026-07-29T06:00"", ""2026-07-29T07:00"", ""2026-07-29T08:00"", ""2026-07-29T09:00"", ""2026-07-29T10:00"", ""2026-07-29T11:00"", ""2026-07-29T12:00"", ""2026-07-29T13:00"", ""2026-07-29T14:00"", ""2026-07-29T15:00"", ""2026-07-29T16:00"", ""2026-07-29T17:00"", ""2026-07-29T18:00"", ""2026-07-29T19:00"", ""2026-07-29T20:00"", ""2026-07-29T21:00"", ""2026-07-29T22:00"", ""2026-07-29T23:00"", ""2026-07-30T00:00"", ""2026-07-30T01:00"", ""2026-07-30T02:00"", ""2026-07-30T03:00"", ""2026-07-30T04:00"", ""2026-07-30T05:00"", ""2026-07-30T06:00"", ""2026-07-30T07:00"", ""2026-07-30T08:00"", ""2026-07-30T09:00"", ""2026-07-30T10:00"", ""2026-07-30T11:00"", ""2026-07-30T12:00"", ""2026-07-30T13:00"", ""2026-07-30T14:00"", ""2026-07-30T15:00"", ""2026-07-30T16:00"", ""2026-07-30T17:00"", ""2026-07-30T18:00"", ""2026-07-30T19:00"", ""2026-07-30T20:00"", ""2026-07-30T21:00"", ""2026-07-30T22:00"", ""2026-07-30T23:00"", ""2026-07-31T00:00"", ""2026-07-31T01:00"", ""2026-07-31T02:00"", ""2026-07-31T03:00"", ""2026-07-31T04:00"", ""2026-07-31T05:00"", ""2026-07-31T06:00"", ""2026-07-31T07:00"", ""2026-07-31T08:00"", ""2026-07-31T09:00"", ""2026-07-31T10:00"", ""2026-07-31T11:00"", ""2026-07-31T12:00"", ""2026-07-31T13:00"", ""2026-07-31T14:00"", ""2026-07-31T15:00"", ""2026-07-31T16:00"", ""2026-07-31T17:00"", ""2026-07-31T18:00"", ""2026-07-31T19:00"", ""2026-07-31T20:00"", ""2026-07-31T21:00"", ""2026-07-31T22:00"", ""2026-07-31T23:00""], ""pm10"": [58.9, 61.7, 78.2, 105.0, 106.4, 120.1, 121.5, 118.3, 113.4, 113.2, 110.6, 103.6, 95.0, 85.0, 77.1, 73.3, 73.8, 76.1, 74.3, 61.9, 55.5, 57.7, 49.2, 46.6, 53.3, 47.3, 52.7, 64.3, 69.2, 75.0, 78.2, 81.7, 85.0, 89.6, 86.4, 85.4, 77.5, 77.1, 64.5, 59.1, 47.6, 43.5, 43.1, 41.9, 40.0, 39.3, 40.0, 40.5, 41.9, 40.9, 45.6, 56.5, 73.8, 84.1, 92.7, 86.6, 79.4, 77.3, 77.8, 76.6, 70.8, 65.0, 57.5, 51.1, 50.6, 50.4, 50.3, 50.4, 50.5, 50.6, 51.7, 56.0, 61.9, 61.5, 65.7, 75.9, 93.6, 93.8, 93.4, 93.8, 90.8, 88.0, 87.1, 85.9, 84.1, 79.2, 73.6, 66.6, 63.8, 63.6, 63.8, 63.8, 62.2, 57.7, 53.0, 51.3, 51.0, 53.7, 75.2, 96.9, 112.2, 117.6, 118.3, 118.5, 117.1, 111.5, 103.1, 95.2, 88.9, 84.8, 82.7, 80.8, 78.2, 77.1, 75.7, 75.9, 75.4, 75.2, 73.6, 71.7], ""pm2_5"": [20.8, 21.4, 24.3, 30.7, 31.4, 35.6, 37.4, 37.7, 36.8, 36.6, 36.1, 34.8, 32.9, 30.3, 28.2, 27.0, 26.6, 26.2, 25.1, 21.2, 19.3, 19.8, 17.5, 17.0, 19.3, 17.9, 19.3, 24.2, 25.9, 27.3, 27.9, 29.2, 30.3, 31.9, 31.4, 31.2, 29.0, 29.3, 26.3, 26.0, 21.4, 20.4, 20.4, 20.1, 19.3, 18.6, 18.3, 18.3, 18.6, 18.6, 20.3, 22.5, 28.3, 30.9, 33.5, 33.2, 32.0, 31.1, 30.9, 30.0, 28.6, 27.5, 25.1, 22.9, 22.7, 22.9, 23.5, 23.7, 23.1, 22.1, 21.5, 21.8, 22.7, 22.8, 24.0, 26.4, 32.2, 33.4, 34.8, 36.0, 35.9, 35.2, 34.6, 33.9, 33.1, 31.7, 30.2, 27.2, 25.8, 25.7, 25.8, 25.9, 25.4, 24.4, 23.3, 22.7, 22.4, 23.2, 27.3, 31.1, 34.6, 37.0, 39.1, 41.1, 42.5, 42.1, 39.8, 36.9, 34.3, 32.1, 30.6, 29.7, 27.9, 27.1, 26.5, 26.0, 25.2, 25.0, 24.6, 24.2], ""carbon_monoxide"": [121.0, 165.0, 225.0, 262.0, 256.0, 228.0, 205.0, 196.0, 192.0, 193.0, 203.0, 217.0, 226.0, 224.0, 215.0, 205.0, 193.0, 179.0, 165.0, 149.0, 133.0, 121.0, 112.0, 108.0, 120.0, 167.0, 231.0, 269.0, 257.0, 219.0, 191.0, 186.0, 191.0, 200.0, 215.0, 235.0, 247.0, 246.0, 238.0, 230.0, 225.0, 219.0, 208.0, 187.0, 162.0, 144.0, 132.0, 128.0, 142.0, 195.0, 267.0, 311.0, 297.0, 255.0, 222.0, 212.0, 213.0, 221.0, 241.0, 268.0, 292.0, 310.0, 325.0, 331.0, 324.0, 308.0, 286.0, 253.0, 213.0, 182.0, 160.0, 146.0, 154.0, 204.0, 275.0, 318.0, 304.0, 262.0, 231.0, 224.0, 227.0, 240.0, 263.0, 295.0, 331.0, 373.0, 419.0, 454.0, 482.0, 499.0, 481.0, 400.0, 284.0, 198.0, 163.0, 158.0, 184.0, 262.0, 371.0, 449.0, 465.0, 449.0, 429.0, 410.0, 388.0, 376.0, 384.0, 403.0, 418.0, 428.0, 433.0, 425.0, 391.0, 343.0, 308.0, 296.0, 297.0, 307.0, 332.0, 366.0], ""nitrogen_dioxide"": [4.6, 5.7, 7.1, 7.9, 7.3, 6.0, 4.9, 4.1, 3.4, 3.3, 3.9, 4.9, 6.2, 7.9, 9.9, 11.0, 10.7, 9.5, 8.4, 7.7, 7.1, 6.5, 5.6, 4.7, 4.5, 5.9, 8.0, 9.3, 8.9, 7.6, 6.4, 5.3, 4.3, 3.9, 4.4, 5.6, 7.1, 9.3, 11.9, 13.8, 14.5, 14.4, 13.7, 12.2, 10.2, 8.4, 6.9, 5.7, 5.3, 6.5, 8.6, 9.7, 8.7, 6.8, 5.2, 4.4, 4.0, 4.2, 5.1, 6.7, 8.8, 11.8, 15.3, 18.1, 19.8, 20.8, 20.7, 19.2, 16.7, 14.1, 11.2, 8.2, 6.5, 7.3, 9.5, 10.6, 9.5, 7.5, 5.8, 4.9, 4.4, 4.6, 5.6, 7.2, 9.6, 13.5, 18.1, 21.3, 21.8, 20.8, 19.6, 18.6, 17.4, 16.5, 15.9, 15.4, 15.4, 16.2, 17.3, 17.6, 16.4, 14.4, 12.4, 10.5, 8.7, 7.9, 8.4, 10.0, 12.3, 16.1, 20.8, 24.0, 24.9, 24.4, 23.2, 21.3, 18.7, 16.6, 15.4, 14.7], ""ozone"": [49.0, 49.0, 48.0, 52.0, 63.0, 77.0, 88.0, 92.0, 91.0, 88.0, 81.0, 71.0, 62.0, 55.0, 50.0, 46.0, 45.0, 46.0, 47.0, 47.0, 47.0, 47.0, 48.0, 49.0, 49.0, 48.0, 47.0, 47.0, 50.0, 55.0, 61.0, 68.0, 75.0, 79.0, 77.0, 71.0, 65.0, 59.0, 53.0, 48.0, 46.0, 46.0, 46.0, 47.0, 48.0, 49.0, 50.0, 51.0, 51.0, 50.0, 48.0, 50.0, 59.0, 72.0, 83.0, 91.0, 98.0, 99.0, 92.0, 80.0, 69.0, 60.0, 52.0, 46.0, 42.0, 41.0, 40.0, 41.0, 42.0, 45.0, 49.0, 53.0, 56.0, 56.0, 54.0, 57.0, 69.0, 85.0, 99.0, 110.0, 118.0, 121.0, 115.0, 102.0, 89.0, 75.0, 61.0, 50.0, 47.0, 47.0, 48.0, 48.0, 48.0, 47.0, 44.0, 40.0, 39.0, 41.0, 45.0, 52.0, 62.0, 75.0, 87.0, 101.0, 115.0, 121.0, 114.0, 98.0, 82.0, 67.0, 51.0, 39.0, 34.0, 33.0, 34.0, 35.0, 38.0, 40.0, 41.0, 41.0], ""sulphur_dioxide"": [4.7, 5.0, 5.5, 6.0, 6.5, 7.0, 7.1, 6.7, 5.9, 5.3, 5.1, 5.1, 5.1, 5.1, 5.0, 5.0, 5.0, 5.0, 5.0, 4.9, 4.7, 4.6, 4.5, 4.3, 4.3, 4.5, 4.7, 5.0, 5.2, 5.5, 5.6, 5.6, 5.4, 5.3, 5.2, 5.2, 5.2, 5.3, 5.5, 5.7, 5.9, 6.2, 6.2, 5.9, 5.3, 4.9, 4.6, 4.5, 4.5, 4.8, 5.2, 5.6, 5.8, 6.0, 6.1, 6.1, 6.0, 5.9, 5.8, 5.8, 5.8, 6.0, 6.3, 6.7, 7.3, 7.9, 8.2, 7.9, 7.3, 6.7, 6.2, 5.8, 5.6, 5.9, 6.4, 6.9, 7.2, 7.5, 7.6, 7.5, 7.3, 7.1, 7.0, 7.0, 7.1, 7.3, 7.6, 8.0, 8.5, 9.1, 9.5, 9.4, 9.0, 8.7, 8.3, 7.9, 8.0, 9.0, 10.6, 12.0, 13.2, 14.2, 14.9, 15.1, 14.9, 14.3, 13.2, 11.9, 10.7, 9.9, 9.3, 9.1, 9.5, 10.3, 10.9, 10.9, 10.6, 10.5, 10.7, 11.0], ""ammonia"": [null, null, null, null, null, null, null, null, null, null, null, null, null, null, null, null, null, null, null, null, null, null, null, null, null, null, null, null, null, null, null, null, null, null, null, null, null, null, null, null, null, null, null, null, null, null, null, null, null, null, null, null, null, null, null, null, null, null, null, null, null, null, null, null, null, null, null, null, null, null, null, null, null, null, null, null, null, null, null, null, null, null, null, null, null, null, null, null, null, null, null, null, null, null, null, null, null, null, null, null, null, null, null, null, null, null, null, null, null, null, null, null, null, null, null, null, null, null, null, null], ""us_aqi"": [82, 82, 82, 82, 82, 82, 83, 83, 83, 83, 84, 84, 84, 85, 85, 85, 86, 86, 87, 87, 87, 87, 87, 86, 86, 86, 86, 85, 85, 84, 84, 83, 82, 82, 81, 81, 81, 80, 80, 80, 80, 80, 79, 79, 79, 79, 79, 79, 79, 79, 79, 79, 79, 79, 79, 80, 80, 80, 80, 80, 80, 80, 80, 80, 79, 80, 80, 80, 80, 81, 81, 81, 81, 82, 82, 82, 83, 83, 83, 83, 83, 84, 84, 84, 85, 85, 85, 86, 86, 86, 87, 87, 87, 87, 87, 87, 88, 87, 88, 88, 88, 88, 89, 89, 89, 90, 90, 91, 91, 91, 91, 91, 91, 92, 92, 92, 92, 92, 92, 92]}}}"
2026-07-27T20:50:50.136691+00:00,Karachi,PK,24.8607,67.0011,,,,,,,,,,,,,,,,,aqicn,success,1.1306920000351965,"{""air_quality"": {""status"": ""error"", ""data"": ""Invalid key""}}"
2026-07-27T20:50:50.687557+00:00,Hyderabad,PK,25.396,68.3578,28.38,72.0,997.0,9.65,231.0,61.0,,3.0,20.02,85.93,75.69,0.0,1.01,1.88,41.64,0.42,openweather,success,1.6800813999725506,"{""weather"": {""coord"": {""lon"": 68.3578, ""lat"": 25.396}, ""weather"": [{""id"": 803, ""main"": ""Clouds"", ""description"": ""broken clouds"", ""icon"": ""04n""}], ""base"": ""stations"", ""main"": {""temp"": 28.38, ""feels_like"": 31.73, ""temp_min"": 28.38, ""temp_max"": 28.38, ""pressure"": 997, ""humidity"": 72, ""sea_level"": 997, ""grnd_level"": 993}, ""visibility"": 10000, ""wind"": {""speed"": 9.65, ""deg"": 231, ""gust"": 13.05}, ""clouds"": {""all"": 61}, ""dt"": 1785185405, ""sys"": {""country"": ""PK"", ""sunrise"": 1785199876, ""sunset"": 1785248078}, ""timezone"": 18000, ""id"": 1176734, ""name"": ""Hyderābād"", ""cod"": 200}, ""air_quality"": {""coord"": {""lon"": 68.3578, ""lat"": 25.396}, ""list"": [{""main"": {""aqi"": 3}, ""components"": {""co"": 75.69, ""no"": 0, ""no2"": 1.01, ""o3"": 41.64, ""so2"": 1.88, ""pm2_5"": 20.02, ""pm10"": 85.93, ""nh3"": 0.42}, ""dt"": 1785185405}]}}"
2026-07-27T20:45,Hyderabad,PK,25.396,68.3578,28.0,81.0,997.4,17.3,225.0,12.0,0.0,87.0,17.7,33.2,122.0,,8.5,6.4,35.0,,openmeteo,success,2.4994661000091583,"{""weather"": {""latitude"": 25.413004, ""longitude"": 68.353195, ""generationtime_ms"": 0.13840198516845703, ""utc_offset_seconds"": 0, ""timezone"": ""GMT"", ""timezone_abbreviation"": ""GMT"", ""elevation"": 29.0, ""current_units"": {""time"": ""iso8601"", ""interval"": ""seconds"", ""temperature_2m"": ""°C"", ""relative_humidity_2m"": ""%"", ""pressure_msl"": ""hPa"", ""wind_speed_10m"": ""km/h"", ""wind_direction_10m"": ""°"", ""cloud_cover"": ""%"", ""rain"": ""mm""}, ""current"": {""time"": ""2026-07-27T20:45"", ""interval"": 900, ""temperature_2m"": 28.0, ""relative_humidity_2m"": 81, ""pressure_msl"": 997.4, ""wind_speed_10m"": 17.3, ""wind_direction_10m"": 225, ""cloud_cover"": 12, ""rain"": 0.0}}, ""air_quality"": {""latitude"": 25.400002, ""longitude"": 68.40001, ""generationtime_ms"": 0.3173351287841797, ""utc_offset_seconds"": 0, ""timezone"": ""GMT"", ""timezone_abbreviation"": ""GMT"", ""elevation"": 29.0, ""hourly_units"": {""time"": ""iso8601"", ""pm10"": ""μg/m³"", ""pm2_5"": ""μg/m³"", ""carbon_monoxide"": ""μg/m³"", ""nitrogen_dioxide"": ""μg/m³"", ""ozone"": ""μg/m³"", ""sulphur_dioxide"": ""μg/m³"", ""ammonia"": ""μg/m³"", ""us_aqi"": ""USAQI""}, ""hourly"": {""time"": [""2026-07-27T00:00"", ""2026-07-27T01:00"", ""2026-07-27T02:00"", ""2026-07-27T03:00"", ""2026-07-27T04:00"", ""2026-07-27T05:00"", ""2026-07-27T06:00"", ""2026-07-27T07:00"", ""2026-07-27T08:00"", ""2026-07-27T09:00"", ""2026-07-27T10:00"", ""2026-07-27T11:00"", ""2026-07-27T12:00"", ""2026-07-27T13:00"", ""2026-07-27T14:00"", ""2026-07-27T15:00"", ""2026-07-27T16:00"", ""2026-07-27T17:00"", ""2026-07-27T18:00"", ""2026-07-27T19:00"", ""2026-07-27T20:00"", ""2026-07-27T21:00"", ""2026-07-27T22:00"", ""2026-07-27T23:00"", ""2026-07-28T00:00"", ""2026-07-28T01:00"", ""2026-07-28T02:00"", ""2026-07-28T03:00"", ""2026-07-28T04:00"", ""2026-07-28T05:00"", ""2026-07-28T06:00"", ""2026-07-28T07:00"", ""2026-07-28T08:00"", ""2026-07-28T09:00"", ""2026-07-28T10:00"", ""2026-07-28T11:00"", ""2026-07-28T12:00"", ""2026-07-28T13:00"", ""2026-07-28T14:00"", ""2026-07-28T15:00"", ""2026-07-28T16:00"", ""2026-07-28T17:00"", ""2026-07-28T18:00"", ""2026-07-28T19:00"", ""2026-07-28T20:00"", ""2026-07-28T21:00"", ""2026-07-28T22:00"", ""2026-07-28T23:00"", ""2026-07-29T00:00"", ""2026-07-29T01:00"", ""2026-07-29T02:00"", ""2026-07-29T03:00"", ""2026-07-29T04:00"", ""2026-07-29T05:00"", ""2026-07-29T06:00"", ""2026-07-29T07:00"", ""2026-07-29T08:00"", ""2026-07-29T09:00"", ""2026-07-29T10:00"", ""2026-07-29T11:00"", ""2026-07-29T12:00"", ""2026-07-29T13:00"", ""2026-07-29T14:00"", ""2026-07-29T15:00"", ""2026-07-29T16:00"", ""2026-07-29T17:00"", ""2026-07-29T18:00"", ""2026-07-29T19:00"", ""2026-07-29T20:00"", ""2026-07-29T21:00"", ""2026-07-29T22:00"", ""2026-07-29T23:00"", ""2026-07-30T00:00"", ""2026-07-30T01:00"", ""2026-07-30T02:00"", ""2026-07-30T03:00"", ""2026-07-30T04:00"", ""2026-07-30T05:00"", ""2026-07-30T06:00"", ""2026-07-30T07:00"", ""2026-07-30T08:00"", ""2026-07-30T09:00"", ""2026-07-30T10:00"", ""2026-07-30T11:00"", ""2026-07-30T12:00"", ""2026-07-30T13:00"", ""2026-07-30T14:00"", ""2026-07-30T15:00"", ""2026-07-30T16:00"", ""2026-07-30T17:00"", ""2026-07-30T18:00"", ""2026-07-30T19:00"", ""2026-07-30T20:00"", ""2026-07-30T21:00"", ""2026-07-30T22:00"", ""2026-07-30T23:00"", ""2026-07-31T00:00"", ""2026-07-31T01:00"", ""2026-07-31T02:00"", ""2026-07-31T03:00"", ""2026-07-31T04:00"", ""2026-07-31T05:00"", ""2026-07-31T06:00"", ""2026-07-31T07:00"", ""2026-07-31T08:00"", ""2026-07-31T09:00"", ""2026-07-31T10:00"", ""2026-07-31T11:00"", ""2026-07-31T12:00"", ""2026-07-31T13:00"", ""2026-07-31T14:00"", ""2026-07-31T15:00"", ""2026-07-31T16:00"", ""2026-07-31T17:00"", ""2026-07-31T18:00"", ""2026-07-31T19:00"", ""2026-07-31T20:00"", ""2026-07-31T21:00"", ""2026-07-31T22:00"", ""2026-07-31T23:00""], ""pm10"": [33.2, 37.0, 39.3, 44.0, 51.7, 61.9, 76.4, 88.0, 98.3, 105.9, 108.3, 105.0, 97.3, 88.0, 79.2, 76.4, 73.1, 69.2, 64.3, 59.0, 57.7, 57.2, 53.0, 48.8, 43.2, 39.0, 39.2, 51.1, 65.9, 70.8, 77.5, 84.3, 89.6, 92.2, 91.7, 90.3, 88.9, 86.8, 80.1, 75.4, 68.9, 62.6, 55.1, 45.1, 38.5, 36.7, 38.4, 40.5, 40.6, 39.8, 43.8, 58.9, 68.0, 89.4, 106.2, 127.1, 146.2, 155.1, 157.4, 149.5, 134.1, 113.2, 88.7, 74.0, 65.7, 60.8, 55.5, 50.2, 45.6, 44.7, 46.3, 49.8, 51.2, 53.7, 80.6, 69.6, 77.3, 79.6, 85.7, 95.2, 105.5, 116.9, 125.7, 128.5, 128.1, 118.5, 96.6, 77.8, 68.2, 61.7, 59.1, 56.2, 54.0, 52.4, 49.6, 48.9, 47.3, 46.0, 50.3, 61.9, 78.9, 95.7, 109.0, 114.8, 115.7, 112.7, 108.0, 104.3, 102.2, 100.6, 89.6, 77.5, 75.9, 68.2, 62.6, 58.7, 56.9, 54.2, 51.9, 50.6], ""pm2_5"": [17.7, 18.0, 18.3, 19.4, 21.4, 24.4, 28.9, 33.3, 37.1, 39.8, 41.6, 41.7, 40.7, 39.0, 36.9, 35.0, 32.8, 30.5, 28.0, 25.7, 23.5, 22.0, 19.6, 18.0, 16.3, 15.3, 15.8, 19.4, 23.8, 26.4, 29.5, 32.4, 34.5, 35.6, 35.9, 35.6, 35.3, 34.9, 33.5, 31.5, 29.3, 27.2, 24.4, 20.6, 17.8, 16.9, 17.2, 17.6, 17.6, 17.3, 18.2, 22.8, 24.3, 29.5, 34.3, 40.2, 45.5, 48.9, 50.5, 50.1, 47.6, 43.4, 37.7, 32.8, 29.7, 27.8, 25.2, 22.6, 20.2, 19.4, 19.6, 20.2, 20.5, 21.4, 28.2, 24.2, 27.1, 29.0, 32.1, 35.9, 39.6, 43.0, 45.4, 46.6, 47.0, 45.9, 42.7, 38.4, 34.2, 31.4, 29.7, 27.6, 25.7, 24.2, 22.1, 21.1, 20.4, 20.1, 21.1, 23.6, 27.6, 31.8, 35.4, 37.1, 37.6, 36.9, 35.6, 34.7, 34.1, 33.9, 34.1, 34.6, 33.6, 31.9, 30.2, 28.6, 27.4, 25.8, 24.7, 23.9], ""carbon_monoxide"": [122.0, 170.0, 236.0, 277.0, 267.0, 232.0, 206.0, 202.0, 207.0, 217.0, 237.0, 262.0, 276.0, 270.0, 252.0, 233.0, 215.0, 196.0, 181.0, 173.0, 169.0, 165.0, 157.0, 150.0, 153.0, 177.0, 210.0, 234.0, 238.0, 231.0, 222.0, 212.0, 201.0, 193.0, 192.0, 195.0, 197.0, 197.0, 197.0, 195.0, 191.0, 184.0, 174.0, 155.0, 133.0, 119.0, 116.0, 121.0, 140.0, 187.0, 248.0, 288.0, 286.0, 263.0, 244.0, 237.0, 234.0, 241.0, 268.0, 304.0, 323.0, 308.0, 277.0, 256.0, 263.0, 280.0, 287.0, 271.0, 245.0, 225.0, 215.0, 210.0, 219.0, 252.0, 298.0, 328.0, 326.0, 307.0, 292.0, 286.0, 284.0, 289.0, 308.0, 334.0, 354.0, 363.0, 366.0, 363.0, 356.0, 344.0, 321.0, 279.0, 227.0, 188.0, 168.0, 160.0, 174.0, 227.0, 301.0, 349.0, 346.0, 317.0, 288.0, 266.0, 244.0, 232.0, 231.0, 240.0, 264.0, 315.0, 380.0, 427.0, 446.0, 446.0, 420.0, 349.0, 253.0, 182.0, 162.0, 169.0], ""nitrogen_dioxide"": [8.5, 8.1, 7.4, 6.6, 5.4, 4.0, 2.8, 2.1, 1.7, 1.5, 1.5, 1.8, 2.4, 3.5, 4.9, 6.1, 6.9, 7.5, 7.7, 7.3, 6.6, 5.9, 5.5, 5.2, 4.9, 4.6, 4.2, 3.8, 3.1, 2.4, 1.8, 1.5, 1.4, 1.4, 1.5, 1.8, 2.3, 3.2, 4.4, 5.4, 6.1, 6.6, 6.9, 6.8, 6.5, 6.2, 6.0, 5.8, 5.6, 5.3, 5.1, 4.6, 3.8, 2.9, 2.2, 1.8, 1.7, 1.7, 1.9, 2.2, 2.8, 3.8, 4.9, 6.1, 7.2, 8.3, 9.0, 9.1, 8.8, 8.4, 8.2, 7.9, 7.5, 6.9, 6.2, 5.4, 4.4, 3.2, 2.3, 1.8, 1.6, 1.6, 1.7, 2.0, 2.6, 3.9, 5.5, 6.9, 7.8, 8.5, 9.1, 9.8, 10.4, 10.7, 10.5, 9.9, 9.3, 8.7, 7.9, 7.0, 5.8, 4.4, 3.3, 2.6, 2.1, 1.8, 1.5, 1.5, 2.5, 5.5, 9.6, 12.1, 11.5, 9.4, 8.0, 8.2, 9.1, 10.2, 11.4, 12.7], ""ozone"": [35.0, 36.0, 37.0, 42.0, 51.0, 63.0, 76.0, 89.0, 103.0, 113.0, 119.0, 122.0, 118.0, 104.0, 85.0, 68.0, 58.0, 50.0, 45.0, 43.0, 43.0, 44.0, 44.0, 44.0, 44.0, 44.0, 45.0, 49.0, 58.0, 69.0, 80.0, 90.0, 99.0, 104.0, 105.0, 102.0, 96.0, 87.0, 75.0, 65.0, 58.0, 52.0, 48.0, 46.0, 47.0, 47.0, 46.0, 46.0, 46.0, 47.0, 48.0, 53.0, 63.0, 75.0, 88.0, 100.0, 112.0, 121.0, 127.0, 131.0, 129.0, 118.0, 101.0, 85.0, 72.0, 59.0, 50.0, 46.0, 46.0, 46.0, 45.0, 45.0, 46.0, 47.0, 50.0, 56.0, 68.0, 84.0, 98.0, 110.0, 121.0, 129.0, 133.0, 135.0, 133.0, 127.0, 118.0, 107.0, 93.0, 76.0, 63.0, 54.0, 48.0, 44.0, 42.0, 41.0, 42.0, 43.0, 46.0, 52.0, 64.0, 79.0, 92.0, 100.0, 106.0, 109.0, 111.0, 110.0, 106.0, 95.0, 80.0, 68.0, 62.0, 58.0, 54.0, 49.0, 44.0, 40.0, 36.0, 32.0], ""sulphur_dioxide"": [6.4, 6.3, 6.3, 6.3, 6.5, 6.9, 7.2, 7.4, 7.6, 7.8, 7.9, 7.9, 8.0, 8.1, 8.3, 8.3, 8.2, 8.0, 7.8, 7.5, 7.2, 6.9, 6.4, 6.0, 5.6, 5.5, 5.5, 5.6, 5.8, 6.1, 6.3, 6.4, 6.4, 6.4, 6.4, 6.4, 6.5, 6.8, 7.1, 7.3, 7.3, 7.2, 7.1, 7.0, 6.8, 6.6, 6.4, 6.2, 6.1, 6.0, 5.9, 6.0, 6.2, 6.5, 6.9, 7.3, 7.8, 8.2, 8.4, 8.6, 8.7, 8.8, 8.9, 8.9, 8.8, 8.7, 8.5, 8.4, 8.2, 8.1, 8.0, 7.8, 7.7, 7.6, 7.4, 7.4, 7.5, 7.7, 8.0, 8.3, 8.7, 9.0, 9.0, 8.9, 8.9, 9.0, 9.1, 9.3, 9.5, 9.8, 9.9, 9.7, 9.4, 9.1, 8.8, 8.4, 8.2, 8.3, 8.5, 8.8, 9.3, 9.8, 9.8, 8.8, 7.3, 6.1, 5.5, 5.3, 5.2, 5.1, 5.2, 5.8, 7.3, 9.2, 10.6, 11.0, 10.8, 10.6, 10.6, 10.7], ""ammonia"": [null, null, null, null, null, null, null, null, null, null, null, null, null, null, null, null, null, null, null, null, null, null, null, null, null, null, null, null, null, null, null, null, null, null, null, null, null, null, null, null, null, null, null, null, null, null, null, null, null, null, null, null, null, null, null, null, null, null, null, null, null, null, null, null, null, null, null, null, null, null, null, null, null, null, null, null, null, null, null, null, null, null, null, null, null, null, null, null, null, null, null, null, null, null, null, null, null, null, null, null, null, null, null, null, null, null, null, null, null, null, null, null, null, null, null, null, null, null, null, null], ""us_aqi"": [87, 87, 87, 87, 87, 87, 86, 86, 86, 86, 86, 86, 87, 87, 87, 87, 87, 86, 86, 87, 87, 87, 88, 88, 88, 87, 87, 87, 87, 87, 87, 87, 87, 87, 87, 86, 86, 85, 85, 85, 85, 84, 84, 84, 83, 83, 83, 82, 82, 82, 83, 83, 83, 83, 83, 84, 84, 85, 86, 87, 88, 89, 90, 90, 91, 91, 91, 91, 91, 91, 91, 91, 92, 92, 92, 93, 93, 93, 93, 93, 93, 92, 92, 91, 91, 91, 91, 92, 92, 92, 93, 93, 93, 94, 94, 95, 95, 95, 94, 94, 94, 94, 94, 94, 94, 94, 94, 93, 92, 91, 90, 89, 89, 89, 89, 89, 89, 89, 90, 90]}}}"
2026-07-27T20:50:50.039781+00:00,Hyderabad,PK,25.396,68.3578,,,,,,,,,,,,,,,,,aqicn,success,1.0303865999449044,"{""air_quality"": {""status"": ""error"", ""data"": ""Invalid key""}}"
2026-07-27T20:50:50.101973+00:00,Sukkur,PK,27.7052,68.8484,34.87,48.0,994.0,6.86,189.0,11.0,,4.0,27.94,115.26,106.38,0.0,1.83,1.58,42.9,4.99,openweather,success,1.091702300007455,"{""weather"": {""coord"": {""lon"": 68.8484, ""lat"": 27.7052}, ""weather"": [{""id"": 801, ""main"": ""Clouds"", ""description"": ""few clouds"", ""icon"": ""02n""}], ""base"": ""stations"", ""main"": {""temp"": 34.87, ""feels_like"": 39.62, ""temp_min"": 34.87, ""temp_max"": 34.87, ""pressure"": 994, ""humidity"": 48, ""sea_level"": 994, ""grnd_level"": 987}, ""visibility"": 10000, ""wind"": {""speed"": 6.86, ""deg"": 189, ""gust"": 9.79}, ""clouds"": {""all"": 11}, ""dt"": 1785185405, ""sys"": {""country"": ""PK"", ""sunrise"": 1785199510, ""sunset"": 1785248208}, ""timezone"": 18000, ""id"": 1164408, ""name"": ""Sukkur"", ""cod"": 200}, ""air_quality"": {""coord"": {""lon"": 68.8484, ""lat"": 27.7052}, ""list"": [{""main"": {""aqi"": 4}, ""components"": {""co"": 106.38, ""no"": 0, ""no2"": 1.83, ""o3"": 42.9, ""so2"": 1.58, ""pm2_5"": 27.94, ""pm10"": 115.26, ""nh3"": 4.99}, ""dt"": 1785185405}]}}"
2026-07-27T20:45,Sukkur,PK,27.7052,68.8484,33.0,56.0,994.9,14.1,199.0,41.0,0.0,89.0,27.7,29.6,945.0,,18.3,4.7,38.0,,openmeteo,success,2.800584200071171,"{""weather"": {""latitude"": 27.732864, ""longitude"": 68.865166, ""generationtime_ms"": 0.7674694061279297, ""utc_offset_seconds"": 0, ""timezone"": ""GMT"", ""timezone_abbreviation"": ""GMT"", ""elevation"": 61.0, ""current_units"": {""time"": ""iso8601"", ""interval"": ""seconds"", ""temperature_2m"": ""°C"", ""relative_humidity_2m"": ""%"", ""pressure_msl"": ""hPa"", ""wind_speed_10m"": ""km/h"", ""wind_direction_10m"": ""°"", ""cloud_cover"": ""%"", ""rain"": ""mm""}, ""current"": {""time"": ""2026-07-27T20:45"", ""interval"": 900, ""temperature_2m"": 33.0, ""relative_humidity_2m"": 56, ""pressure_msl"": 994.9, ""wind_speed_10m"": 14.1, ""wind_direction_10m"": 199, ""cloud_cover"": 41, ""rain"": 0.0}}, ""air_quality"": {""latitude"": 27.700005, ""longitude"": 68.8, ""generationtime_ms"": 0.4099607467651367, ""utc_offset_seconds"": 0, ""timezone"": ""GMT"", ""timezone_abbreviation"": ""GMT"", ""elevation"": 61.0, ""hourly_units"": {""time"": ""iso8601"", ""pm10"": ""μg/m³"", ""pm2_5"": ""μg/m³"", ""carbon_monoxide"": ""μg/m³"", ""nitrogen_dioxide"": ""μg/m³"", ""ozone"": ""μg/m³"", ""sulphur_dioxide"": ""μg/m³"", ""ammonia"": ""μg/m³"", ""us_aqi"": ""USAQI""}, ""hourly"": {""time"": [""2026-07-27T00:00"", ""2026-07-27T01:00"", ""2026-07-27T02:00"", ""2026-07-27T03:00"", ""2026-07-27T04:00"", ""2026-07-27T05:00"", ""2026-07-27T06:00"", ""2026-07-27T07:00"", ""2026-07-27T08:00"", ""2026-07-27T09:00"", ""2026-07-27T10:00"", ""2026-07-27T11:00"", ""2026-07-27T12:00"", ""2026-07-27T13:00"", ""2026-07-27T14:00"", ""2026-07-27T15:00"", ""2026-07-27T16:00"", ""2026-07-27T17:00"", ""2026-07-27T18:00"", ""2026-07-27T19:00"", ""2026-07-27T20:00"", ""2026-07-27T21:00"", ""2026-07-27T22:00"", ""2026-07-27T23:00"", ""2026-07-28T00:00"", ""2026-07-28T01:00"", ""2026-07-28T02:00"", ""2026-07-28T03:00"", ""2026-07-28T04:00"", ""2026-07-28T05:00"", ""2026-07-28T06:00"", ""2026-07-28T07:00"", ""2026-07-28T08:00"", ""2026-07-28T09:00"", ""2026-07-28T10:00"", ""2026-07-28T11:00"", ""2026-07-28T12:00"", ""2026-07-28T13:00"", ""2026-07-28T14:00"", ""2026-07-28T15:00"", ""2026-07-28T16:00"", ""2026-07-28T17:00"", ""2026-07-28T18:00"", ""2026-07-28T19:00"", ""2026-07-28T20:00"", ""2026-07-28T21:00"", ""2026-07-28T22:00"", ""2026-07-28T23:00"", ""2026-07-29T00:00"", ""2026-07-29T01:00"", ""2026-07-29T02:00"", ""2026-07-29T03:00"", ""2026-07-29T04:00"", ""2026-07-29T05:00"", ""2026-07-29T06:00"", ""2026-07-29T07:00"", ""2026-07-29T08:00"", ""2026-07-29T09:00"", ""2026-07-29T10:00"", ""2026-07-29T11:00"", ""2026-07-29T12:00"", ""2026-07-29T13:00"", ""2026-07-29T14:00"", ""2026-07-29T15:00"", ""2026-07-29T16:00"", ""2026-07-29T17:00"", ""2026-07-29T18:00"", ""2026-07-29T19:00"", ""2026-07-29T20:00"", ""2026-07-29T21:00"", ""2026-07-29T22:00"", ""2026-07-29T23:00"", ""2026-07-30T00:00"", ""2026-07-30T01:00"", ""2026-07-30T02:00"", ""2026-07-30T03:00"", ""2026-07-30T04:00"", ""2026-07-30T05:00"", ""2026-07-30T06:00"", ""2026-07-30T07:00"", ""2026-07-30T08:00"", ""2026-07-30T09:00"", ""2026-07-30T10:00"", ""2026-07-30T11:00"", ""2026-07-30T12:00"", ""2026-07-30T13:00"", ""2026-07-30T14:00"", ""2026-07-30T15:00"", ""2026-07-30T16:00"", ""2026-07-30T17:00"", ""2026-07-30T18:00"", ""2026-07-30T19:00"", ""2026-07-30T20:00"", ""2026-07-30T21:00"", ""2026-07-30T22:00"", ""2026-07-30T23:00"", ""2026-07-31T00:00"", ""2026-07-31T01:00"", ""2026-07-31T02:00"", ""2026-07-31T03:00"", ""2026-07-31T04:00"", ""2026-07-31T05:00"", ""2026-07-31T06:00"", ""2026-07-31T07:00"", ""2026-07-31T08:00"", ""2026-07-31T09:00"", ""2026-07-31T10:00"", ""2026-07-31T11:00"", ""2026-07-31T12:00"", ""2026-07-31T13:00"", ""2026-07-31T14:00"", ""2026-07-31T15:00"", ""2026-07-31T16:00"", ""2026-07-31T17:00"", ""2026-07-31T18:00"", ""2026-07-31T19:00"", ""2026-07-31T20:00"", ""2026-07-31T21:00"", ""2026-07-31T22:00"", ""2026-07-31T23:00""], ""pm10"": [29.6, 27.2, 25.1, 17.5, 15.8, 21.0, 28.9, 36.7, 44.9, 50.6, 57.4, 63.1, 65.7, 68.7, 66.6, 68.7, 72.6, 76.8, 99.9, 154.1, 206.3, 218.9, 209.5, 192.3, 165.3, 135.5, 105.5, 82.4, 78.7, 95.2, 111.5, 118.0, 124.3, 131.3, 141.6, 149.5, 157.4, 157.9, 135.5, 108.5, 88.2, 81.5, 105.7, 154.1, 177.0, 169.5, 144.4, 115.9, 85.2, 65.7, 54.0, 53.4, 61.0, 72.9, 89.6, 107.8, 122.5, 122.5, 114.3, 104.8, 95.7, 85.7, 73.1, 64.3, 58.9, 54.4, 52.5, 52.5, 52.6, 52.7, 53.8, 56.8, 62.4, 69.6, 79.6, 92.7, 107.6, 131.8, 157.4, 156.9, 156.5, 157.9, 161.1, 160.7, 155.5, 144.4, 118.3, 90.6, 73.8, 63.8, 61.0, 61.5, 62.9, 64.7, 65.4, 62.9, 59.6, 55.8, 54.7, 55.6, 66.4, 101.0, 135.0, 152.3, 157.4, 158.3, 158.3, 155.5, 156.9, 165.3, 166.2, 141.1, 151.3, 113.9, 95.5, 85.0, 88.7, 88.5, 80.6, 77.3], ""pm2_5"": [27.7, 26.1, 24.4, 16.6, 14.1, 15.0, 17.7, 20.3, 22.3, 23.7, 25.4, 27.3, 28.9, 31.1, 34.0, 37.1, 38.1, 38.6, 43.2, 55.6, 70.8, 79.4, 80.6, 76.1, 67.8, 57.2, 45.3, 34.9, 30.3, 31.4, 34.0, 35.3, 36.7, 38.6, 41.3, 43.9, 46.6, 48.4, 48.4, 46.2, 42.1, 39.8, 45.1, 57.2, 65.7, 65.7, 59.0, 49.7, 40.5, 32.8, 27.6, 25.7, 26.4, 28.7, 31.9, 35.3, 38.4, 39.3, 38.5, 37.1, 35.5, 34.0, 32.9, 32.4, 31.2, 30.2, 29.5, 28.8, 28.6, 28.6, 28.9, 30.0, 32.1, 34.9, 38.1, 40.5, 42.6, 46.6, 50.8, 49.9, 49.0, 48.8, 49.0, 49.0, 48.4, 47.1, 45.1, 41.8, 37.8, 34.6, 32.8, 31.9, 31.4, 31.2, 31.0, 30.5, 29.9, 29.5, 29.8, 30.7, 33.5, 37.7, 41.9, 44.7, 45.6, 45.6, 45.5, 44.8, 45.4, 48.3, 52.2, 55.3, 57.6, 52.0, 47.8, 44.7, 41.6, 37.3, 35.4, 34.8], ""carbon_monoxide"": [945.0, 802.0, 646.0, 518.0, 432.0, 373.0, 332.0, 315.0, 316.0, 314.0, 292.0, 266.0, 261.0, 305.0, 370.0, 401.0, 364.0, 293.0, 230.0, 189.0, 156.0, 132.0, 120.0, 117.0, 121.0, 135.0, 156.0, 170.0, 171.0, 166.0, 160.0, 153.0, 145.0, 141.0, 140.0, 143.0, 153.0, 179.0, 213.0, 234.0, 232.0, 217.0, 203.0, 193.0, 183.0, 176.0, 172.0, 171.0, 172.0, 177.0, 184.0, 188.0, 186.0, 181.0, 174.0, 165.0, 155.0, 148.0, 143.0, 140.0, 145.0, 165.0, 193.0, 209.0, 203.0, 185.0, 168.0, 153.0, 139.0, 129.0, 122.0, 118.0, 127.0, 159.0, 204.0, 234.0, 237.0, 225.0, 212.0, 199.0, 184.0, 174.0, 161.0, 152.0, 180.0, 293.0, 443.0, 516.0, 436.0, 280.0, 161.0, 129.0, 134.0, 141.0, 136.0, 133.0, 137.0, 156.0, 181.0, 196.0, 189.0, 171.0, 156.0, 149.0, 146.0, 146.0, 148.0, 154.0, 162.0, 177.0, 195.0, 205.0, 199.0, 185.0, 176.0, 181.0, 192.0, 198.0, 194.0, 185.0], ""nitrogen_dioxide"": [18.3, 15.0, 10.5, 6.7, 4.4, 2.9, 1.8, 1.2, 1.2, 1.2, 1.1, 1.2, 1.7, 3.4, 5.5, 6.8, 6.2, 4.8, 3.8, 3.9, 4.4, 4.9, 5.4, 5.9, 6.2, 6.1, 5.7, 5.1, 4.0, 2.6, 1.6, 1.1, 0.9, 0.9, 0.9, 1.0, 1.5, 2.7, 4.2, 5.2, 5.0, 4.3, 3.8, 4.0, 4.4, 4.9, 5.6, 6.3, 6.8, 6.9, 6.6, 6.0, 4.8, 3.2, 1.9, 1.3, 1.1, 1.0, 0.9, 1.0, 1.4, 2.4, 3.6, 4.4, 4.3, 3.7, 3.3, 3.4, 3.7, 4.0, 4.3, 4.7, 5.1, 5.7, 6.3, 6.3, 5.1, 3.3, 1.9, 1.3, 1.1, 1.0, 0.9, 1.0, 1.4, 2.5, 3.8, 4.6, 4.2, 3.1, 2.4, 2.3, 2.5, 2.7, 2.8, 3.0, 3.2, 3.5, 3.9, 3.9, 3.2, 2.1, 1.3, 0.9, 0.8, 0.8, 0.8, 0.9, 1.4, 2.6, 4.1, 5.3, 5.9, 6.1, 5.9, 5.1, 4.0, 3.2, 3.2, 3.5], ""ozone"": [38.0, 53.0, 74.0, 93.0, 109.0, 124.0, 135.0, 139.0, 139.0, 137.0, 135.0, 131.0, 125.0, 114.0, 100.0, 90.0, 88.0, 89.0, 86.0, 74.0, 58.0, 46.0, 40.0, 37.0, 36.0, 36.0, 38.0, 44.0, 57.0, 75.0, 88.0, 94.0, 96.0, 97.0, 98.0, 98.0, 97.0, 96.0, 93.0, 92.0, 93.0, 94.0, 92.0, 86.0, 77.0, 68.0, 60.0, 53.0, 48.0, 44.0, 43.0, 47.0, 61.0, 81.0, 96.0, 102.0, 104.0, 103.0, 101.0, 96.0, 91.0, 86.0, 80.0, 76.0, 75.0, 74.0, 73.0, 69.0, 64.0, 59.0, 55.0, 52.0, 50.0, 50.0, 51.0, 58.0, 75.0, 98.0, 114.0, 119.0, 118.0, 115.0, 113.0, 110.0, 105.0, 97.0, 88.0, 80.0, 76.0, 74.0, 71.0, 67.0, 62.0, 58.0, 54.0, 51.0, 50.0, 50.0, 51.0, 56.0, 69.0, 87.0, 99.0, 100.0, 95.0, 91.0, 89.0, 87.0, 85.0, 83.0, 81.0, 78.0, 71.0, 63.0, 57.0, 56.0, 56.0, 57.0, 56.0, 56.0], ""sulphur_dioxide"": [4.7, 4.8, 5.0, 5.3, 5.9, 6.7, 7.1, 6.8, 6.2, 5.6, 5.2, 4.8, 4.6, 4.6, 4.7, 4.9, 5.5, 6.2, 6.5, 5.9, 4.8, 4.0, 3.8, 4.0, 4.2, 4.5, 4.9, 5.2, 5.2, 5.0, 4.8, 4.6, 4.3, 4.1, 4.0, 4.0, 4.1, 4.5, 5.0, 5.4, 5.6, 5.8, 6.0, 6.4, 6.8, 7.3, 7.8, 8.3, 8.6, 8.8, 8.8, 8.6, 7.9, 6.9, 6.0, 5.3, 4.6, 4.1, 3.7, 3.4, 3.2, 3.2, 3.3, 3.3, 3.2, 3.1, 3.0, 2.8, 2.5, 2.4, 2.6, 3.0, 3.7, 5.1, 6.9, 8.1, 8.4, 8.2, 7.8, 7.1, 6.2, 5.5, 5.1, 4.8, 4.6, 4.5, 4.4, 4.2, 3.8, 3.4, 3.0, 2.8, 2.8, 2.7, 2.6, 2.5, 2.5, 2.8, 3.3, 3.7, 3.9, 4.0, 3.9, 3.5, 2.9, 2.5, 2.3, 2.2, 2.4, 3.0, 3.9, 4.3, 4.0, 3.3, 2.7, 2.4, 2.1, 1.9, 1.8, 1.7], ""ammonia"": [null, null, null, null, null, null, null, null, null, null, null, null, null, null, null, null, null, null, null, null, null, null, null, null, null, null, null, null, null, null, null, null, null, null, null, null, null, null, null, null, null, null, null, null, null, null, null, null, null, null, null, null, null, null, null, null, null, null, null, null, null, null, null, null, null, null, null, null, null, null, null, null, null, null, null, null, null, null, null, null, null, null, null, null, null, null, null, null, null, null, null, null, null, null, null, null, null, null, null, null, null, null, null, null, null, null, null, null, null, null, null, null, null, null, null, null, null, null, null, null], ""us_aqi"": [89, 89, 88, 88, 86, 84, 82, 81, 81, 81, 81, 82, 90, 93, 91, 86, 87, 87, 87, 87, 88, 90, 94, 98, 102, 106, 110, 112, 114, 115, 117, 119, 120, 122, 124, 125, 127, 129, 131, 132, 133, 133, 134, 134, 134, 133, 132, 130, 127, 124, 122, 120, 119, 118, 118, 118, 118, 118, 118, 118, 117, 116, 114, 113, 111, 110, 109, 108, 105, 101, 98, 95, 94, 93, 93, 94, 95, 97, 98, 99, 101, 102, 103, 104, 105, 107, 108, 109, 110, 111, 111, 112, 112, 112, 113, 113, 113, 113, 112, 111, 110, 109, 108, 107, 107, 106, 106, 106, 105, 105, 105, 106, 107, 109, 111, 113, 114, 115, 116, 116]}}}"
2026-07-27T20:50:51.268371+00:00,Sukkur,PK,27.7052,68.8484,,,,,,,,,,,,,,,,,aqicn,success,2.256046799942851,"{""air_quality"": {""status"": ""error"", ""data"": ""Invalid key""}}"
2026-07-27T20:50:50.781885+00:00,Khairpur Mir's,PK,27.5295,68.7592,33.62,52.0,994.0,6.94,182.0,19.0,,4.0,28.57,123.67,93.55,0.0,1.41,1.63,42.36,3.74,openweather,success,1.7682136000366881,"{""weather"": {""coord"": {""lon"": 68.7592, ""lat"": 27.5295}, ""weather"": [{""id"": 801, ""main"": ""Clouds"", ""description"": ""few clouds"", ""icon"": ""02n""}], ""base"": ""stations"", ""main"": {""temp"": 33.62, ""feels_like"": 38.22, ""temp_min"": 33.62, ""temp_max"": 33.62, ""pressure"": 994, ""humidity"": 52, ""sea_level"": 994, ""grnd_level"": 988}, ""visibility"": 10000, ""wind"": {""speed"": 6.94, ""deg"": 182, ""gust"": 10.65}, ""clouds"": {""all"": 19}, ""dt"": 1785185405, ""sys"": {""country"": ""PK"", ""sunrise"": 1785199551, ""sunset"": 1785248211}, ""timezone"": 18000, ""id"": 1162004, ""name"": ""Khairpur"", ""cod"": 200}, ""air_quality"": {""coord"": {""lon"": 68.7592, ""lat"": 27.5295}, ""list"": [{""main"": {""aqi"": 4}, ""components"": {""co"": 93.55, ""no"": 0, ""no2"": 1.41, ""o3"": 42.36, ""so2"": 1.63, ""pm2_5"": 28.57, ""pm10"": 123.67, ""nh3"": 3.74}, ""dt"": 1785185450}]}}"
2026-07-27T20:45,Khairpur Mir's,PK,27.5295,68.7592,32.5,58.0,994.9,12.8,186.0,51.0,0.0,89.0,27.7,29.6,560.0,,18.3,4.7,38.0,,openmeteo,success,12.356613700045273,"{""weather"": {""latitude"": 27.521967, ""longitude"": 68.734604, ""generationtime_ms"": 0.09679794311523438, ""utc_offset_seconds"": 0, ""timezone"": ""GMT"", ""timezone_abbreviation"": ""GMT"", ""elevation"": 60.0, ""current_units"": {""time"": ""iso8601"", ""interval"": ""seconds"", ""temperature_2m"": ""°C"", ""relative_humidity_2m"": ""%"", ""pressure_msl"": ""hPa"", ""wind_speed_10m"": ""km/h"", ""wind_direction_10m"": ""°"", ""cloud_cover"": ""%"", ""rain"": ""mm""}, ""current"": {""time"": ""2026-07-27T20:45"", ""interval"": 900, ""temperature_2m"": 32.5, ""relative_humidity_2m"": 58, ""pressure_msl"": 994.9, ""wind_speed_10m"": 12.8, ""wind_direction_10m"": 186, ""cloud_cover"": 51, ""rain"": 0.0}}, ""air_quality"": {""latitude"": 27.5, ""longitude"": 68.8, ""generationtime_ms"": 0.3070831298828125, ""utc_offset_seconds"": 0, ""timezone"": ""GMT"", ""timezone_abbreviation"": ""GMT"", ""elevation"": 60.0, ""hourly_units"": {""time"": ""iso8601"", ""pm10"": ""μg/m³"", ""pm2_5"": ""μg/m³"", ""carbon_monoxide"": ""μg/m³"", ""nitrogen_dioxide"": ""μg/m³"", ""ozone"": ""μg/m³"", ""sulphur_dioxide"": ""μg/m³"", ""ammonia"": ""μg/m³"", ""us_aqi"": ""USAQI""}, ""hourly"": {""time"": [""2026-07-27T00:00"", ""2026-07-27T01:00"", ""2026-07-27T02:00"", ""2026-07-27T03:00"", ""2026-07-27T04:00"", ""2026-07-27T05:00"", ""2026-07-27T06:00"", ""2026-07-27T07:00"", ""2026-07-27T08:00"", ""2026-07-27T09:00"", ""2026-07-27T10:00"", ""2026-07-27T11:00"", ""2026-07-27T12:00"", ""2026-07-27T13:00"", ""2026-07-27T14:00"", ""2026-07-27T15:00"", ""2026-07-27T16:00"", ""2026-07-27T17:00"", ""2026-07-27T18:00"", ""2026-07-27T19:00"", ""2026-07-27T20:00"", ""2026-07-27T21:00"", ""2026-07-27T22:00"", ""2026-07-27T23:00"", ""2026-07-28T00:00"", ""2026-07-28T01:00"", ""2026-07-28T02:00"", ""2026-07-28T03:00"", ""2026-07-28T04:00"", ""2026-07-28T05:00"", ""2026-07-28T06:00"", ""2026-07-28T07:00"", ""2026-07-28T08:00"", ""2026-07-28T09:00"", ""2026-07-28T10:00"", ""2026-07-28T11:00"", ""2026-07-28T12:00"", ""2026-07-28T13:00"", ""2026-07-28T14:00"", ""2026-07-28T15:00"", ""2026-07-28T16:00"", ""2026-07-28T17:00"", ""2026-07-28T18:00"", ""2026-07-28T19:00"", ""2026-07-28T20:00"", ""2026-07-28T21:00"", ""2026-07-28T22:00"", ""2026-07-28T23:00"", ""2026-07-29T00:00"", ""2026-07-29T01:00"", ""2026-07-29T02:00"", ""2026-07-29T03:00"", ""2026-07-29T04:00"", ""2026-07-29T05:00"", ""2026-07-29T06:00"", ""2026-07-29T07:00"", ""2026-07-29T08:00"", ""2026-07-29T09:00"", ""2026-07-29T10:00"", ""2026-07-29T11:00"", ""2026-07-29T12:00"", ""2026-07-29T13:00"", ""2026-07-29T14:00"", ""2026-07-29T15:00"", ""2026-07-29T16:00"", ""2026-07-29T17:00"", ""2026-07-29T18:00"", ""2026-07-29T19:00"", ""2026-07-29T20:00"", ""2026-07-29T21:00"", ""2026-07-29T22:00"", ""2026-07-29T23:00"", ""2026-07-30T00:00"", ""2026-07-30T01:00"", ""2026-07-30T02:00"", ""2026-07-30T03:00"", ""2026-07-30T04:00"", ""2026-07-30T05:00"", ""2026-07-30T06:00"", ""2026-07-30T07:00"", ""2026-07-30T08:00"", ""2026-07-30T09:00"", ""2026-07-30T10:00"", ""2026-07-30T11:00"", ""2026-07-30T12:00"", ""2026-07-30T13:00"", ""2026-07-30T14:00"", ""2026-07-30T15:00"", ""2026-07-30T16:00"", ""2026-07-30T17:00"", ""2026-07-30T18:00"", ""2026-07-30T19:00"", ""2026-07-30T20:00"", ""2026-07-30T21:00"", ""2026-07-30T22:00"", ""2026-07-30T23:00"", ""2026-07-31T00:00"", ""2026-07-31T01:00"", ""2026-07-31T02:00"", ""2026-07-31T03:00"", ""2026-07-31T04:00"", ""2026-07-31T05:00"", ""2026-07-31T06:00"", ""2026-07-31T07:00"", ""2026-07-31T08:00"", ""2026-07-31T09:00"", ""2026-07-31T10:00"", ""2026-07-31T11:00"", ""2026-07-31T12:00"", ""2026-07-31T13:00"", ""2026-07-31T14:00"", ""2026-07-31T15:00"", ""2026-07-31T16:00"", ""2026-07-31T17:00"", ""2026-07-31T18:00"", ""2026-07-31T19:00"", ""2026-07-31T20:00"", ""2026-07-31T21:00"", ""2026-07-31T22:00"", ""2026-07-31T23:00""], ""pm10"": [29.6, 27.2, 25.1, 17.5, 15.8, 21.0, 28.9, 36.7, 44.9, 50.6, 57.4, 63.1, 65.7, 68.7, 66.6, 68.7, 72.6, 76.8, 99.9, 154.1, 206.3, 218.9, 209.5, 192.3, 165.3, 135.5, 105.5, 82.4, 78.7, 95.2, 111.5, 118.0, 124.3, 131.3, 141.6, 149.5, 157.4, 157.9, 135.5, 108.5, 88.2, 81.5, 105.7, 154.1, 177.0, 169.5, 144.4, 115.9, 85.2, 65.7, 54.0, 53.4, 61.0, 72.9, 89.6, 107.8, 122.5, 122.5, 114.3, 104.8, 95.7, 85.7, 73.1, 64.3, 58.9, 54.4, 52.5, 52.5, 52.6, 52.7, 53.8, 56.8, 62.4, 69.6, 79.6, 92.7, 107.6, 131.8, 157.4, 156.9, 156.5, 157.9, 161.1, 160.7, 155.5, 144.4, 118.3, 90.6, 73.8, 63.8, 61.0, 61.5, 62.9, 64.7, 65.4, 62.9, 59.6, 55.8, 54.7, 55.6, 66.4, 101.0, 135.0, 152.3, 157.4, 158.3, 158.3, 155.5, 156.9, 165.3, 166.2, 141.1, 151.3, 113.9, 95.5, 85.0, 88.7, 88.5, 80.6, 77.3], ""pm2_5"": [27.7, 26.1, 24.4, 16.6, 14.1, 15.0, 17.7, 20.3, 22.3, 23.7, 25.4, 27.3, 28.9, 31.1, 34.0, 37.1, 38.1, 38.6, 43.2, 55.6, 70.8, 79.4, 80.6, 76.1, 67.8, 57.2, 45.3, 34.9, 30.3, 31.4, 34.0, 35.3, 36.7, 38.6, 41.3, 43.9, 46.6, 48.4, 48.4, 46.2, 42.1, 39.8, 45.1, 57.2, 65.7, 65.7, 59.0, 49.7, 40.5, 32.8, 27.6, 25.7, 26.4, 28.7, 31.9, 35.3, 38.4, 39.3, 38.5, 37.1, 35.5, 34.0, 32.9, 32.4, 31.2, 30.2, 29.5, 28.8, 28.6, 28.6, 28.9, 30.0, 32.1, 34.9, 38.1, 40.5, 42.6, 46.6, 50.8, 49.9, 49.0, 48.8, 49.0, 49.0, 48.4, 47.1, 45.1, 41.8, 37.8, 34.6, 32.8, 31.9, 31.4, 31.2, 31.0, 30.5, 29.9, 29.5, 29.8, 30.7, 33.5, 37.7, 41.9, 44.7, 45.6, 45.6, 45.5, 44.8, 45.4, 48.3, 52.2, 55.3, 57.6, 52.0, 47.8, 44.7, 41.6, 37.3, 35.4, 34.8], ""carbon_monoxide"": [560.0, 482.0, 428.0, 385.0, 353.0, 331.0, 311.0, 289.0, 268.0, 246.0, 213.0, 179.0, 175.0, 234.0, 322.0, 368.0, 332.0, 253.0, 187.0, 151.0, 126.0, 110.0, 102.0, 102.0, 106.0, 116.0, 130.0, 139.0, 139.0, 135.0, 131.0, 131.0, 131.0, 132.0, 133.0, 134.0, 137.0, 144.0, 154.0, 163.0, 171.0, 178.0, 182.0, 181.0, 176.0, 171.0, 166.0, 161.0, 158.0, 158.0, 159.0, 159.0, 155.0, 150.0, 144.0, 138.0, 132.0, 128.0, 126.0, 125.0, 127.0, 134.0, 143.0, 149.0, 148.0, 144.0, 138.0, 129.0, 118.0, 111.0, 109.0, 111.0, 123.0, 157.0, 202.0, 229.0, 222.0, 198.0, 177.0, 166.0, 157.0, 152.0, 146.0, 142.0, 152.0, 194.0, 249.0, 276.0, 246.0, 187.0, 141.0, 126.0, 123.0, 123.0, 120.0, 119.0, 121.0, 130.0, 143.0, 151.0, 148.0, 140.0, 134.0, 133.0, 134.0, 136.0, 138.0, 141.0, 145.0, 153.0, 162.0, 167.0, 164.0, 158.0, 153.0, 153.0, 155.0, 157.0, 157.0, 156.0], ""nitrogen_dioxide"": [18.3, 15.0, 10.5, 6.7, 4.4, 2.9, 1.8, 1.2, 1.2, 1.2, 1.1, 1.2, 1.7, 3.4, 5.5, 6.8, 6.2, 4.8, 3.8, 3.9, 4.4, 4.9, 5.4, 5.9, 6.2, 6.1, 5.7, 5.1, 4.0, 2.6, 1.6, 1.1, 0.9, 0.9, 0.9, 1.0, 1.5, 2.7, 4.2, 5.2, 5.0, 4.3, 3.8, 4.0, 4.4, 4.9, 5.6, 6.3, 6.8, 6.9, 6.6, 6.0, 4.8, 3.2, 1.9, 1.3, 1.1, 1.0, 0.9, 1.0, 1.4, 2.4, 3.6, 4.4, 4.3, 3.7, 3.3, 3.4, 3.7, 4.0, 4.3, 4.7, 5.1, 5.7, 6.3, 6.3, 5.1, 3.3, 1.9, 1.3, 1.1, 1.0, 0.9, 1.0, 1.4, 2.5, 3.8, 4.6, 4.2, 3.1, 2.4, 2.3, 2.5, 2.7, 2.8, 3.0, 3.2, 3.5, 3.9, 3.9, 3.2, 2.1, 1.3, 0.9, 0.8, 0.8, 0.8, 0.9, 1.4, 2.6, 4.1, 5.3, 5.9, 6.1, 5.9, 5.1, 4.0, 3.2, 3.2, 3.5], ""ozone"": [38.0, 53.0, 74.0, 93.0, 109.0, 124.0, 135.0, 139.0, 139.0, 137.0, 135.0, 131.0, 125.0, 114.0, 100.0, 90.0, 88.0, 89.0, 86.0, 74.0, 58.0, 46.0, 40.0, 37.0, 36.0, 36.0, 38.0, 44.0, 57.0, 75.0, 88.0, 94.0, 96.0, 97.0, 98.0, 98.0, 97.0, 96.0, 93.0, 92.0, 93.0, 94.0, 92.0, 86.0, 77.0, 68.0, 60.0, 53.0, 48.0, 44.0, 43.0, 47.0, 61.0, 81.0, 96.0, 102.0, 104.0, 103.0, 101.0, 96.0, 91.0, 86.0, 80.0, 76.0, 75.0, 74.0, 73.0, 69.0, 64.0, 59.0, 55.0, 52.0, 50.0, 50.0, 51.0, 58.0, 75.0, 98.0, 114.0, 119.0, 118.0, 115.0, 113.0, 110.0, 105.0, 97.0, 88.0, 80.0, 76.0, 74.0, 71.0, 67.0, 62.0, 58.0, 54.0, 51.0, 50.0, 50.0, 51.0, 56.0, 69.0, 87.0, 99.0, 100.0, 95.0, 91.0, 89.0, 87.0, 85.0, 83.0, 81.0, 78.0, 71.0, 63.0, 57.0, 56.0, 56.0, 57.0, 56.0, 56.0], ""sulphur_dioxide"": [4.7, 4.8, 5.0, 5.3, 5.9, 6.7, 7.1, 6.8, 6.2, 5.6, 5.2, 4.8, 4.6, 4.6, 4.7, 4.9, 5.5, 6.2, 6.5, 5.9, 4.8, 4.0, 3.8, 4.0, 4.2, 4.5, 4.9, 5.2, 5.2, 5.0, 4.8, 4.6, 4.3, 4.1, 4.0, 4.0, 4.1, 4.5, 5.0, 5.4, 5.6, 5.8, 6.0, 6.4, 6.8, 7.3, 7.8, 8.3, 8.6, 8.8, 8.8, 8.6, 7.9, 6.9, 6.0, 5.3, 4.6, 4.1, 3.7, 3.4, 3.2, 3.2, 3.3, 3.3, 3.2, 3.1, 3.0, 2.8, 2.5, 2.4, 2.6, 3.0, 3.7, 5.1, 6.9, 8.1, 8.4, 8.2, 7.8, 7.1, 6.2, 5.5, 5.1, 4.8, 4.6, 4.5, 4.4, 4.2, 3.8, 3.4, 3.0, 2.8, 2.8, 2.7, 2.6, 2.5, 2.5, 2.8, 3.3, 3.7, 3.9, 4.0, 3.9, 3.5, 2.9, 2.5, 2.3, 2.2, 2.4, 3.0, 3.9, 4.3, 4.0, 3.3, 2.7, 2.4, 2.1, 1.9, 1.8, 1.7], ""ammonia"": [null, null, null, null, null, null, null, null, null, null, null, null, null, null, null, null, null, null, null, null, null, null, null, null, null, null, null, null, null, null, null, null, null, null, null, null, null, null, null, null, null, null, null, null, null, null, null, null, null, null, null, null, null, null, null, null, null, null, null, null, null, null, null, null, null, null, null, null, null, null, null, null, null, null, null, null, null, null, null, null, null, null, null, null, null, null, null, null, null, null, null, null, null, null, null, null, null, null, null, null, null, null, null, null, null, null, null, null, null, null, null, null, null, null, null, null, null, null, null, null], ""us_aqi"": [89, 89, 88, 88, 86, 84, 82, 81, 81, 81, 81, 82, 90, 93, 91, 86, 87, 87, 87, 87, 88, 90, 94, 98, 102, 106, 110, 112, 114, 115, 117, 119, 120, 122, 124, 125, 127, 129, 131, 132, 133, 133, 134, 134, 134, 133, 132, 130, 127, 124, 122, 120, 119, 118, 118, 118, 118, 118, 118, 118, 117, 116, 114, 113, 111, 110, 109, 108, 105, 101, 98, 95, 94, 93, 93, 94, 95, 97, 98, 99, 101, 102, 103, 104, 105, 107, 108, 109, 110, 111, 111, 112, 112, 112, 113, 113, 113, 113, 112, 111, 110, 109, 108, 107, 107, 106, 106, 106, 105, 105, 105, 106, 107, 109, 111, 113, 114, 115, 116, 116]}}}"
2026-07-27T20:50:51.267195+00:00,Khairpur Mir's,PK,27.5295,68.7592,,,,,,,,,,,,,,,,,aqicn,success,2.2513528000563383,"{""air_quality"": {""status"": ""error"", ""data"": ""Invalid key""}}"
2026-07-27T20:50:51.507592+00:00,Larkana,PK,27.5598,68.212,34.96,48.0,994.0,5.68,165.0,44.0,,4.0,29.76,131.51,80.86,0.0,1.15,1.82,41.19,3.13,openweather,success,1.4051209000172094,"{""weather"": {""coord"": {""lon"": 68.212, ""lat"": 27.5598}, ""weather"": [{""id"": 802, ""main"": ""Clouds"", ""description"": ""scattered clouds"", ""icon"": ""03n""}], ""base"": ""stations"", ""main"": {""temp"": 34.96, ""feels_like"": 39.82, ""temp_min"": 34.96, ""temp_max"": 34.96, ""pressure"": 994, ""humidity"": 48, ""sea_level"": 994, ""grnd_level"": 988}, ""visibility"": 10000, ""wind"": {""speed"": 5.68, ""deg"": 165, ""gust"": 9.61}, ""clouds"": {""all"": 44}, ""dt"": 1785185406, ""sys"": {""country"": ""PK"", ""sunrise"": 1785199679, ""sunset"": 1785248345}, ""timezone"": 18000, ""id"": 1172128, ""name"": ""Larkana"", ""cod"": 200}, ""air_quality"": {""coord"": {""lon"": 68.212, ""lat"": 27.5598}, ""list"": [{""main"": {""aqi"": 4}, ""components"": {""co"": 80.86, ""no"": 0, ""no2"": 1.15, ""o3"": 41.19, ""so2"": 1.82, ""pm2_5"": 29.76, ""pm10"": 131.51, ""nh3"": 3.13}, ""dt"": 1785185406}]}}"
2026-07-27T20:45,Larkana,PK,27.5598,68.212,32.5,58.0,994.5,10.7,174.0,24.0,0.0,116.0,52.2,60.3,598.0,,31.1,7.2,31.0,,openmeteo,success,1.468545199953951,"{""weather"": {""latitude"": 27.592266, ""longitude"": 68.206276, ""generationtime_ms"": 0.22614002227783203, ""utc_offset_seconds"": 0, ""timezone"": ""GMT"", ""timezone_abbreviation"": ""GMT"", ""elevation"": 51.0, ""current_units"": {""time"": ""iso8601"", ""interval"": ""seconds"", ""temperature_2m"": ""°C"", ""relative_humidity_2m"": ""%"", ""pressure_msl"": ""hPa"", ""wind_speed_10m"": ""km/h"", ""wind_direction_10m"": ""°"", ""cloud_cover"": ""%"", ""rain"": ""mm""}, ""current"": {""time"": ""2026-07-27T20:45"", ""interval"": 900, ""temperature_2m"": 32.5, ""relative_humidity_2m"": 58, ""pressure_msl"": 994.5, ""wind_speed_10m"": 10.7, ""wind_direction_10m"": 174, ""cloud_cover"": 24, ""rain"": 0.0}}, ""air_quality"": {""latitude"": 27.599998, ""longitude"": 68.2, ""generationtime_ms"": 0.49424171447753906, ""utc_offset_seconds"": 0, ""timezone"": ""GMT"", ""timezone_abbreviation"": ""GMT"", ""elevation"": 51.0, ""hourly_units"": {""time"": ""iso8601"", ""pm10"": ""μg/m³"", ""pm2_5"": ""μg/m³"", ""carbon_monoxide"": ""μg/m³"", ""nitrogen_dioxide"": ""μg/m³"", ""ozone"": ""μg/m³"", ""sulphur_dioxide"": ""μg/m³"", ""ammonia"": ""μg/m³"", ""us_aqi"": ""USAQI""}, ""hourly"": {""time"": [""2026-07-27T00:00"", ""2026-07-27T01:00"", ""2026-07-27T02:00"", ""2026-07-27T03:00"", ""2026-07-27T04:00"", ""2026-07-27T05:00"", ""2026-07-27T06:00"", ""2026-07-27T07:00"", ""2026-07-27T08:00"", ""2026-07-27T09:00"", ""2026-07-27T10:00"", ""2026-07-27T11:00"", ""2026-07-27T12:00"", ""2026-07-27T13:00"", ""2026-07-27T14:00"", ""2026-07-27T15:00"", ""2026-07-27T16:00"", ""2026-07-27T17:00"", ""2026-07-27T18:00"", ""2026-07-27T19:00"", ""2026-07-27T20:00"", ""2026-07-27T21:00"", ""2026-07-27T22:00"", ""2026-07-27T23:00"", ""2026-07-28T00:00"", ""2026-07-28T01:00"", ""2026-07-28T02:00"", ""2026-07-28T03:00"", ""2026-07-28T04:00"", ""2026-07-28T05:00"", ""2026-07-28T06:00"", ""2026-07-28T07:00"", ""2026-07-28T08:00"", ""2026-07-28T09:00"", ""2026-07-28T10:00"", ""2026-07-28T11:00"", ""2026-07-28T12:00"", ""2026-07-28T13:00"", ""2026-07-28T14:00"", ""2026-07-28T15:00"", ""2026-07-28T16:00"", ""2026-07-28T17:00"", ""2026-07-28T18:00"", ""2026-07-28T19:00"", ""2026-07-28T20:00"", ""2026-07-28T21:00"", ""2026-07-28T22:00"", ""2026-07-28T23:00"", ""2026-07-29T00:00"", ""2026-07-29T01:00"", ""2026-07-29T02:00"", ""2026-07-29T03:00"", ""2026-07-29T04:00"", ""2026-07-29T05:00"", ""2026-07-29T06:00"", ""2026-07-29T07:00"", ""2026-07-29T08:00"", ""2026-07-29T09:00"", ""2026-07-29T10:00"", ""2026-07-29T11:00"", ""2026-07-29T12:00"", ""2026-07-29T13:00"", ""2026-07-29T14:00"", ""2026-07-29T15:00"", ""2026-07-29T16:00"", ""2026-07-29T17:00"", ""2026-07-29T18:00"", ""2026-07-29T19:00"", ""2026-07-29T20:00"", ""2026-07-29T21:00"", ""2026-07-29T22:00"", ""2026-07-29T23:00"", ""2026-07-30T00:00"", ""2026-07-30T01:00"", ""2026-07-30T02:00"", ""2026-07-30T03:00"", ""2026-07-30T04:00"", ""2026-07-30T05:00"", ""2026-07-30T06:00"", ""2026-07-30T07:00"", ""2026-07-30T08:00"", ""2026-07-30T09:00"", ""2026-07-30T10:00"", ""2026-07-30T11:00"", ""2026-07-30T12:00"", ""2026-07-30T13:00"", ""2026-07-30T14:00"", ""2026-07-30T15:00"", ""2026-07-30T16:00"", ""2026-07-30T17:00"", ""2026-07-30T18:00"", ""2026-07-30T19:00"", ""2026-07-30T20:00"", ""2026-07-30T21:00"", ""2026-07-30T22:00"", ""2026-07-30T23:00"", ""2026-07-31T00:00"", ""2026-07-31T01:00"", ""2026-07-31T02:00"", ""2026-07-31T03:00"", ""2026-07-31T04:00"", ""2026-07-31T05:00"", ""2026-07-31T06:00"", ""2026-07-31T07:00"", ""2026-07-31T08:00"", ""2026-07-31T09:00"", ""2026-07-31T10:00"", ""2026-07-31T11:00"", ""2026-07-31T12:00"", ""2026-07-31T13:00"", ""2026-07-31T14:00"", ""2026-07-31T15:00"", ""2026-07-31T16:00"", ""2026-07-31T17:00"", ""2026-07-31T18:00"", ""2026-07-31T19:00"", ""2026-07-31T20:00"", ""2026-07-31T21:00"", ""2026-07-31T22:00"", ""2026-07-31T23:00""], ""pm10"": [60.3, 54.4, 47.6, 32.8, 21.2, 24.5, 32.2, 41.3, 52.0, 63.6, 71.0, 74.5, 76.6, 75.2, 80.1, 94.3, 95.0, 94.1, 122.9, 166.7, 201.2, 217.0, 223.1, 217.9, 204.4, 187.2, 175.6, 166.7, 167.6, 183.5, 191.4, 189.1, 184.4, 182.5, 185.3, 190.5, 198.4, 205.4, 176.5, 181.6, 177.0, 152.7, 168.1, 215.1, 236.1, 241.2, 226.3, 196.0, 156.9, 128.5, 111.3, 107.6, 112.5, 122.9, 131.8, 143.4, 160.7, 168.1, 159.3, 146.2, 134.6, 120.6, 92.4, 81.7, 65.9, 53.3, 49.7, 47.0, 46.2, 51.8, 60.3, 68.9, 78.2, 88.0, 102.2, 143.4, 168.1, 190.0, 207.2, 208.6, 204.9, 202.1, 199.8, 197.0, 188.6, 171.4, 129.5, 115.3, 90.1, 65.0, 55.9, 53.7, 54.7, 57.3, 58.2, 56.7, 53.9, 50.9, 50.3, 53.6, 67.8, 99.2, 122.5, 131.8, 144.4, 154.6, 163.4, 166.7, 169.0, 171.4, 149.0, 143.0, 136.9, 121.1, 102.4, 85.2, 77.3, 74.5, 69.4, 67.1], ""pm2_5"": [52.2, 48.5, 44.5, 31.1, 19.2, 18.9, 21.8, 24.6, 27.0, 29.9, 32.4, 33.6, 34.7, 36.7, 43.2, 54.4, 57.9, 51.3, 54.9, 65.0, 76.4, 85.0, 89.6, 89.9, 86.8, 81.3, 73.8, 64.0, 57.7, 56.8, 56.8, 55.9, 54.2, 53.3, 53.3, 54.6, 56.9, 59.8, 64.5, 73.6, 78.9, 73.8, 71.5, 80.3, 88.5, 91.5, 88.0, 79.6, 69.2, 58.8, 49.6, 44.0, 42.3, 42.6, 43.1, 43.7, 45.5, 47.1, 46.4, 44.5, 42.5, 40.5, 40.2, 41.6, 38.0, 33.5, 31.3, 29.5, 28.9, 30.2, 32.0, 34.2, 37.4, 41.4, 47.4, 56.1, 61.7, 65.2, 66.1, 63.8, 61.2, 59.5, 58.1, 56.9, 55.3, 52.7, 51.3, 53.4, 48.3, 38.5, 33.4, 31.1, 30.2, 29.8, 29.7, 29.5, 29.2, 29.3, 30.3, 32.4, 37.1, 42.4, 43.7, 44.4, 46.3, 47.5, 48.4, 48.5, 48.9, 49.7, 53.2, 58.8, 59.0, 55.5, 47.8, 41.3, 37.6, 34.7, 32.6, 31.8], ""carbon_monoxide"": [598.0, 608.0, 627.0, 604.0, 494.0, 342.0, 226.0, 185.0, 181.0, 178.0, 159.0, 141.0, 140.0, 171.0, 219.0, 259.0, 287.0, 306.0, 306.0, 272.0, 217.0, 177.0, 165.0, 167.0, 170.0, 171.0, 174.0, 175.0, 173.0, 168.0, 163.0, 156.0, 147.0, 141.0, 132.0, 125.0, 138.0, 197.0, 276.0, 318.0, 284.0, 213.0, 162.0, 158.0, 174.0, 189.0, 193.0, 196.0, 200.0, 210.0, 221.0, 224.0, 212.0, 193.0, 176.0, 165.0, 157.0, 151.0, 143.0, 136.0, 140.0, 166.0, 204.0, 228.0, 228.0, 216.0, 201.0, 184.0, 165.0, 152.0, 147.0, 147.0, 155.0, 175.0, 203.0, 221.0, 223.0, 216.0, 208.0, 200.0, 191.0, 183.0, 175.0, 169.0, 174.0, 202.0, 242.0, 264.0, 254.0, 226.0, 200.0, 179.0, 159.0, 146.0, 142.0, 145.0, 150.0, 159.0, 170.0, 178.0, 179.0, 176.0, 172.0, 167.0, 161.0, 155.0, 149.0, 143.0, 145.0, 162.0, 187.0, 204.0, 205.0, 199.0, 191.0, 182.0, 171.0, 165.0, 168.0, 176.0], ""nitrogen_dioxide"": [31.1, 25.5, 17.7, 11.2, 7.2, 4.4, 2.5, 1.5, 1.4, 1.5, 1.1, 0.9, 1.9, 5.6, 10.6, 13.6, 12.6, 9.7, 7.3, 6.4, 6.1, 6.1, 6.6, 7.4, 7.8, 7.4, 6.5, 5.5, 4.3, 2.9, 1.8, 1.3, 1.1, 1.1, 0.8, 0.5, 1.6, 5.3, 10.3, 13.5, 13.5, 11.8, 10.0, 8.4, 6.8, 5.9, 6.4, 7.6, 8.4, 8.4, 8.0, 7.2, 5.7, 3.8, 2.3, 1.6, 1.2, 1.1, 0.9, 0.9, 1.5, 3.5, 6.2, 7.8, 7.1, 5.4, 4.1, 3.9, 4.2, 4.7, 5.3, 6.1, 6.7, 7.1, 7.3, 6.9, 5.6, 3.7, 2.2, 1.5, 1.2, 1.1, 0.9, 0.8, 1.5, 3.9, 7.1, 8.8, 7.6, 4.9, 2.9, 2.5, 2.8, 3.2, 3.7, 4.3, 4.7, 5.0, 5.1, 4.9, 4.0, 2.6, 1.6, 1.2, 1.0, 1.0, 0.8, 0.8, 1.5, 3.9, 7.1, 8.9, 8.2, 6.1, 4.5, 4.0, 4.0, 4.0, 4.0, 4.0], ""ozone"": [31.0, 45.0, 64.0, 83.0, 102.0, 120.0, 133.0, 138.0, 138.0, 137.0, 136.0, 133.0, 127.0, 114.0, 98.0, 84.0, 77.0, 73.0, 68.0, 59.0, 49.0, 41.0, 36.0, 33.0, 32.0, 33.0, 36.0, 43.0, 58.0, 77.0, 92.0, 100.0, 103.0, 105.0, 105.0, 103.0, 99.0, 90.0, 79.0, 71.0, 68.0, 68.0, 67.0, 64.0, 60.0, 56.0, 52.0, 47.0, 44.0, 42.0, 41.0, 46.0, 63.0, 85.0, 103.0, 111.0, 115.0, 115.0, 113.0, 109.0, 102.0, 91.0, 78.0, 69.0, 69.0, 73.0, 76.0, 74.0, 71.0, 67.0, 61.0, 55.0, 51.0, 50.0, 51.0, 58.0, 76.0, 100.0, 118.0, 125.0, 127.0, 126.0, 125.0, 123.0, 117.0, 104.0, 87.0, 75.0, 72.0, 74.0, 75.0, 72.0, 68.0, 63.0, 57.0, 51.0, 48.0, 48.0, 52.0, 60.0, 77.0, 99.0, 114.0, 116.0, 110.0, 105.0, 104.0, 102.0, 99.0, 91.0, 80.0, 72.0, 68.0, 66.0, 63.0, 59.0, 54.0, 51.0, 50.0, 50.0], ""sulphur_dioxide"": [7.2, 7.0, 6.7, 6.6, 6.9, 7.4, 7.7, 7.5, 7.0, 6.5, 6.0, 5.6, 5.4, 5.8, 6.6, 7.1, 7.1, 6.8, 6.4, 5.8, 5.0, 4.4, 4.1, 4.0, 4.0, 4.1, 4.3, 4.6, 5.1, 5.7, 6.1, 6.0, 5.7, 5.4, 5.0, 4.6, 4.5, 5.2, 6.2, 6.9, 7.1, 7.0, 6.7, 6.1, 5.3, 5.0, 5.4, 6.3, 7.1, 7.8, 8.5, 8.8, 8.6, 7.9, 7.3, 6.7, 6.0, 5.4, 4.8, 4.3, 4.0, 4.0, 4.3, 4.4, 4.3, 4.1, 3.9, 3.7, 3.5, 3.4, 3.5, 3.7, 4.2, 5.2, 6.6, 7.5, 7.8, 7.7, 7.5, 7.1, 6.6, 6.1, 5.7, 5.3, 5.1, 5.2, 5.5, 5.5, 5.0, 4.2, 3.5, 3.2, 3.0, 2.9, 2.8, 2.8, 3.0, 3.6, 4.4, 5.1, 5.6, 5.9, 5.9, 5.3, 4.3, 3.5, 3.1, 2.9, 2.9, 3.4, 4.3, 4.7, 4.4, 3.7, 3.1, 2.7, 2.3, 2.0, 1.9, 1.9], ""ammonia"": [null, null, null, null, null, null, null, null, null, null, null, null, null, null, null, null, null, null, null, null, null, null, null, null, null, null, null, null, null, null, null, null, null, null, null, null, null, null, null, null, null, null, null, null, null, null, null, null, null, null, null, null, null, null, null, null, null, null, null, null, null, null, null, null, null, null, null, null, null, null, null, null, null, null, null, null, null, null, null, null, null, null, null, null, null, null, null, null, null, null, null, null, null, null, null, null, null, null, null, null, null, null, null, null, null, null, null, null, null, null, null, null, null, null, null, null, null, null, null, null], ""us_aqi"": [116, 118, 119, 120, 120, 118, 116, 115, 115, 114, 115, 115, 116, 117, 119, 120, 121, 121, 119, 117, 117, 118, 121, 124, 128, 132, 135, 138, 142, 146, 150, 151, 152, 153, 153, 154, 155, 155, 156, 157, 157, 158, 158, 159, 159, 160, 160, 160, 160, 159, 158, 158, 157, 157, 156, 156, 155, 155, 155, 155, 155, 154, 154, 153, 152, 151, 148, 144, 138, 132, 126, 120, 115, 112, 110, 110, 111, 113, 116, 118, 120, 122, 123, 124, 126, 127, 128, 129, 131, 132, 132, 132, 133, 133, 133, 132, 132, 131, 130, 128, 126, 123, 121, 118, 116, 115, 113, 112, 112, 111, 111, 111, 111, 112, 114, 116, 117, 118, 118, 118]}}}"
2026-07-27T20:50:51.037564+00:00,Larkana,PK,27.5598,68.212,,,,,,,,,,,,,,,,,aqicn,success,0.9974296001018956,"{""air_quality"": {""status"": ""error"", ""data"": ""Invalid key""}}"
2026-07-27T20:50:53.122867+00:00,Gambat,PK,27.3517,68.5247,33.2,54.0,994.0,6.42,168.0,41.0,,4.0,28.36,124.8,87.39,0.0,1.16,1.46,42.36,2.81,openweather,success,2.6217454000143334,"{""weather"": {""coord"": {""lon"": 68.5247, ""lat"": 27.3517}, ""weather"": [{""id"": 802, ""main"": ""Clouds"", ""description"": ""scattered clouds"", ""icon"": ""03n""}], ""base"": ""stations"", ""main"": {""temp"": 33.2, ""feels_like"": 37.94, ""temp_min"": 33.2, ""temp_max"": 33.2, ""pressure"": 994, ""humidity"": 54, ""sea_level"": 994, ""grnd_level"": 988}, ""visibility"": 10000, ""wind"": {""speed"": 6.42, ""deg"": 168, ""gust"": 10.73}, ""clouds"": {""all"": 41}, ""dt"": 1785185406, ""sys"": {""country"": ""PK"", ""sunrise"": 1785199627, ""sunset"": 1785248247}, ""timezone"": 18000, ""id"": 1179061, ""name"": ""Gambat"", ""cod"": 200}, ""air_quality"": {""coord"": {""lon"": 68.5247, ""lat"": 27.3517}, ""list"": [{""main"": {""aqi"": 4}, ""components"": {""co"": 87.39, ""no"": 0, ""no2"": 1.16, ""o3"": 42.36, ""so2"": 1.46, ""pm2_5"": 28.36, ""pm10"": 124.8, ""nh3"": 2.81}, ""dt"": 1785185406}]}}"
2026-07-27T20:45,Gambat,PK,27.3517,68.5247,31.5,62.0,994.9,14.3,175.0,25.0,0.0,122.0,35.4,37.5,879.0,,16.6,4.9,36.0,,openmeteo,success,0.2781998000573367,"{""weather"": {""latitude"": 27.311071, ""longitude"": 68.50446, ""generationtime_ms"": 0.1430511474609375, ""utc_offset_seconds"": 0, ""timezone"": ""GMT"", ""timezone_abbreviation"": ""GMT"", ""elevation"": 52.0, ""current_units"": {""time"": ""iso8601"", ""interval"": ""seconds"", ""temperature_2m"": ""°C"", ""relative_humidity_2m"": ""%"", ""pressure_msl"": ""hPa"", ""wind_speed_10m"": ""km/h"", ""wind_direction_10m"": ""°"", ""cloud_cover"": ""%"", ""rain"": ""mm""}, ""current"": {""time"": ""2026-07-27T20:45"", ""interval"": 900, ""temperature_2m"": 31.5, ""relative_humidity_2m"": 62, ""pressure_msl"": 994.9, ""wind_speed_10m"": 14.3, ""wind_direction_10m"": 175, ""cloud_cover"": 25, ""rain"": 0.0}}, ""air_quality"": {""latitude"": 27.400002, ""longitude"": 68.5, ""generationtime_ms"": 0.3088712692260742, ""utc_offset_seconds"": 0, ""timezone"": ""GMT"", ""timezone_abbreviation"": ""GMT"", ""elevation"": 52.0, ""hourly_units"": {""time"": ""iso8601"", ""pm10"": ""μg/m³"", ""pm2_5"": ""μg/m³"", ""carbon_monoxide"": ""μg/m³"", ""nitrogen_dioxide"": ""μg/m³"", ""ozone"": ""μg/m³"", ""sulphur_dioxide"": ""μg/m³"", ""ammonia"": ""μg/m³"", ""us_aqi"": ""USAQI""}, ""hourly"": {""time"": [""2026-07-27T00:00"", ""2026-07-27T01:00"", ""2026-07-27T02:00"", ""2026-07-27T03:00"", ""2026-07-27T04:00"", ""2026-07-27T05:00"", ""2026-07-27T06:00"", ""2026-07-27T07:00"", ""2026-07-27T08:00"", ""2026-07-27T09:00"", ""2026-07-27T10:00"", ""2026-07-27T11:00"", ""2026-07-27T12:00"", ""2026-07-27T13:00"", ""2026-07-27T14:00"", ""2026-07-27T15:00"", ""2026-07-27T16:00"", ""2026-07-27T17:00"", ""2026-07-27T18:00"", ""2026-07-27T19:00"", ""2026-07-27T20:00"", ""2026-07-27T21:00"", ""2026-07-27T22:00"", ""2026-07-27T23:00"", ""2026-07-28T00:00"", ""2026-07-28T01:00"", ""2026-07-28T02:00"", ""2026-07-28T03:00"", ""2026-07-28T04:00"", ""2026-07-28T05:00"", ""2026-07-28T06:00"", ""2026-07-28T07:00"", ""2026-07-28T08:00"", ""2026-07-28T09:00"", ""2026-07-28T10:00"", ""2026-07-28T11:00"", ""2026-07-28T12:00"", ""2026-07-28T13:00"", ""2026-07-28T14:00"", ""2026-07-28T15:00"", ""2026-07-28T16:00"", ""2026-07-28T17:00"", ""2026-07-28T18:00"", ""2026-07-28T19:00"", ""2026-07-28T20:00"", ""2026-07-28T21:00"", ""2026-07-28T22:00"", ""2026-07-28T23:00"", ""2026-07-29T00:00"", ""2026-07-29T01:00"", ""2026-07-29T02:00"", ""2026-07-29T03:00"", ""2026-07-29T04:00"", ""2026-07-29T05:00"", ""2026-07-29T06:00"", ""2026-07-29T07:00"", ""2026-07-29T08:00"", ""2026-07-29T09:00"", ""2026-07-29T10:00"", ""2026-07-29T11:00"", ""2026-07-29T12:00"", ""2026-07-29T13:00"", ""2026-07-29T14:00"", ""2026-07-29T15:00"", ""2026-07-29T16:00"", ""2026-07-29T17:00"", ""2026-07-29T18:00"", ""2026-07-29T19:00"", ""2026-07-29T20:00"", ""2026-07-29T21:00"", ""2026-07-29T22:00"", ""2026-07-29T23:00"", ""2026-07-30T00:00"", ""2026-07-30T01:00"", ""2026-07-30T02:00"", ""2026-07-30T03:00"", ""2026-07-30T04:00"", ""2026-07-30T05:00"", ""2026-07-30T06:00"", ""2026-07-30T07:00"", ""2026-07-30T08:00"", ""2026-07-30T09:00"", ""2026-07-30T10:00"", ""2026-07-30T11:00"", ""2026-07-30T12:00"", ""2026-07-30T13:00"", ""2026-07-30T14:00"", ""2026-07-30T15:00"", ""2026-07-30T16:00"", ""2026-07-30T17:00"", ""2026-07-30T18:00"", ""2026-07-30T19:00"", ""2026-07-30T20:00"", ""2026-07-30T21:00"", ""2026-07-30T22:00"", ""2026-07-30T23:00"", ""2026-07-31T00:00"", ""2026-07-31T01:00"", ""2026-07-31T02:00"", ""2026-07-31T03:00"", ""2026-07-31T04:00"", ""2026-07-31T05:00"", ""2026-07-31T06:00"", ""2026-07-31T07:00"", ""2026-07-31T08:00"", ""2026-07-31T09:00"", ""2026-07-31T10:00"", ""2026-07-31T11:00"", ""2026-07-31T12:00"", ""2026-07-31T13:00"", ""2026-07-31T14:00"", ""2026-07-31T15:00"", ""2026-07-31T16:00"", ""2026-07-31T17:00"", ""2026-07-31T18:00"", ""2026-07-31T19:00"", ""2026-07-31T20:00"", ""2026-07-31T21:00"", ""2026-07-31T22:00"", ""2026-07-31T23:00""], ""pm10"": [37.5, 34.2, 31.5, 28.0, 22.1, 25.8, 36.4, 48.9, 62.9, 73.6, 82.9, 93.6, 106.9, 127.1, 123.9, 126.2, 127.6, 170.9, 235.6, 276.6, 293.4, 287.8, 272.9, 244.0, 214.2, 190.0, 172.8, 178.8, 198.8, 219.8, 233.8, 237.0, 244.0, 255.2, 270.1, 282.2, 294.3, 303.6, 261.7, 251.5, 231.9, 265.4, 349.2, 348.3, 311.1, 288.7, 245.9, 198.4, 159.3, 129.9, 117.8, 122.5, 124.8, 127.6, 127.6, 131.8, 140.2, 138.3, 129.0, 119.7, 115.0, 111.1, 102.2, 81.3, 68.2, 58.1, 57.0, 68.9, 92.9, 120.6, 143.0, 158.3, 165.8, 175.6, 176.0, 174.6, 176.0, 181.1, 196.5, 210.0, 204.4, 196.5, 188.1, 178.8, 167.2, 149.9, 126.7, 96.6, 79.2, 67.5, 60.1, 57.2, 56.9, 56.8, 54.4, 50.4, 47.0, 47.4, 54.9, 67.8, 85.0, 112.7, 137.8, 141.1, 143.9, 144.8, 143.4, 141.6, 142.0, 140.2, 133.2, 109.4, 87.5, 62.9, 50.4, 46.0, 47.4, 52.2, 53.7, 53.3], ""pm2_5"": [35.4, 32.9, 31.1, 26.5, 19.6, 20.0, 23.1, 26.2, 29.7, 32.5, 34.9, 37.6, 40.4, 44.7, 48.7, 54.2, 55.1, 62.2, 77.8, 90.3, 98.3, 101.5, 99.0, 91.5, 82.2, 73.1, 64.7, 58.6, 58.1, 60.5, 62.9, 63.6, 64.5, 66.6, 69.6, 71.9, 74.0, 75.9, 75.0, 77.1, 76.4, 81.7, 96.4, 102.2, 101.5, 97.3, 87.5, 75.0, 63.1, 53.2, 47.4, 44.7, 43.3, 42.6, 41.4, 40.6, 41.2, 41.2, 40.0, 38.6, 38.1, 38.0, 38.0, 37.8, 35.7, 33.3, 32.6, 34.7, 40.0, 46.8, 53.3, 58.7, 62.6, 66.1, 67.1, 64.7, 61.7, 60.1, 59.5, 59.6, 57.4, 55.3, 53.4, 51.8, 49.9, 47.6, 45.2, 42.6, 38.6, 35.0, 32.5, 30.7, 29.9, 29.6, 29.1, 28.6, 28.5, 29.5, 32.5, 36.9, 42.4, 46.9, 47.5, 46.1, 45.5, 44.7, 43.5, 42.6, 42.6, 42.4, 42.0, 44.5, 39.2, 30.9, 26.3, 24.7, 24.5, 25.8, 26.8, 27.3], ""carbon_monoxide"": [879.0, 746.0, 558.0, 408.0, 335.0, 300.0, 271.0, 240.0, 215.0, 194.0, 169.0, 148.0, 148.0, 189.0, 252.0, 295.0, 303.0, 293.0, 270.0, 229.0, 176.0, 137.0, 125.0, 127.0, 131.0, 134.0, 140.0, 144.0, 146.0, 146.0, 144.0, 137.0, 128.0, 121.0, 117.0, 115.0, 122.0, 145.0, 175.0, 197.0, 201.0, 195.0, 190.0, 188.0, 187.0, 187.0, 188.0, 189.0, 190.0, 191.0, 192.0, 190.0, 182.0, 171.0, 161.0, 152.0, 144.0, 137.0, 130.0, 125.0, 127.0, 145.0, 171.0, 188.0, 186.0, 175.0, 163.0, 151.0, 138.0, 131.0, 129.0, 133.0, 149.0, 191.0, 246.0, 278.0, 267.0, 233.0, 203.0, 184.0, 167.0, 156.0, 147.0, 143.0, 153.0, 196.0, 253.0, 281.0, 252.0, 194.0, 149.0, 133.0, 131.0, 130.0, 128.0, 128.0, 133.0, 147.0, 166.0, 177.0, 174.0, 164.0, 155.0, 150.0, 145.0, 143.0, 142.0, 143.0, 147.0, 158.0, 173.0, 180.0, 173.0, 159.0, 149.0, 149.0, 152.0, 155.0, 155.0, 154.0], ""nitrogen_dioxide"": [16.6, 14.0, 10.2, 7.0, 4.7, 2.9, 1.6, 1.0, 1.0, 1.0, 0.8, 0.7, 1.2, 2.8, 5.0, 6.4, 6.2, 5.1, 4.3, 4.2, 4.3, 4.6, 5.1, 5.8, 6.1, 5.8, 5.1, 4.3, 3.3, 2.1, 1.2, 0.8, 0.8, 0.8, 0.7, 0.6, 1.0, 2.5, 4.5, 5.7, 5.3, 4.2, 3.6, 4.1, 5.1, 6.1, 7.2, 8.3, 8.9, 8.5, 7.6, 6.4, 4.9, 3.1, 1.7, 1.1, 0.9, 0.8, 0.7, 0.7, 0.9, 1.6, 2.6, 3.2, 3.1, 2.7, 2.6, 3.0, 3.8, 4.6, 5.6, 6.6, 7.4, 7.9, 8.2, 7.8, 6.2, 3.8, 2.0, 1.2, 0.9, 0.7, 0.6, 0.7, 0.9, 1.4, 2.0, 2.4, 2.4, 2.1, 2.0, 2.2, 2.5, 2.9, 3.4, 3.9, 4.4, 5.1, 5.7, 5.7, 4.6, 2.8, 1.4, 0.8, 0.7, 0.6, 0.5, 0.5, 0.9, 2.2, 3.8, 4.7, 4.1, 2.8, 1.7, 1.4, 1.3, 1.4, 1.6, 1.8], ""ozone"": [36.0, 46.0, 59.0, 75.0, 94.0, 115.0, 130.0, 134.0, 132.0, 129.0, 127.0, 125.0, 119.0, 108.0, 94.0, 81.0, 71.0, 62.0, 55.0, 49.0, 44.0, 41.0, 38.0, 37.0, 37.0, 38.0, 40.0, 45.0, 57.0, 73.0, 85.0, 91.0, 95.0, 97.0, 99.0, 100.0, 99.0, 95.0, 88.0, 82.0, 77.0, 73.0, 69.0, 64.0, 58.0, 53.0, 47.0, 42.0, 39.0, 38.0, 39.0, 45.0, 61.0, 81.0, 97.0, 104.0, 105.0, 105.0, 104.0, 100.0, 97.0, 94.0, 91.0, 88.0, 87.0, 88.0, 86.0, 81.0, 74.0, 67.0, 60.0, 54.0, 49.0, 46.0, 45.0, 50.0, 68.0, 92.0, 110.0, 117.0, 118.0, 117.0, 116.0, 113.0, 109.0, 104.0, 97.0, 91.0, 87.0, 83.0, 78.0, 72.0, 64.0, 58.0, 53.0, 48.0, 47.0, 49.0, 54.0, 63.0, 82.0, 106.0, 121.0, 120.0, 111.0, 103.0, 100.0, 97.0, 93.0, 85.0, 75.0, 68.0, 65.0, 63.0, 63.0, 64.0, 66.0, 67.0, 66.0, 65.0], ""sulphur_dioxide"": [4.9, 4.7, 4.4, 4.3, 4.6, 5.2, 5.5, 5.4, 5.1, 4.8, 4.6, 4.5, 4.5, 4.9, 5.5, 5.9, 5.8, 5.4, 4.9, 4.4, 3.7, 3.3, 3.2, 3.2, 3.3, 3.4, 3.6, 3.9, 4.4, 5.0, 5.3, 5.2, 4.9, 4.6, 4.5, 4.4, 4.4, 4.7, 5.2, 5.4, 5.1, 4.7, 4.4, 4.6, 5.0, 5.5, 6.3, 7.3, 8.0, 8.2, 8.2, 7.9, 7.4, 6.6, 5.9, 5.3, 4.7, 4.2, 3.8, 3.6, 3.5, 3.7, 4.0, 4.2, 4.2, 4.0, 4.0, 4.2, 4.4, 4.8, 5.3, 5.8, 6.4, 7.2, 8.0, 8.4, 8.0, 7.1, 6.3, 5.9, 5.7, 5.4, 5.1, 4.8, 4.5, 4.3, 4.2, 4.0, 3.6, 3.2, 2.9, 2.8, 2.8, 2.9, 2.9, 3.0, 3.5, 4.7, 6.2, 7.4, 7.9, 8.0, 7.7, 6.7, 5.3, 4.2, 3.6, 3.4, 3.2, 3.2, 3.3, 3.2, 2.8, 2.4, 2.0, 1.9, 1.9, 2.0, 2.1, 2.2], ""ammonia"": [null, null, null, null, null, null, null, null, null, null, null, null, null, null, null, null, null, null, null, null, null, null, null, null, null, null, null, null, null, null, null, null, null, null, null, null, null, null, null, null, null, null, null, null, null, null, null, null, null, null, null, null, null, null, null, null, null, null, null, null, null, null, null, null, null, null, null, null, null, null, null, null, null, null, null, null, null, null, null, null, null, null, null, null, null, null, null, null, null, null, null, null, null, null, null, null, null, null, null, null, null, null, null, null, null, null, null, null, null, null, null, null, null, null, null, null, null, null, null, null], ""us_aqi"": [122, 118, 116, 113, 112, 110, 108, 106, 106, 106, 106, 107, 108, 110, 112, 114, 116, 117, 117, 118, 120, 124, 128, 133, 138, 143, 147, 150, 151, 152, 153, 155, 156, 157, 158, 159, 160, 161, 162, 162, 163, 164, 164, 165, 165, 165, 165, 165, 164, 164, 163, 163, 162, 162, 161, 161, 160, 159, 159, 158, 157, 156, 155, 153, 152, 151, 149, 142, 135, 128, 123, 120, 118, 118, 119, 121, 123, 125, 127, 129, 131, 133, 134, 136, 137, 138, 139, 140, 140, 141, 141, 141, 140, 139, 138, 135, 132, 128, 125, 121, 118, 116, 115, 113, 112, 111, 110, 109, 108, 107, 106, 106, 106, 106, 106, 105, 105, 104, 104, 103]}}}"
2026-07-27T20:50:52.088887+00:00,Gambat,PK,27.3517,68.5247,,,,,,,,,,,,,,,,,aqicn,success,1.9517441000789404,"{""air_quality"": {""status"": ""error"", ""data"": ""Invalid key""}}"
2026-07-27T20:50:52.443090+00:00,Lahore,PK,31.5204,74.3587,33.58,49.0,996.0,2.22,179.0,86.0,,3.0,46.0,56.87,749.65,0.04,18.45,1.27,19.26,18.54,openweather,success,1.755212299991399,"{""weather"": {""coord"": {""lon"": 74.3587, ""lat"": 31.5204}, ""weather"": [{""id"": 804, ""main"": ""Clouds"", ""description"": ""overcast clouds"", ""icon"": ""04n""}], ""base"": ""stations"", ""main"": {""temp"": 33.58, ""feels_like"": 37.18, ""temp_min"": 33.58, ""temp_max"": 33.58, ""pressure"": 996, ""humidity"": 49, ""sea_level"": 996, ""grnd_level"": 972}, ""visibility"": 10000, ""wind"": {""speed"": 2.22, ""deg"": 179, ""gust"": 3.59}, ""clouds"": {""all"": 86}, ""dt"": 1785185406, ""sys"": {""country"": ""PK"", ""sunrise"": 1785197749, ""sunset"": 1785247324}, ""timezone"": 18000, ""id"": 1347925, ""name"": ""Lahore Cantonment"", ""cod"": 200}, ""air_quality"": {""coord"": {""lon"": 74.3587, ""lat"": 31.5204}, ""list"": [{""main"": {""aqi"": 3}, ""components"": {""co"": 749.65, ""no"": 0.04, ""no2"": 18.45, ""o3"": 19.26, ""so2"": 1.27, ""pm2_5"": 46, ""pm10"": 56.87, ""nh3"": 18.54}, ""dt"": 1785185407}]}}"
2026-07-27T20:45,Lahore,PK,31.5204,74.3587,30.5,89.0,996.2,0.3,315.0,93.0,0.0,157.0,90.1,91.3,2230.0,,40.7,21.9,60.0,,openmeteo,success,0.29371559992432594,"{""weather"": {""latitude"": 31.528997, ""longitude"": 74.38995, ""generationtime_ms"": 0.1329183578491211, ""utc_offset_seconds"": 0, ""timezone"": ""GMT"", ""timezone_abbreviation"": ""GMT"", ""elevation"": 220.0, ""current_units"": {""time"": ""iso8601"", ""interval"": ""seconds"", ""temperature_2m"": ""°C"", ""relative_humidity_2m"": ""%"", ""pressure_msl"": ""hPa"", ""wind_speed_10m"": ""km/h"", ""wind_direction_10m"": ""°"", ""cloud_cover"": ""%"", ""rain"": ""mm""}, ""current"": {""time"": ""2026-07-27T20:45"", ""interval"": 900, ""temperature_2m"": 30.5, ""relative_humidity_2m"": 89, ""pressure_msl"": 996.2, ""wind_speed_10m"": 0.3, ""wind_direction_10m"": 315, ""cloud_cover"": 93, ""rain"": 0.0}}, ""air_quality"": {""latitude"": 31.5, ""longitude"": 74.40001, ""generationtime_ms"": 0.7016658782958984, ""utc_offset_seconds"": 0, ""timezone"": ""GMT"", ""timezone_abbreviation"": ""GMT"", ""elevation"": 220.0, ""hourly_units"": {""time"": ""iso8601"", ""pm10"": ""μg/m³"", ""pm2_5"": ""μg/m³"", ""carbon_monoxide"": ""μg/m³"", ""nitrogen_dioxide"": ""μg/m³"", ""ozone"": ""μg/m³"", ""sulphur_dioxide"": ""μg/m³"", ""ammonia"": ""μg/m³"", ""us_aqi"": ""USAQI""}, ""hourly"": {""time"": [""2026-07-27T00:00"", ""2026-07-27T01:00"", ""2026-07-27T02:00"", ""2026-07-27T03:00"", ""2026-07-27T04:00"", ""2026-07-27T05:00"", ""2026-07-27T06:00"", ""2026-07-27T07:00"", ""2026-07-27T08:00"", ""2026-07-27T09:00"", ""2026-07-27T10:00"", ""2026-07-27T11:00"", ""2026-07-27T12:00"", ""2026-07-27T13:00"", ""2026-07-27T14:00"", ""2026-07-27T15:00"", ""2026-07-27T16:00"", ""2026-07-27T17:00"", ""2026-07-27T18:00"", ""2026-07-27T19:00"", ""2026-07-27T20:00"", ""2026-07-27T21:00"", ""2026-07-27T22:00"", ""2026-07-27T23:00"", ""2026-07-28T00:00"", ""2026-07-28T01:00"", ""2026-07-28T02:00"", ""2026-07-28T03:00"", ""2026-07-28T04:00"", ""2026-07-28T05:00"", ""2026-07-28T06:00"", ""2026-07-28T07:00"", ""2026-07-28T08:00"", ""2026-07-28T09:00"", ""2026-07-28T10:00"", ""2026-07-28T11:00"", ""2026-07-28T12:00"", ""2026-07-28T13:00"", ""2026-07-28T14:00"", ""2026-07-28T15:00"", ""2026-07-28T16:00"", ""2026-07-28T17:00"", ""2026-07-28T18:00"", ""2026-07-28T19:00"", ""2026-07-28T20:00"", ""2026-07-28T21:00"", ""2026-07-28T22:00"", ""2026-07-28T23:00"", ""2026-07-29T00:00"", ""2026-07-29T01:00"", ""2026-07-29T02:00"", ""2026-07-29T03:00"", ""2026-07-29T04:00"", ""2026-07-29T05:00"", ""2026-07-29T06:00"", ""2026-07-29T07:00"", ""2026-07-29T08:00"", ""2026-07-29T09:00"", ""2026-07-29T10:00"", ""2026-07-29T11:00"", ""2026-07-29T12:00"", ""2026-07-29T13:00"", ""2026-07-29T14:00"", ""2026-07-29T15:00"", ""2026-07-29T16:00"", ""2026-07-29T17:00"", ""2026-07-29T18:00"", ""2026-07-29T19:00"", ""2026-07-29T20:00"", ""2026-07-29T21:00"", ""2026-07-29T22:00"", ""2026-07-29T23:00"", ""2026-07-30T00:00"", ""2026-07-30T01:00"", ""2026-07-30T02:00"", ""2026-07-30T03:00"", ""2026-07-30T04:00"", ""2026-07-30T05:00"", ""2026-07-30T06:00"", ""2026-07-30T07:00"", ""2026-07-30T08:00"", ""2026-07-30T09:00"", ""2026-07-30T10:00"", ""2026-07-30T11:00"", ""2026-07-30T12:00"", ""2026-07-30T13:00"", ""2026-07-30T14:00"", ""2026-07-30T15:00"", ""2026-07-30T16:00"", ""2026-07-30T17:00"", ""2026-07-30T18:00"", ""2026-07-30T19:00"", ""2026-07-30T20:00"", ""2026-07-30T21:00"", ""2026-07-30T22:00"", ""2026-07-30T23:00"", ""2026-07-31T00:00"", ""2026-07-31T01:00"", ""2026-07-31T02:00"", ""2026-07-31T03:00"", ""2026-07-31T04:00"", ""2026-07-31T05:00"", ""2026-07-31T06:00"", ""2026-07-31T07:00"", ""2026-07-31T08:00"", ""2026-07-31T09:00"", ""2026-07-31T10:00"", ""2026-07-31T11:00"", ""2026-07-31T12:00"", ""2026-07-31T13:00"", ""2026-07-31T14:00"", ""2026-07-31T15:00"", ""2026-07-31T16:00"", ""2026-07-31T17:00"", ""2026-07-31T18:00"", ""2026-07-31T19:00"", ""2026-07-31T20:00"", ""2026-07-31T21:00"", ""2026-07-31T22:00"", ""2026-07-31T23:00""], ""pm10"": [91.3, 91.3, 79.9, 61.0, 53.1, 51.5, 55.6, 59.1, 58.3, 57.5, 57.4, 56.8, 59.5, 65.9, 78.5, 99.9, 112.0, 89.2, 80.1, 75.9, 69.6, 59.8, 51.1, 47.8, 42.6, 34.8, 30.2, 28.6, 30.4, 32.5, 33.5, 37.0, 40.0, 40.4, 40.4, 41.0, 40.4, 40.5, 44.0, 44.7, 49.6, 57.2, 57.7, 57.5, 58.7, 58.7, 53.0, 47.1, 40.3, 30.7, 26.9, 22.0, 22.7, 23.9, 24.8, 27.0, 30.2, 33.4, 37.8, 38.9, 39.8, 41.3, 59.1, 76.6, 80.3, 67.1, 58.4, 52.4, 48.9, 47.1, 42.7, 40.5, 36.2, 31.8, 25.4, 20.7, 18.5, 16.8, 18.6, 15.4, 16.6, 19.0, 21.7, 23.3, 25.6, 29.2, 32.4, 40.7, 47.1, 52.6, 56.0, 50.4, 48.8, 49.4, 46.0, 39.7, 35.5, 29.3, 26.2, 25.8, 28.3, 25.3, 27.0, 25.2, 23.7, 25.3, 25.9, 26.1, 26.4, 28.9, 36.8, 44.8, 51.5, 51.1, 53.2, 53.8, 52.9, 52.7, 51.0, 48.7], ""pm2_5"": [90.1, 90.1, 78.7, 59.6, 51.7, 50.2, 54.1, 57.4, 56.0, 54.5, 53.4, 52.0, 53.8, 61.0, 74.5, 95.2, 107.8, 85.9, 77.5, 74.0, 67.8, 57.5, 49.7, 46.8, 41.3, 33.9, 29.1, 27.1, 27.9, 28.9, 29.2, 31.8, 33.9, 34.2, 34.2, 34.6, 34.5, 35.5, 40.9, 42.4, 47.6, 55.2, 55.5, 55.1, 56.1, 55.6, 49.1, 43.8, 36.8, 27.9, 24.6, 19.4, 18.3, 19.0, 19.2, 21.8, 23.1, 25.5, 29.4, 30.5, 31.7, 33.9, 53.7, 71.5, 76.1, 63.6, 55.3, 49.9, 47.0, 45.6, 40.7, 38.0, 34.2, 30.6, 24.6, 20.1, 18.1, 16.5, 18.3, 15.2, 16.2, 18.5, 21.0, 22.7, 24.9, 28.6, 32.0, 40.4, 46.9, 52.4, 55.8, 50.3, 48.5, 49.2, 45.8, 39.3, 35.3, 28.9, 25.8, 25.4, 27.8, 24.0, 25.7, 24.6, 23.4, 25.1, 25.8, 26.0, 26.3, 28.8, 36.8, 44.7, 51.3, 51.0, 53.1, 53.7, 52.7, 52.6, 50.9, 48.5], ""carbon_monoxide"": [2230.0, 2063.0, 1820.0, 1572.0, 1325.0, 1073.0, 869.0, 733.0, 646.0, 598.0, 504.0, 451.0, 688.0, 1559.0, 2721.0, 3395.0, 3126.0, 2369.0, 1712.0, 1374.0, 1136.0, 928.0, 709.0, 519.0, 409.0, 436.0, 544.0, 609.0, 569.0, 487.0, 432.0, 426.0, 448.0, 500.0, 603.0, 736.0, 845.0, 915.0, 960.0, 964.0, 906.0, 807.0, 712.0, 630.0, 551.0, 493.0, 460.0, 449.0, 463.0, 526.0, 614.0, 666.0, 640.0, 577.0, 537.0, 536.0, 557.0, 615.0, 663.0, 747.0, 1015.0, 1733.0, 2634.0, 3074.0, 2619.0, 1702.0, 972.0, 695.0, 606.0, 558.0, 509.0, 501.0, 513.0, 553.0, 613.0, 645.0, 621.0, 570.0, 529.0, 509.0, 500.0, 508.0, 544.0, 598.0, 645.0, 678.0, 703.0, 720.0, 729.0, 730.0, 715.0, 674.0, 618.0, 569.0, 526.0, 490.0, 494.0, 581.0, 708.0, 775.0, 705.0, 574.0, 515.0, 614.0, 784.0, 897.0, 872.0, 790.0, 760.0, 859.0, 1009.0, 1090.0, 1036.0, 913.0, 796.0, 703.0, 615.0, 551.0, 525.0, 522.0], ""nitrogen_dioxide"": [40.7, 36.8, 31.1, 25.1, 18.5, 11.5, 6.6, 4.9, 5.2, 6.3, 4.4, 3.2, 13.4, 48.1, 94.1, 122.2, 116.2, 92.4, 69.6, 53.6, 38.8, 27.2, 20.1, 16.3, 14.5, 15.3, 18.0, 19.2, 16.8, 12.8, 9.6, 7.9, 7.0, 6.9, 6.9, 7.7, 11.9, 22.4, 36.2, 47.4, 54.3, 58.6, 58.8, 53.1, 43.5, 34.3, 26.2, 18.6, 14.2, 15.9, 21.0, 23.6, 20.9, 15.7, 11.6, 9.5, 8.4, 8.5, 7.3, 7.3, 16.6, 45.3, 83.1, 107.7, 107.6, 94.1, 79.1, 65.0, 49.3, 36.1, 26.6, 19.5, 15.3, 15.6, 18.7, 20.4, 18.6, 15.3, 12.4, 10.1, 8.2, 7.4, 6.8, 7.3, 12.3, 25.6, 43.3, 57.1, 64.6, 68.1, 66.6, 57.0, 42.3, 30.2, 23.5, 19.4, 17.6, 19.5, 23.6, 25.2, 21.3, 14.8, 9.8, 7.4, 6.6, 8.1, 12.3, 18.8, 27.2, 39.4, 53.4, 63.4, 66.6, 65.7, 62.5, 56.5, 48.1, 40.4, 34.1, 28.6], ""ozone"": [60.0, 78.0, 103.0, 134.0, 174.0, 220.0, 252.0, 262.0, 259.0, 251.0, 244.0, 233.0, 207.0, 152.0, 84.0, 37.0, 32.0, 49.0, 66.0, 76.0, 85.0, 91.0, 91.0, 88.0, 86.0, 87.0, 89.0, 95.0, 108.0, 124.0, 142.0, 161.0, 181.0, 195.0, 205.0, 210.0, 201.0, 169.0, 124.0, 87.0, 66.0, 53.0, 46.0, 45.0, 49.0, 56.0, 66.0, 79.0, 88.0, 87.0, 81.0, 82.0, 95.0, 114.0, 131.0, 145.0, 158.0, 168.0, 180.0, 189.0, 181.0, 140.0, 83.0, 40.0, 28.0, 31.0, 36.0, 40.0, 47.0, 55.0, 65.0, 77.0, 87.0, 92.0, 95.0, 100.0, 109.0, 120.0, 131.0, 143.0, 156.0, 166.0, 175.0, 180.0, 173.0, 143.0, 101.0, 67.0, 49.0, 39.0, 36.0, 40.0, 51.0, 60.0, 66.0, 70.0, 73.0, 71.0, 68.0, 72.0, 91.0, 117.0, 138.0, 149.0, 154.0, 152.0, 141.0, 124.0, 105.0, 84.0, 61.0, 43.0, 33.0, 29.0, 27.0, 28.0, 32.0, 36.0, 41.0, 46.0], ""sulphur_dioxide"": [21.9, 23.0, 24.6, 26.1, 27.7, 29.3, 29.6, 27.7, 24.4, 21.7, 19.8, 18.3, 18.1, 20.2, 23.6, 25.8, 25.9, 24.9, 23.2, 20.7, 17.6, 14.6, 11.8, 9.2, 7.6, 7.6, 8.5, 9.4, 10.0, 10.6, 11.0, 11.2, 11.3, 11.5, 12.0, 12.7, 13.1, 13.0, 12.6, 12.4, 12.7, 13.3, 13.6, 13.5, 13.2, 12.5, 10.9, 8.8, 7.6, 8.1, 9.4, 10.6, 11.3, 11.8, 12.3, 12.6, 12.7, 13.1, 13.8, 14.6, 15.9, 18.1, 20.7, 22.0, 21.1, 18.9, 16.6, 14.4, 12.1, 10.1, 8.4, 7.1, 6.6, 7.5, 9.3, 10.7, 11.3, 11.7, 11.9, 12.1, 12.1, 12.3, 12.7, 13.3, 13.5, 13.2, 12.5, 12.2, 12.5, 13.2, 13.4, 13.0, 12.2, 11.2, 9.9, 8.5, 7.7, 7.8, 8.6, 9.5, 10.8, 12.4, 13.3, 13.2, 12.5, 11.5, 10.0, 8.2, 7.3, 8.1, 9.7, 11.0, 11.5, 11.6, 11.5, 11.2, 10.6, 10.0, 9.2, 8.4], ""ammonia"": [null, null, null, null, null, null, null, null, null, null, null, null, null, null, null, null, null, null, null, null, null, null, null, null, null, null, null, null, null, null, null, null, null, null, null, null, null, null, null, null, null, null, null, null, null, null, null, null, null, null, null, null, null, null, null, null, null, null, null, null, null, null, null, null, null, null, null, null, null, null, null, null, null, null, null, null, null, null, null, null, null, null, null, null, null, null, null, null, null, null, null, null, null, null, null, null, null, null, null, null, null, null, null, null, null, null, null, null, null, null, null, null, null, null, null, null, null, null, null, null], ""us_aqi"": [157, 158, 159, 160, 160, 160, 160, 161, 162, 174, 201, 210, 217, 219, 214, 203, 171, 167, 167, 166, 165, 164, 162, 160, 158, 157, 155, 153, 152, 152, 151, 150, 148, 146, 144, 142, 149, 164, 171, 168, 156, 134, 117, 115, 113, 112, 111, 111, 111, 111, 110, 109, 109, 108, 107, 106, 104, 103, 102, 102, 118, 136, 141, 131, 109, 108, 109, 109, 109, 108, 107, 106, 105, 105, 105, 105, 105, 105, 105, 105, 104, 104, 103, 102, 118, 131, 136, 130, 113, 93, 93, 93, 93, 93, 93, 93, 94, 94, 94, 94, 94, 95, 95, 96, 97, 97, 98, 98, 98, 99, 99, 99, 99, 100, 99, 99, 100, 100, 100, 101]}}}"
2026-07-27T20:50:53.797316+00:00,Lahore,PK,31.5204,74.3587,,,,,,,,,,,,,,,,,aqicn,success,2.759489700081758,"{""air_quality"": {""status"": ""error"", ""data"": ""Invalid key""}}"
2026-07-27T21:01:18.535679+00:00,Karachi,PK,24.8607,67.0011,27.26,81.0,999.0,7.48,259.0,98.0,,4.0,24.33,113.32,67.44,0.0,0.1,0.52,42.05,0.0,openweather,success,1.4532100999495015,"{""weather"": {""coord"": {""lon"": 67.0011, ""lat"": 24.8607}, ""weather"": [{""id"": 804, ""main"": ""Clouds"", ""description"": ""overcast clouds"", ""icon"": ""04n""}], ""base"": ""stations"", ""main"": {""temp"": 27.26, ""feels_like"": 30.44, ""temp_min"": 27.26, ""temp_max"": 27.26, ""pressure"": 999, ""humidity"": 81, ""sea_level"": 999, ""grnd_level"": 997}, ""visibility"": 10000, ""wind"": {""speed"": 7.48, ""deg"": 259, ""gust"": 8.51}, ""clouds"": {""all"": 98}, ""dt"": 1785185928, ""sys"": {""country"": ""PK"", ""sunrise"": 1785200258, ""sunset"": 1785248347}, ""timezone"": 18000, ""id"": 1174872, ""name"": ""Karachi"", ""cod"": 200}, ""air_quality"": {""coord"": {""lon"": 67.0011, ""lat"": 24.8607}, ""list"": [{""main"": {""aqi"": 4}, ""components"": {""co"": 67.44, ""no"": 0, ""no2"": 0.1, ""o3"": 42.05, ""so2"": 0.52, ""pm2_5"": 24.33, ""pm10"": 113.32, ""nh3"": 0}, ""dt"": 1785186077}]}}"
2026-07-27T21:00,Karachi,PK,24.8607,67.0011,28.0,83.0,998.8,15.2,256.0,76.0,0.0,82.0,20.8,58.9,121.0,,4.6,4.7,49.0,,openmeteo,success,5.703216499998234,"{""weather"": {""latitude"": 24.850615, ""longitude"": 66.992485, ""generationtime_ms"": 0.08749961853027344, ""utc_offset_seconds"": 0, ""timezone"": ""GMT"", ""timezone_abbreviation"": ""GMT"", ""elevation"": 7.0, ""current_units"": {""time"": ""iso8601"", ""interval"": ""seconds"", ""temperature_2m"": ""°C"", ""relative_humidity_2m"": ""%"", ""pressure_msl"": ""hPa"", ""wind_speed_10m"": ""km/h"", ""wind_direction_10m"": ""°"", ""cloud_cover"": ""%"", ""rain"": ""mm""}, ""current"": {""time"": ""2026-07-27T21:00"", ""interval"": 900, ""temperature_2m"": 28.0, ""relative_humidity_2m"": 83, ""pressure_msl"": 998.8, ""wind_speed_10m"": 15.2, ""wind_direction_10m"": 256, ""cloud_cover"": 76, ""rain"": 0.0}}, ""air_quality"": {""latitude"": 24.900002, ""longitude"": 67.0, ""generationtime_ms"": 0.48100948333740234, ""utc_offset_seconds"": 0, ""timezone"": ""GMT"", ""timezone_abbreviation"": ""GMT"", ""elevation"": 7.0, ""hourly_units"": {""time"": ""iso8601"", ""pm10"": ""μg/m³"", ""pm2_5"": ""μg/m³"", ""carbon_monoxide"": ""μg/m³"", ""nitrogen_dioxide"": ""μg/m³"", ""ozone"": ""μg/m³"", ""sulphur_dioxide"": ""μg/m³"", ""ammonia"": ""μg/m³"", ""us_aqi"": ""USAQI""}, ""hourly"": {""time"": [""2026-07-27T00:00"", ""2026-07-27T01:00"", ""2026-07-27T02:00"", ""2026-07-27T03:00"", ""2026-07-27T04:00"", ""2026-07-27T05:00"", ""2026-07-27T06:00"", ""2026-07-27T07:00"", ""2026-07-27T08:00"", ""2026-07-27T09:00"", ""2026-07-27T10:00"", ""2026-07-27T11:00"", ""2026-07-27T12:00"", ""2026-07-27T13:00"", ""2026-07-27T14:00"", ""2026-07-27T15:00"", ""2026-07-27T16:00"", ""2026-07-27T17:00"", ""2026-07-27T18:00"", ""2026-07-27T19:00"", ""2026-07-27T20:00"", ""2026-07-27T21:00"", ""2026-07-27T22:00"", ""2026-07-27T23:00"", ""2026-07-28T00:00"", ""2026-07-28T01:00"", ""2026-07-28T02:00"", ""2026-07-28T03:00"", ""2026-07-28T04:00"", ""2026-07-28T05:00"", ""2026-07-28T06:00"", ""2026-07-28T07:00"", ""2026-07-28T08:00"", ""2026-07-28T09:00"", ""2026-07-28T10:00"", ""2026-07-28T11:00"", ""2026-07-28T12:00"", ""2026-07-28T13:00"", ""2026-07-28T14:00"", ""2026-07-28T15:00"", ""2026-07-28T16:00"", ""2026-07-28T17:00"", ""2026-07-28T18:00"", ""2026-07-28T19:00"", ""2026-07-28T20:00"", ""2026-07-28T21:00"", ""2026-07-28T22:00"", ""2026-07-28T23:00"", ""2026-07-29T00:00"", ""2026-07-29T01:00"", ""2026-07-29T02:00"", ""2026-07-29T03:00"", ""2026-07-29T04:00"", ""2026-07-29T05:00"", ""2026-07-29T06:00"", ""2026-07-29T07:00"", ""2026-07-29T08:00"", ""2026-07-29T09:00"", ""2026-07-29T10:00"", ""2026-07-29T11:00"", ""2026-07-29T12:00"", ""2026-07-29T13:00"", ""2026-07-29T14:00"", ""2026-07-29T15:00"", ""2026-07-29T16:00"", ""2026-07-29T17:00"", ""2026-07-29T18:00"", ""2026-07-29T19:00"", ""2026-07-29T20:00"", ""2026-07-29T21:00"", ""2026-07-29T22:00"", ""2026-07-29T23:00"", ""2026-07-30T00:00"", ""2026-07-30T01:00"", ""2026-07-30T02:00"", ""2026-07-30T03:00"", ""2026-07-30T04:00"", ""2026-07-30T05:00"", ""2026-07-30T06:00"", ""2026-07-30T07:00"", ""2026-07-30T08:00"", ""2026-07-30T09:00"", ""2026-07-30T10:00"", ""2026-07-30T11:00"", ""2026-07-30T12:00"", ""2026-07-30T13:00"", ""2026-07-30T14:00"", ""2026-07-30T15:00"", ""2026-07-30T16:00"", ""2026-07-30T17:00"", ""2026-07-30T18:00"", ""2026-07-30T19:00"", ""2026-07-30T20:00"", ""2026-07-30T21:00"", ""2026-07-30T22:00"", ""2026-07-30T23:00"", ""2026-07-31T00:00"", ""2026-07-31T01:00"", ""2026-07-31T02:00"", ""2026-07-31T03:00"", ""2026-07-31T04:00"", ""2026-07-31T05:00"", ""2026-07-31T06:00"", ""2026-07-31T07:00"", ""2026-07-31T08:00"", ""2026-07-31T09:00"", ""2026-07-31T10:00"", ""2026-07-31T11:00"", ""2026-07-31T12:00"", ""2026-07-31T13:00"", ""2026-07-31T14:00"", ""2026-07-31T15:00"", ""2026-07-31T16:00"", ""2026-07-31T17:00"", ""2026-07-31T18:00"", ""2026-07-31T19:00"", ""2026-07-31T20:00"", ""2026-07-31T21:00"", ""2026-07-31T22:00"", ""2026-07-31T23:00""], ""pm10"": [58.9, 61.7, 78.2, 105.0, 106.4, 120.1, 121.5, 118.3, 113.4, 113.2, 110.6, 103.6, 95.0, 85.0, 77.1, 73.3, 73.8, 76.1, 74.3, 61.9, 55.5, 57.7, 49.2, 46.6, 53.3, 47.3, 52.7, 64.3, 69.2, 75.0, 78.2, 81.7, 85.0, 89.6, 86.4, 85.4, 77.5, 77.1, 64.5, 59.1, 47.6, 43.5, 43.1, 41.9, 40.0, 39.3, 40.0, 40.5, 41.9, 40.9, 45.6, 56.5, 73.8, 84.1, 92.7, 86.6, 79.4, 77.3, 77.8, 76.6, 70.8, 65.0, 57.5, 51.1, 50.6, 50.4, 50.3, 50.4, 50.5, 50.6, 51.7, 56.0, 61.9, 61.5, 65.7, 75.9, 93.6, 93.8, 93.4, 93.8, 90.8, 88.0, 87.1, 85.9, 84.1, 79.2, 73.6, 66.6, 63.8, 63.6, 63.8, 63.8, 62.2, 57.7, 53.0, 51.3, 51.0, 53.7, 75.2, 96.9, 112.2, 117.6, 118.3, 118.5, 117.1, 111.5, 103.1, 95.2, 88.9, 84.8, 82.7, 80.8, 78.2, 77.1, 75.7, 75.9, 75.4, 75.2, 73.6, 71.7], ""pm2_5"": [20.8, 21.4, 24.3, 30.7, 31.4, 35.6, 37.4, 37.7, 36.8, 36.6, 36.1, 34.8, 32.9, 30.3, 28.2, 27.0, 26.6, 26.2, 25.1, 21.2, 19.3, 19.8, 17.5, 17.0, 19.3, 17.9, 19.3, 24.2, 25.9, 27.3, 27.9, 29.2, 30.3, 31.9, 31.4, 31.2, 29.0, 29.3, 26.3, 26.0, 21.4, 20.4, 20.4, 20.1, 19.3, 18.6, 18.3, 18.3, 18.6, 18.6, 20.3, 22.5, 28.3, 30.9, 33.5, 33.2, 32.0, 31.1, 30.9, 30.0, 28.6, 27.5, 25.1, 22.9, 22.7, 22.9, 23.5, 23.7, 23.1, 22.1, 21.5, 21.8, 22.7, 22.8, 24.0, 26.4, 32.2, 33.4, 34.8, 36.0, 35.9, 35.2, 34.6, 33.9, 33.1, 31.7, 30.2, 27.2, 25.8, 25.7, 25.8, 25.9, 25.4, 24.4, 23.3, 22.7, 22.4, 23.2, 27.3, 31.1, 34.6, 37.0, 39.1, 41.1, 42.5, 42.1, 39.8, 36.9, 34.3, 32.1, 30.6, 29.7, 27.9, 27.1, 26.5, 26.0, 25.2, 25.0, 24.6, 24.2], ""carbon_monoxide"": [121.0, 165.0, 225.0, 262.0, 256.0, 228.0, 205.0, 196.0, 192.0, 193.0, 203.0, 217.0, 226.0, 224.0, 215.0, 205.0, 193.0, 179.0, 165.0, 149.0, 133.0, 121.0, 112.0, 108.0, 120.0, 167.0, 231.0, 269.0, 257.0, 219.0, 191.0, 186.0, 191.0, 200.0, 215.0, 235.0, 247.0, 246.0, 238.0, 230.0, 225.0, 219.0, 208.0, 187.0, 162.0, 144.0, 132.0, 128.0, 142.0, 195.0, 267.0, 311.0, 297.0, 255.0, 222.0, 212.0, 213.0, 221.0, 241.0, 268.0, 292.0, 310.0, 325.0, 331.0, 324.0, 308.0, 286.0, 253.0, 213.0, 182.0, 160.0, 146.0, 154.0, 204.0, 275.0, 318.0, 304.0, 262.0, 231.0, 224.0, 227.0, 240.0, 263.0, 295.0, 331.0, 373.0, 419.0, 454.0, 482.0, 499.0, 481.0, 400.0, 284.0, 198.0, 163.0, 158.0, 184.0, 262.0, 371.0, 449.0, 465.0, 449.0, 429.0, 410.0, 388.0, 376.0, 384.0, 403.0, 418.0, 428.0, 433.0, 425.0, 391.0, 343.0, 308.0, 296.0, 297.0, 307.0, 332.0, 366.0], ""nitrogen_dioxide"": [4.6, 5.7, 7.1, 7.9, 7.3, 6.0, 4.9, 4.1, 3.4, 3.3, 3.9, 4.9, 6.2, 7.9, 9.9, 11.0, 10.7, 9.5, 8.4, 7.7, 7.1, 6.5, 5.6, 4.7, 4.5, 5.9, 8.0, 9.3, 8.9, 7.6, 6.4, 5.3, 4.3, 3.9, 4.4, 5.6, 7.1, 9.3, 11.9, 13.8, 14.5, 14.4, 13.7, 12.2, 10.2, 8.4, 6.9, 5.7, 5.3, 6.5, 8.6, 9.7, 8.7, 6.8, 5.2, 4.4, 4.0, 4.2, 5.1, 6.7, 8.8, 11.8, 15.3, 18.1, 19.8, 20.8, 20.7, 19.2, 16.7, 14.1, 11.2, 8.2, 6.5, 7.3, 9.5, 10.6, 9.5, 7.5, 5.8, 4.9, 4.4, 4.6, 5.6, 7.2, 9.6, 13.5, 18.1, 21.3, 21.8, 20.8, 19.6, 18.6, 17.4, 16.5, 15.9, 15.4, 15.4, 16.2, 17.3, 17.6, 16.4, 14.4, 12.4, 10.5, 8.7, 7.9, 8.4, 10.0, 12.3, 16.1, 20.8, 24.0, 24.9, 24.4, 23.2, 21.3, 18.7, 16.6, 15.4, 14.7], ""ozone"": [49.0, 49.0, 48.0, 52.0, 63.0, 77.0, 88.0, 92.0, 91.0, 88.0, 81.0, 71.0, 62.0, 55.0, 50.0, 46.0, 45.0, 46.0, 47.0, 47.0, 47.0, 47.0, 48.0, 49.0, 49.0, 48.0, 47.0, 47.0, 50.0, 55.0, 61.0, 68.0, 75.0, 79.0, 77.0, 71.0, 65.0, 59.0, 53.0, 48.0, 46.0, 46.0, 46.0, 47.0, 48.0, 49.0, 50.0, 51.0, 51.0, 50.0, 48.0, 50.0, 59.0, 72.0, 83.0, 91.0, 98.0, 99.0, 92.0, 80.0, 69.0, 60.0, 52.0, 46.0, 42.0, 41.0, 40.0, 41.0, 42.0, 45.0, 49.0, 53.0, 56.0, 56.0, 54.0, 57.0, 69.0, 85.0, 99.0, 110.0, 118.0, 121.0, 115.0, 102.0, 89.0, 75.0, 61.0, 50.0, 47.0, 47.0, 48.0, 48.0, 48.0, 47.0, 44.0, 40.0, 39.0, 41.0, 45.0, 52.0, 62.0, 75.0, 87.0, 101.0, 115.0, 121.0, 114.0, 98.0, 82.0, 67.0, 51.0, 39.0, 34.0, 33.0, 34.0, 35.0, 38.0, 40.0, 41.0, 41.0], ""sulphur_dioxide"": [4.7, 5.0, 5.5, 6.0, 6.5, 7.0, 7.1, 6.7, 5.9, 5.3, 5.1, 5.1, 5.1, 5.1, 5.0, 5.0, 5.0, 5.0, 5.0, 4.9, 4.7, 4.6, 4.5, 4.3, 4.3, 4.5, 4.7, 5.0, 5.2, 5.5, 5.6, 5.6, 5.4, 5.3, 5.2, 5.2, 5.2, 5.3, 5.5, 5.7, 5.9, 6.2, 6.2, 5.9, 5.3, 4.9, 4.6, 4.5, 4.5, 4.8, 5.2, 5.6, 5.8, 6.0, 6.1, 6.1, 6.0, 5.9, 5.8, 5.8, 5.8, 6.0, 6.3, 6.7, 7.3, 7.9, 8.2, 7.9, 7.3, 6.7, 6.2, 5.8, 5.6, 5.9, 6.4, 6.9, 7.2, 7.5, 7.6, 7.5, 7.3, 7.1, 7.0, 7.0, 7.1, 7.3, 7.6, 8.0, 8.5, 9.1, 9.5, 9.4, 9.0, 8.7, 8.3, 7.9, 8.0, 9.0, 10.6, 12.0, 13.2, 14.2, 14.9, 15.1, 14.9, 14.3, 13.2, 11.9, 10.7, 9.9, 9.3, 9.1, 9.5, 10.3, 10.9, 10.9, 10.6, 10.5, 10.7, 11.0], ""ammonia"": [null, null, null, null, null, null, null, null, null, null, null, null, null, null, null, null, null, null, null, null, null, null, null, null, null, null, null, null, null, null, null, null, null, null, null, null, null, null, null, null, null, null, null, null, null, null, null, null, null, null, null, null, null, null, null, null, null, null, null, null, null, null, null, null, null, null, null, null, null, null, null, null, null, null, null, null, null, null, null, null, null, null, null, null, null, null, null, null, null, null, null, null, null, null, null, null, null, null, null, null, null, null, null, null, null, null, null, null, null, null, null, null, null, null, null, null, null, null, null, null], ""us_aqi"": [82, 82, 82, 82, 82, 82, 83, 83, 83, 83, 84, 84, 84, 85, 85, 85, 86, 86, 87, 87, 87, 87, 87, 86, 86, 86, 86, 85, 85, 84, 84, 83, 82, 82, 81, 81, 81, 80, 80, 80, 80, 80, 79, 79, 79, 79, 79, 79, 79, 79, 79, 79, 79, 79, 79, 80, 80, 80, 80, 80, 80, 80, 80, 80, 79, 80, 80, 80, 80, 81, 81, 81, 81, 82, 82, 82, 83, 83, 83, 83, 83, 84, 84, 84, 85, 85, 85, 86, 86, 86, 87, 87, 87, 87, 87, 87, 88, 87, 88, 88, 88, 88, 89, 89, 89, 90, 90, 91, 91, 91, 91, 91, 91, 92, 92, 92, 92, 92, 92, 92]}}}"
2026-07-27T21:01:18.232610+00:00,Karachi,PK,24.8607,67.0011,,,,,,,,,,,,,,,,,aqicn,success,1.1393711999990046,"{""air_quality"": {""status"": ""error"", ""data"": ""Invalid key""}}"
2026-07-27T21:01:20.665751+00:00,Hyderabad,PK,25.396,68.3578,28.38,72.0,997.0,9.65,231.0,61.0,,3.0,20.02,85.93,75.69,0.0,1.01,1.88,41.64,0.42,openweather,success,3.571073399973102,"{""weather"": {""coord"": {""lon"": 68.3578, ""lat"": 25.396}, ""weather"": [{""id"": 803, ""main"": ""Clouds"", ""description"": ""broken clouds"", ""icon"": ""04n""}], ""base"": ""stations"", ""main"": {""temp"": 28.38, ""feels_like"": 31.73, ""temp_min"": 28.38, ""temp_max"": 28.38, ""pressure"": 997, ""humidity"": 72, ""sea_level"": 997, ""grnd_level"": 993}, ""visibility"": 10000, ""wind"": {""speed"": 9.65, ""deg"": 231, ""gust"": 13.05}, ""clouds"": {""all"": 61}, ""dt"": 1785186077, ""sys"": {""country"": ""PK"", ""sunrise"": 1785199876, ""sunset"": 1785248078}, ""timezone"": 18000, ""id"": 1176734, ""name"": ""Hyderābād"", ""cod"": 200}, ""air_quality"": {""coord"": {""lon"": 68.3578, ""lat"": 25.396}, ""list"": [{""main"": {""aqi"": 3}, ""components"": {""co"": 75.69, ""no"": 0, ""no2"": 1.01, ""o3"": 41.64, ""so2"": 1.88, ""pm2_5"": 20.02, ""pm10"": 85.93, ""nh3"": 0.42}, ""dt"": 1785186079}]}}"
2026-07-27T21:00,Hyderabad,PK,25.396,68.3578,27.9,81.0,997.3,17.2,225.0,11.0,0.0,87.0,17.7,33.2,122.0,,8.5,6.4,35.0,,openmeteo,success,5.227232499979436,"{""weather"": {""latitude"": 25.413004, ""longitude"": 68.353195, ""generationtime_ms"": 0.3833770751953125, ""utc_offset_seconds"": 0, ""timezone"": ""GMT"", ""timezone_abbreviation"": ""GMT"", ""elevation"": 29.0, ""current_units"": {""time"": ""iso8601"", ""interval"": ""seconds"", ""temperature_2m"": ""°C"", ""relative_humidity_2m"": ""%"", ""pressure_msl"": ""hPa"", ""wind_speed_10m"": ""km/h"", ""wind_direction_10m"": ""°"", ""cloud_cover"": ""%"", ""rain"": ""mm""}, ""current"": {""time"": ""2026-07-27T21:00"", ""interval"": 900, ""temperature_2m"": 27.9, ""relative_humidity_2m"": 81, ""pressure_msl"": 997.3, ""wind_speed_10m"": 17.2, ""wind_direction_10m"": 225, ""cloud_cover"": 11, ""rain"": 0.0}}, ""air_quality"": {""latitude"": 25.400002, ""longitude"": 68.40001, ""generationtime_ms"": 0.3142356872558594, ""utc_offset_seconds"": 0, ""timezone"": ""GMT"", ""timezone_abbreviation"": ""GMT"", ""elevation"": 29.0, ""hourly_units"": {""time"": ""iso8601"", ""pm10"": ""μg/m³"", ""pm2_5"": ""μg/m³"", ""carbon_monoxide"": ""μg/m³"", ""nitrogen_dioxide"": ""μg/m³"", ""ozone"": ""μg/m³"", ""sulphur_dioxide"": ""μg/m³"", ""ammonia"": ""μg/m³"", ""us_aqi"": ""USAQI""}, ""hourly"": {""time"": [""2026-07-27T00:00"", ""2026-07-27T01:00"", ""2026-07-27T02:00"", ""2026-07-27T03:00"", ""2026-07-27T04:00"", ""2026-07-27T05:00"", ""2026-07-27T06:00"", ""2026-07-27T07:00"", ""2026-07-27T08:00"", ""2026-07-27T09:00"", ""2026-07-27T10:00"", ""2026-07-27T11:00"", ""2026-07-27T12:00"", ""2026-07-27T13:00"", ""2026-07-27T14:00"", ""2026-07-27T15:00"", ""2026-07-27T16:00"", ""2026-07-27T17:00"", ""2026-07-27T18:00"", ""2026-07-27T19:00"", ""2026-07-27T20:00"", ""2026-07-27T21:00"", ""2026-07-27T22:00"", ""2026-07-27T23:00"", ""2026-07-28T00:00"", ""2026-07-28T01:00"", ""2026-07-28T02:00"", ""2026-07-28T03:00"", ""2026-07-28T04:00"", ""2026-07-28T05:00"", ""2026-07-28T06:00"", ""2026-07-28T07:00"", ""2026-07-28T08:00"", ""2026-07-28T09:00"", ""2026-07-28T10:00"", ""2026-07-28T11:00"", ""2026-07-28T12:00"", ""2026-07-28T13:00"", ""2026-07-28T14:00"", ""2026-07-28T15:00"", ""2026-07-28T16:00"", ""2026-07-28T17:00"", ""2026-07-28T18:00"", ""2026-07-28T19:00"", ""2026-07-28T20:00"", ""2026-07-28T21:00"", ""2026-07-28T22:00"", ""2026-07-28T23:00"", ""2026-07-29T00:00"", ""2026-07-29T01:00"", ""2026-07-29T02:00"", ""2026-07-29T03:00"", ""2026-07-29T04:00"", ""2026-07-29T05:00"", ""2026-07-29T06:00"", ""2026-07-29T07:00"", ""2026-07-29T08:00"", ""2026-07-29T09:00"", ""2026-07-29T10:00"", ""2026-07-29T11:00"", ""2026-07-29T12:00"", ""2026-07-29T13:00"", ""2026-07-29T14:00"", ""2026-07-29T15:00"", ""2026-07-29T16:00"", ""2026-07-29T17:00"", ""2026-07-29T18:00"", ""2026-07-29T19:00"", ""2026-07-29T20:00"", ""2026-07-29T21:00"", ""2026-07-29T22:00"", ""2026-07-29T23:00"", ""2026-07-30T00:00"", ""2026-07-30T01:00"", ""2026-07-30T02:00"", ""2026-07-30T03:00"", ""2026-07-30T04:00"", ""2026-07-30T05:00"", ""2026-07-30T06:00"", ""2026-07-30T07:00"", ""2026-07-30T08:00"", ""2026-07-30T09:00"", ""2026-07-30T10:00"", ""2026-07-30T11:00"", ""2026-07-30T12:00"", ""2026-07-30T13:00"", ""2026-07-30T14:00"", ""2026-07-30T15:00"", ""2026-07-30T16:00"", ""2026-07-30T17:00"", ""2026-07-30T18:00"", ""2026-07-30T19:00"", ""2026-07-30T20:00"", ""2026-07-30T21:00"", ""2026-07-30T22:00"", ""2026-07-30T23:00"", ""2026-07-31T00:00"", ""2026-07-31T01:00"", ""2026-07-31T02:00"", ""2026-07-31T03:00"", ""2026-07-31T04:00"", ""2026-07-31T05:00"", ""2026-07-31T06:00"", ""2026-07-31T07:00"", ""2026-07-31T08:00"", ""2026-07-31T09:00"", ""2026-07-31T10:00"", ""2026-07-31T11:00"", ""2026-07-31T12:00"", ""2026-07-31T13:00"", ""2026-07-31T14:00"", ""2026-07-31T15:00"", ""2026-07-31T16:00"", ""2026-07-31T17:00"", ""2026-07-31T18:00"", ""2026-07-31T19:00"", ""2026-07-31T20:00"", ""2026-07-31T21:00"", ""2026-07-31T22:00"", ""2026-07-31T23:00""], ""pm10"": [33.2, 37.0, 39.3, 44.0, 51.7, 61.9, 76.4, 88.0, 98.3, 105.9, 108.3, 105.0, 97.3, 88.0, 79.2, 76.4, 73.1, 69.2, 64.3, 59.0, 57.7, 57.2, 53.0, 48.8, 43.2, 39.0, 39.2, 51.1, 65.9, 70.8, 77.5, 84.3, 89.6, 92.2, 91.7, 90.3, 88.9, 86.8, 80.1, 75.4, 68.9, 62.6, 55.1, 45.1, 38.5, 36.7, 38.4, 40.5, 40.6, 39.8, 43.8, 58.9, 68.0, 89.4, 106.2, 127.1, 146.2, 155.1, 157.4, 149.5, 134.1, 113.2, 88.7, 74.0, 65.7, 60.8, 55.5, 50.2, 45.6, 44.7, 46.3, 49.8, 51.2, 53.7, 80.6, 69.6, 77.3, 79.6, 85.7, 95.2, 105.5, 116.9, 125.7, 128.5, 128.1, 118.5, 96.6, 77.8, 68.2, 61.7, 59.1, 56.2, 54.0, 52.4, 49.6, 48.9, 47.3, 46.0, 50.3, 61.9, 78.9, 95.7, 109.0, 114.8, 115.7, 112.7, 108.0, 104.3, 102.2, 100.6, 89.6, 77.5, 75.9, 68.2, 62.6, 58.7, 56.9, 54.2, 51.9, 50.6], ""pm2_5"": [17.7, 18.0, 18.3, 19.4, 21.4, 24.4, 28.9, 33.3, 37.1, 39.8, 41.6, 41.7, 40.7, 39.0, 36.9, 35.0, 32.8, 30.5, 28.0, 25.7, 23.5, 22.0, 19.6, 18.0, 16.3, 15.3, 15.8, 19.4, 23.8, 26.4, 29.5, 32.4, 34.5, 35.6, 35.9, 35.6, 35.3, 34.9, 33.5, 31.5, 29.3, 27.2, 24.4, 20.6, 17.8, 16.9, 17.2, 17.6, 17.6, 17.3, 18.2, 22.8, 24.3, 29.5, 34.3, 40.2, 45.5, 48.9, 50.5, 50.1, 47.6, 43.4, 37.7, 32.8, 29.7, 27.8, 25.2, 22.6, 20.2, 19.4, 19.6, 20.2, 20.5, 21.4, 28.2, 24.2, 27.1, 29.0, 32.1, 35.9, 39.6, 43.0, 45.4, 46.6, 47.0, 45.9, 42.7, 38.4, 34.2, 31.4, 29.7, 27.6, 25.7, 24.2, 22.1, 21.1, 20.4, 20.1, 21.1, 23.6, 27.6, 31.8, 35.4, 37.1, 37.6, 36.9, 35.6, 34.7, 34.1, 33.9, 34.1, 34.6, 33.6, 31.9, 30.2, 28.6, 27.4, 25.8, 24.7, 23.9], ""carbon_monoxide"": [122.0, 170.0, 236.0, 277.0, 267.0, 232.0, 206.0, 202.0, 207.0, 217.0, 237.0, 262.0, 276.0, 270.0, 252.0, 233.0, 215.0, 196.0, 181.0, 173.0, 169.0, 165.0, 157.0, 150.0, 153.0, 177.0, 210.0, 234.0, 238.0, 231.0, 222.0, 212.0, 201.0, 193.0, 192.0, 195.0, 197.0, 197.0, 197.0, 195.0, 191.0, 184.0, 174.0, 155.0, 133.0, 119.0, 116.0, 121.0, 140.0, 187.0, 248.0, 288.0, 286.0, 263.0, 244.0, 237.0, 234.0, 241.0, 268.0, 304.0, 323.0, 308.0, 277.0, 256.0, 263.0, 280.0, 287.0, 271.0, 245.0, 225.0, 215.0, 210.0, 219.0, 252.0, 298.0, 328.0, 326.0, 307.0, 292.0, 286.0, 284.0, 289.0, 308.0, 334.0, 354.0, 363.0, 366.0, 363.0, 356.0, 344.0, 321.0, 279.0, 227.0, 188.0, 168.0, 160.0, 174.0, 227.0, 301.0, 349.0, 346.0, 317.0, 288.0, 266.0, 244.0, 232.0, 231.0, 240.0, 264.0, 315.0, 380.0, 427.0, 446.0, 446.0, 420.0, 349.0, 253.0, 182.0, 162.0, 169.0], ""nitrogen_dioxide"": [8.5, 8.1, 7.4, 6.6, 5.4, 4.0, 2.8, 2.1, 1.7, 1.5, 1.5, 1.8, 2.4, 3.5, 4.9, 6.1, 6.9, 7.5, 7.7, 7.3, 6.6, 5.9, 5.5, 5.2, 4.9, 4.6, 4.2, 3.8, 3.1, 2.4, 1.8, 1.5, 1.4, 1.4, 1.5, 1.8, 2.3, 3.2, 4.4, 5.4, 6.1, 6.6, 6.9, 6.8, 6.5, 6.2, 6.0, 5.8, 5.6, 5.3, 5.1, 4.6, 3.8, 2.9, 2.2, 1.8, 1.7, 1.7, 1.9, 2.2, 2.8, 3.8, 4.9, 6.1, 7.2, 8.3, 9.0, 9.1, 8.8, 8.4, 8.2, 7.9, 7.5, 6.9, 6.2, 5.4, 4.4, 3.2, 2.3, 1.8, 1.6, 1.6, 1.7, 2.0, 2.6, 3.9, 5.5, 6.9, 7.8, 8.5, 9.1, 9.8, 10.4, 10.7, 10.5, 9.9, 9.3, 8.7, 7.9, 7.0, 5.8, 4.4, 3.3, 2.6, 2.1, 1.8, 1.5, 1.5, 2.5, 5.5, 9.6, 12.1, 11.5, 9.4, 8.0, 8.2, 9.1, 10.2, 11.4, 12.7], ""ozone"": [35.0, 36.0, 37.0, 42.0, 51.0, 63.0, 76.0, 89.0, 103.0, 113.0, 119.0, 122.0, 118.0, 104.0, 85.0, 68.0, 58.0, 50.0, 45.0, 43.0, 43.0, 44.0, 44.0, 44.0, 44.0, 44.0, 45.0, 49.0, 58.0, 69.0, 80.0, 90.0, 99.0, 104.0, 105.0, 102.0, 96.0, 87.0, 75.0, 65.0, 58.0, 52.0, 48.0, 46.0, 47.0, 47.0, 46.0, 46.0, 46.0, 47.0, 48.0, 53.0, 63.0, 75.0, 88.0, 100.0, 112.0, 121.0, 127.0, 131.0, 129.0, 118.0, 101.0, 85.0, 72.0, 59.0, 50.0, 46.0, 46.0, 46.0, 45.0, 45.0, 46.0, 47.0, 50.0, 56.0, 68.0, 84.0, 98.0, 110.0, 121.0, 129.0, 133.0, 135.0, 133.0, 127.0, 118.0, 107.0, 93.0, 76.0, 63.0, 54.0, 48.0, 44.0, 42.0, 41.0, 42.0, 43.0, 46.0, 52.0, 64.0, 79.0, 92.0, 100.0, 106.0, 109.0, 111.0, 110.0, 106.0, 95.0, 80.0, 68.0, 62.0, 58.0, 54.0, 49.0, 44.0, 40.0, 36.0, 32.0], ""sulphur_dioxide"": [6.4, 6.3, 6.3, 6.3, 6.5, 6.9, 7.2, 7.4, 7.6, 7.8, 7.9, 7.9, 8.0, 8.1, 8.3, 8.3, 8.2, 8.0, 7.8, 7.5, 7.2, 6.9, 6.4, 6.0, 5.6, 5.5, 5.5, 5.6, 5.8, 6.1, 6.3, 6.4, 6.4, 6.4, 6.4, 6.4, 6.5, 6.8, 7.1, 7.3, 7.3, 7.2, 7.1, 7.0, 6.8, 6.6, 6.4, 6.2, 6.1, 6.0, 5.9, 6.0, 6.2, 6.5, 6.9, 7.3, 7.8, 8.2, 8.4, 8.6, 8.7, 8.8, 8.9, 8.9, 8.8, 8.7, 8.5, 8.4, 8.2, 8.1, 8.0, 7.8, 7.7, 7.6, 7.4, 7.4, 7.5, 7.7, 8.0, 8.3, 8.7, 9.0, 9.0, 8.9, 8.9, 9.0, 9.1, 9.3, 9.5, 9.8, 9.9, 9.7, 9.4, 9.1, 8.8, 8.4, 8.2, 8.3, 8.5, 8.8, 9.3, 9.8, 9.8, 8.8, 7.3, 6.1, 5.5, 5.3, 5.2, 5.1, 5.2, 5.8, 7.3, 9.2, 10.6, 11.0, 10.8, 10.6, 10.6, 10.7], ""ammonia"": [null, null, null, null, null, null, null, null, null, null, null, null, null, null, null, null, null, null, null, null, null, null, null, null, null, null, null, null, null, null, null, null, null, null, null, null, null, null, null, null, null, null, null, null, null, null, null, null, null, null, null, null, null, null, null, null, null, null, null, null, null, null, null, null, null, null, null, null, null, null, null, null, null, null, null, null, null, null, null, null, null, null, null, null, null, null, null, null, null, null, null, null, null, null, null, null, null, null, null, null, null, null, null, null, null, null, null, null, null, null, null, null, null, null, null, null, null, null, null, null], ""us_aqi"": [87, 87, 87, 87, 87, 87, 86, 86, 86, 86, 86, 86, 87, 87, 87, 87, 87, 86, 86, 87, 87, 87, 88, 88, 88, 87, 87, 87, 87, 87, 87, 87, 87, 87, 87, 86, 86, 85, 85, 85, 85, 84, 84, 84, 83, 83, 83, 82, 82, 82, 83, 83, 83, 83, 83, 84, 84, 85, 86, 87, 88, 89, 90, 90, 91, 91, 91, 91, 91, 91, 91, 91, 92, 92, 92, 93, 93, 93, 93, 93, 93, 92, 92, 91, 91, 91, 91, 92, 92, 92, 93, 93, 93, 94, 94, 95, 95, 95, 94, 94, 94, 94, 94, 94, 94, 94, 94, 93, 92, 91, 90, 89, 89, 89, 89, 89, 89, 89, 90, 90]}}}"
2026-07-27T21:01:19.047643+00:00,Hyderabad,PK,25.396,68.3578,,,,,,,,,,,,,,,,,aqicn,success,1.9507709000026807,"{""air_quality"": {""status"": ""error"", ""data"": ""Invalid key""}}"
2026-07-27T21:01:39.134278+00:00,Sukkur,PK,27.7052,68.8484,34.87,48.0,994.0,6.86,189.0,11.0,,4.0,27.94,115.26,106.38,0.0,1.83,1.58,42.9,4.99,openweather,success,22.036483200034127,"{""weather"": {""coord"": {""lon"": 68.8484, ""lat"": 27.7052}, ""weather"": [{""id"": 801, ""main"": ""Clouds"", ""description"": ""few clouds"", ""icon"": ""02n""}], ""base"": ""stations"", ""main"": {""temp"": 34.87, ""feels_like"": 39.62, ""temp_min"": 34.87, ""temp_max"": 34.87, ""pressure"": 994, ""humidity"": 48, ""sea_level"": 994, ""grnd_level"": 987}, ""visibility"": 10000, ""wind"": {""speed"": 6.86, ""deg"": 189, ""gust"": 9.79}, ""clouds"": {""all"": 11}, ""dt"": 1785186098, ""sys"": {""country"": ""PK"", ""sunrise"": 1785199510, ""sunset"": 1785248208}, ""timezone"": 18000, ""id"": 1164408, ""name"": ""Sukkur"", ""cod"": 200}, ""air_quality"": {""coord"": {""lon"": 68.8484, ""lat"": 27.7052}, ""list"": [{""main"": {""aqi"": 4}, ""components"": {""co"": 106.38, ""no"": 0, ""no2"": 1.83, ""o3"": 42.9, ""so2"": 1.58, ""pm2_5"": 27.94, ""pm10"": 115.26, ""nh3"": 4.99}, ""dt"": 1785186098}]}}"
2026-07-27T21:00,Sukkur,PK,27.7052,68.8484,32.7,58.0,994.8,13.1,198.0,48.0,0.0,89.0,27.7,29.6,945.0,,18.3,4.7,38.0,,openmeteo,success,5.104821899905801,"{""weather"": {""latitude"": 27.732864, ""longitude"": 68.865166, ""generationtime_ms"": 1.7000436782836914, ""utc_offset_seconds"": 0, ""timezone"": ""GMT"", ""timezone_abbreviation"": ""GMT"", ""elevation"": 61.0, ""current_units"": {""time"": ""iso8601"", ""interval"": ""seconds"", ""temperature_2m"": ""°C"", ""relative_humidity_2m"": ""%"", ""pressure_msl"": ""hPa"", ""wind_speed_10m"": ""km/h"", ""wind_direction_10m"": ""°"", ""cloud_cover"": ""%"", ""rain"": ""mm""}, ""current"": {""time"": ""2026-07-27T21:00"", ""interval"": 900, ""temperature_2m"": 32.7, ""relative_humidity_2m"": 58, ""pressure_msl"": 994.8, ""wind_speed_10m"": 13.1, ""wind_direction_10m"": 198, ""cloud_cover"": 48, ""rain"": 0.0}}, ""air_quality"": {""latitude"": 27.700005, ""longitude"": 68.8, ""generationtime_ms"": 0.31363964080810547, ""utc_offset_seconds"": 0, ""timezone"": ""GMT"", ""timezone_abbreviation"": ""GMT"", ""elevation"": 61.0, ""hourly_units"": {""time"": ""iso8601"", ""pm10"": ""μg/m³"", ""pm2_5"": ""μg/m³"", ""carbon_monoxide"": ""μg/m³"", ""nitrogen_dioxide"": ""μg/m³"", ""ozone"": ""μg/m³"", ""sulphur_dioxide"": ""μg/m³"", ""ammonia"": ""μg/m³"", ""us_aqi"": ""USAQI""}, ""hourly"": {""time"": [""2026-07-27T00:00"", ""2026-07-27T01:00"", ""2026-07-27T02:00"", ""2026-07-27T03:00"", ""2026-07-27T04:00"", ""2026-07-27T05:00"", ""2026-07-27T06:00"", ""2026-07-27T07:00"", ""2026-07-27T08:00"", ""2026-07-27T09:00"", ""2026-07-27T10:00"", ""2026-07-27T11:00"", ""2026-07-27T12:00"", ""2026-07-27T13:00"", ""2026-07-27T14:00"", ""2026-07-27T15:00"", ""2026-07-27T16:00"", ""2026-07-27T17:00"", ""2026-07-27T18:00"", ""2026-07-27T19:00"", ""2026-07-27T20:00"", ""2026-07-27T21:00"", ""2026-07-27T22:00"", ""2026-07-27T23:00"", ""2026-07-28T00:00"", ""2026-07-28T01:00"", ""2026-07-28T02:00"", ""2026-07-28T03:00"", ""2026-07-28T04:00"", ""2026-07-28T05:00"", ""2026-07-28T06:00"", ""2026-07-28T07:00"", ""2026-07-28T08:00"", ""2026-07-28T09:00"", ""2026-07-28T10:00"", ""2026-07-28T11:00"", ""2026-07-28T12:00"", ""2026-07-28T13:00"", ""2026-07-28T14:00"", ""2026-07-28T15:00"", ""2026-07-28T16:00"", ""2026-07-28T17:00"", ""2026-07-28T18:00"", ""2026-07-28T19:00"", ""2026-07-28T20:00"", ""2026-07-28T21:00"", ""2026-07-28T22:00"", ""2026-07-28T23:00"", ""2026-07-29T00:00"", ""2026-07-29T01:00"", ""2026-07-29T02:00"", ""2026-07-29T03:00"", ""2026-07-29T04:00"", ""2026-07-29T05:00"", ""2026-07-29T06:00"", ""2026-07-29T07:00"", ""2026-07-29T08:00"", ""2026-07-29T09:00"", ""2026-07-29T10:00"", ""2026-07-29T11:00"", ""2026-07-29T12:00"", ""2026-07-29T13:00"", ""2026-07-29T14:00"", ""2026-07-29T15:00"", ""2026-07-29T16:00"", ""2026-07-29T17:00"", ""2026-07-29T18:00"", ""2026-07-29T19:00"", ""2026-07-29T20:00"", ""2026-07-29T21:00"", ""2026-07-29T22:00"", ""2026-07-29T23:00"", ""2026-07-30T00:00"", ""2026-07-30T01:00"", ""2026-07-30T02:00"", ""2026-07-30T03:00"", ""2026-07-30T04:00"", ""2026-07-30T05:00"", ""2026-07-30T06:00"", ""2026-07-30T07:00"", ""2026-07-30T08:00"", ""2026-07-30T09:00"", ""2026-07-30T10:00"", ""2026-07-30T11:00"", ""2026-07-30T12:00"", ""2026-07-30T13:00"", ""2026-07-30T14:00"", ""2026-07-30T15:00"", ""2026-07-30T16:00"", ""2026-07-30T17:00"", ""2026-07-30T18:00"", ""2026-07-30T19:00"", ""2026-07-30T20:00"", ""2026-07-30T21:00"", ""2026-07-30T22:00"", ""2026-07-30T23:00"", ""2026-07-31T00:00"", ""2026-07-31T01:00"", ""2026-07-31T02:00"", ""2026-07-31T03:00"", ""2026-07-31T04:00"", ""2026-07-31T05:00"", ""2026-07-31T06:00"", ""2026-07-31T07:00"", ""2026-07-31T08:00"", ""2026-07-31T09:00"", ""2026-07-31T10:00"", ""2026-07-31T11:00"", ""2026-07-31T12:00"", ""2026-07-31T13:00"", ""2026-07-31T14:00"", ""2026-07-31T15:00"", ""2026-07-31T16:00"", ""2026-07-31T17:00"", ""2026-07-31T18:00"", ""2026-07-31T19:00"", ""2026-07-31T20:00"", ""2026-07-31T21:00"", ""2026-07-31T22:00"", ""2026-07-31T23:00""], ""pm10"": [29.6, 27.2, 25.1, 17.5, 15.8, 21.0, 28.9, 36.7, 44.9, 50.6, 57.4, 63.1, 65.7, 68.7, 66.6, 68.7, 72.6, 76.8, 99.9, 154.1, 206.3, 218.9, 209.5, 192.3, 165.3, 135.5, 105.5, 82.4, 78.7, 95.2, 111.5, 118.0, 124.3, 131.3, 141.6, 149.5, 157.4, 157.9, 135.5, 108.5, 88.2, 81.5, 105.7, 154.1, 177.0, 169.5, 144.4, 115.9, 85.2, 65.7, 54.0, 53.4, 61.0, 72.9, 89.6, 107.8, 122.5, 122.5, 114.3, 104.8, 95.7, 85.7, 73.1, 64.3, 58.9, 54.4, 52.5, 52.5, 52.6, 52.7, 53.8, 56.8, 62.4, 69.6, 79.6, 92.7, 107.6, 131.8, 157.4, 156.9, 156.5, 157.9, 161.1, 160.7, 155.5, 144.4, 118.3, 90.6, 73.8, 63.8, 61.0, 61.5, 62.9, 64.7, 65.4, 62.9, 59.6, 55.8, 54.7, 55.6, 66.4, 101.0, 135.0, 152.3, 157.4, 158.3, 158.3, 155.5, 156.9, 165.3, 166.2, 141.1, 151.3, 113.9, 95.5, 85.0, 88.7, 88.5, 80.6, 77.3], ""pm2_5"": [27.7, 26.1, 24.4, 16.6, 14.1, 15.0, 17.7, 20.3, 22.3, 23.7, 25.4, 27.3, 28.9, 31.1, 34.0, 37.1, 38.1, 38.6, 43.2, 55.6, 70.8, 79.4, 80.6, 76.1, 67.8, 57.2, 45.3, 34.9, 30.3, 31.4, 34.0, 35.3, 36.7, 38.6, 41.3, 43.9, 46.6, 48.4, 48.4, 46.2, 42.1, 39.8, 45.1, 57.2, 65.7, 65.7, 59.0, 49.7, 40.5, 32.8, 27.6, 25.7, 26.4, 28.7, 31.9, 35.3, 38.4, 39.3, 38.5, 37.1, 35.5, 34.0, 32.9, 32.4, 31.2, 30.2, 29.5, 28.8, 28.6, 28.6, 28.9, 30.0, 32.1, 34.9, 38.1, 40.5, 42.6, 46.6, 50.8, 49.9, 49.0, 48.8, 49.0, 49.0, 48.4, 47.1, 45.1, 41.8, 37.8, 34.6, 32.8, 31.9, 31.4, 31.2, 31.0, 30.5, 29.9, 29.5, 29.8, 30.7, 33.5, 37.7, 41.9, 44.7, 45.6, 45.6, 45.5, 44.8, 45.4, 48.3, 52.2, 55.3, 57.6, 52.0, 47.8, 44.7, 41.6, 37.3, 35.4, 34.8], ""carbon_monoxide"": [945.0, 802.0, 646.0, 518.0, 432.0, 373.0, 332.0, 315.0, 316.0, 314.0, 292.0, 266.0, 261.0, 305.0, 370.0, 401.0, 364.0, 293.0, 230.0, 189.0, 156.0, 132.0, 120.0, 117.0, 121.0, 135.0, 156.0, 170.0, 171.0, 166.0, 160.0, 153.0, 145.0, 141.0, 140.0, 143.0, 153.0, 179.0, 213.0, 234.0, 232.0, 217.0, 203.0, 193.0, 183.0, 176.0, 172.0, 171.0, 172.0, 177.0, 184.0, 188.0, 186.0, 181.0, 174.0, 165.0, 155.0, 148.0, 143.0, 140.0, 145.0, 165.0, 193.0, 209.0, 203.0, 185.0, 168.0, 153.0, 139.0, 129.0, 122.0, 118.0, 127.0, 159.0, 204.0, 234.0, 237.0, 225.0, 212.0, 199.0, 184.0, 174.0, 161.0, 152.0, 180.0, 293.0, 443.0, 516.0, 436.0, 280.0, 161.0, 129.0, 134.0, 141.0, 136.0, 133.0, 137.0, 156.0, 181.0, 196.0, 189.0, 171.0, 156.0, 149.0, 146.0, 146.0, 148.0, 154.0, 162.0, 177.0, 195.0, 205.0, 199.0, 185.0, 176.0, 181.0, 192.0, 198.0, 194.0, 185.0], ""nitrogen_dioxide"": [18.3, 15.0, 10.5, 6.7, 4.4, 2.9, 1.8, 1.2, 1.2, 1.2, 1.1, 1.2, 1.7, 3.4, 5.5, 6.8, 6.2, 4.8, 3.8, 3.9, 4.4, 4.9, 5.4, 5.9, 6.2, 6.1, 5.7, 5.1, 4.0, 2.6, 1.6, 1.1, 0.9, 0.9, 0.9, 1.0, 1.5, 2.7, 4.2, 5.2, 5.0, 4.3, 3.8, 4.0, 4.4, 4.9, 5.6, 6.3, 6.8, 6.9, 6.6, 6.0, 4.8, 3.2, 1.9, 1.3, 1.1, 1.0, 0.9, 1.0, 1.4, 2.4, 3.6, 4.4, 4.3, 3.7, 3.3, 3.4, 3.7, 4.0, 4.3, 4.7, 5.1, 5.7, 6.3, 6.3, 5.1, 3.3, 1.9, 1.3, 1.1, 1.0, 0.9, 1.0, 1.4, 2.5, 3.8, 4.6, 4.2, 3.1, 2.4, 2.3, 2.5, 2.7, 2.8, 3.0, 3.2, 3.5, 3.9, 3.9, 3.2, 2.1, 1.3, 0.9, 0.8, 0.8, 0.8, 0.9, 1.4, 2.6, 4.1, 5.3, 5.9, 6.1, 5.9, 5.1, 4.0, 3.2, 3.2, 3.5], ""ozone"": [38.0, 53.0, 74.0, 93.0, 109.0, 124.0, 135.0, 139.0, 139.0, 137.0, 135.0, 131.0, 125.0, 114.0, 100.0, 90.0, 88.0, 89.0, 86.0, 74.0, 58.0, 46.0, 40.0, 37.0, 36.0, 36.0, 38.0, 44.0, 57.0, 75.0, 88.0, 94.0, 96.0, 97.0, 98.0, 98.0, 97.0, 96.0, 93.0, 92.0, 93.0, 94.0, 92.0, 86.0, 77.0, 68.0, 60.0, 53.0, 48.0, 44.0, 43.0, 47.0, 61.0, 81.0, 96.0, 102.0, 104.0, 103.0, 101.0, 96.0, 91.0, 86.0, 80.0, 76.0, 75.0, 74.0, 73.0, 69.0, 64.0, 59.0, 55.0, 52.0, 50.0, 50.0, 51.0, 58.0, 75.0, 98.0, 114.0, 119.0, 118.0, 115.0, 113.0, 110.0, 105.0, 97.0, 88.0, 80.0, 76.0, 74.0, 71.0, 67.0, 62.0, 58.0, 54.0, 51.0, 50.0, 50.0, 51.0, 56.0, 69.0, 87.0, 99.0, 100.0, 95.0, 91.0, 89.0, 87.0, 85.0, 83.0, 81.0, 78.0, 71.0, 63.0, 57.0, 56.0, 56.0, 57.0, 56.0, 56.0], ""sulphur_dioxide"": [4.7, 4.8, 5.0, 5.3, 5.9, 6.7, 7.1, 6.8, 6.2, 5.6, 5.2, 4.8, 4.6, 4.6, 4.7, 4.9, 5.5, 6.2, 6.5, 5.9, 4.8, 4.0, 3.8, 4.0, 4.2, 4.5, 4.9, 5.2, 5.2, 5.0, 4.8, 4.6, 4.3, 4.1, 4.0, 4.0, 4.1, 4.5, 5.0, 5.4, 5.6, 5.8, 6.0, 6.4, 6.8, 7.3, 7.8, 8.3, 8.6, 8.8, 8.8, 8.6, 7.9, 6.9, 6.0, 5.3, 4.6, 4.1, 3.7, 3.4, 3.2, 3.2, 3.3, 3.3, 3.2, 3.1, 3.0, 2.8, 2.5, 2.4, 2.6, 3.0, 3.7, 5.1, 6.9, 8.1, 8.4, 8.2, 7.8, 7.1, 6.2, 5.5, 5.1, 4.8, 4.6, 4.5, 4.4, 4.2, 3.8, 3.4, 3.0, 2.8, 2.8, 2.7, 2.6, 2.5, 2.5, 2.8, 3.3, 3.7, 3.9, 4.0, 3.9, 3.5, 2.9, 2.5, 2.3, 2.2, 2.4, 3.0, 3.9, 4.3, 4.0, 3.3, 2.7, 2.4, 2.1, 1.9, 1.8, 1.7], ""ammonia"": [null, null, null, null, null, null, null, null, null, null, null, null, null, null, null, null, null, null, null, null, null, null, null, null, null, null, null, null, null, null, null, null, null, null, null, null, null, null, null, null, null, null, null, null, null, null, null, null, null, null, null, null, null, null, null, null, null, null, null, null, null, null, null, null, null, null, null, null, null, null, null, null, null, null, null, null, null, null, null, null, null, null, null, null, null, null, null, null, null, null, null, null, null, null, null, null, null, null, null, null, null, null, null, null, null, null, null, null, null, null, null, null, null, null, null, null, null, null, null, null], ""us_aqi"": [89, 89, 88, 88, 86, 84, 82, 81, 81, 81, 81, 82, 90, 93, 91, 86, 87, 87, 87, 87, 88, 90, 94, 98, 102, 106, 110, 112, 114, 115, 117, 119, 120, 122, 124, 125, 127, 129, 131, 132, 133, 133, 134, 134, 134, 133, 132, 130, 127, 124, 122, 120, 119, 118, 118, 118, 118, 118, 118, 118, 117, 116, 114, 113, 111, 110, 109, 108, 105, 101, 98, 95, 94, 93, 93, 94, 95, 97, 98, 99, 101, 102, 103, 104, 105, 107, 108, 109, 110, 111, 111, 112, 112, 112, 113, 113, 113, 113, 112, 111, 110, 109, 108, 107, 107, 106, 106, 106, 105, 105, 105, 106, 107, 109, 111, 113, 114, 115, 116, 116]}}}"
2026-07-27T21:01:18.392118+00:00,Sukkur,PK,27.7052,68.8484,,,,,,,,,,,,,,,,,aqicn,success,1.292011999990791,"{""air_quality"": {""status"": ""error"", ""data"": ""Invalid key""}}"
2026-07-27T21:01:37.866914+00:00,Khairpur Mir's,PK,27.5295,68.7592,33.62,52.0,994.0,6.94,182.0,19.0,,4.0,28.57,123.67,93.55,0.0,1.41,1.63,42.36,3.74,openweather,success,20.765759899979457,"{""weather"": {""coord"": {""lon"": 68.7592, ""lat"": 27.5295}, ""weather"": [{""id"": 801, ""main"": ""Clouds"", ""description"": ""few clouds"", ""icon"": ""02n""}], ""base"": ""stations"", ""main"": {""temp"": 33.62, ""feels_like"": 38.22, ""temp_min"": 33.62, ""temp_max"": 33.62, ""pressure"": 994, ""humidity"": 52, ""sea_level"": 994, ""grnd_level"": 988}, ""visibility"": 10000, ""wind"": {""speed"": 6.94, ""deg"": 182, ""gust"": 10.65}, ""clouds"": {""all"": 19}, ""dt"": 1785186077, ""sys"": {""country"": ""PK"", ""sunrise"": 1785199551, ""sunset"": 1785248211}, ""timezone"": 18000, ""id"": 1162004, ""name"": ""Khairpur"", ""cod"": 200}, ""air_quality"": {""coord"": {""lon"": 68.7592, ""lat"": 27.5295}, ""list"": [{""main"": {""aqi"": 4}, ""components"": {""co"": 93.55, ""no"": 0, ""no2"": 1.41, ""o3"": 42.36, ""so2"": 1.63, ""pm2_5"": 28.57, ""pm10"": 123.67, ""nh3"": 3.74}, ""dt"": 1785186096}]}}"
2026-07-27T21:00,Khairpur Mir's,PK,27.5295,68.7592,32.3,58.0,994.8,12.5,184.0,58.0,0.0,89.0,27.7,29.6,560.0,,18.3,4.7,38.0,,openmeteo,success,3.4740426999051124,"{""weather"": {""latitude"": 27.521967, ""longitude"": 68.734604, ""generationtime_ms"": 0.15091896057128906, ""utc_offset_seconds"": 0, ""timezone"": ""GMT"", ""timezone_abbreviation"": ""GMT"", ""elevation"": 60.0, ""current_units"": {""time"": ""iso8601"", ""interval"": ""seconds"", ""temperature_2m"": ""°C"", ""relative_humidity_2m"": ""%"", ""pressure_msl"": ""hPa"", ""wind_speed_10m"": ""km/h"", ""wind_direction_10m"": ""°"", ""cloud_cover"": ""%"", ""rain"": ""mm""}, ""current"": {""time"": ""2026-07-27T21:00"", ""interval"": 900, ""temperature_2m"": 32.3, ""relative_humidity_2m"": 58, ""pressure_msl"": 994.8, ""wind_speed_10m"": 12.5, ""wind_direction_10m"": 184, ""cloud_cover"": 58, ""rain"": 0.0}}, ""air_quality"": {""latitude"": 27.5, ""longitude"": 68.8, ""generationtime_ms"": 0.592350959777832, ""utc_offset_seconds"": 0, ""timezone"": ""GMT"", ""timezone_abbreviation"": ""GMT"", ""elevation"": 60.0, ""hourly_units"": {""time"": ""iso8601"", ""pm10"": ""μg/m³"", ""pm2_5"": ""μg/m³"", ""carbon_monoxide"": ""μg/m³"", ""nitrogen_dioxide"": ""μg/m³"", ""ozone"": ""μg/m³"", ""sulphur_dioxide"": ""μg/m³"", ""ammonia"": ""μg/m³"", ""us_aqi"": ""USAQI""}, ""hourly"": {""time"": [""2026-07-27T00:00"", ""2026-07-27T01:00"", ""2026-07-27T02:00"", ""2026-07-27T03:00"", ""2026-07-27T04:00"", ""2026-07-27T05:00"", ""2026-07-27T06:00"", ""2026-07-27T07:00"", ""2026-07-27T08:00"", ""2026-07-27T09:00"", ""2026-07-27T10:00"", ""2026-07-27T11:00"", ""2026-07-27T12:00"", ""2026-07-27T13:00"", ""2026-07-27T14:00"", ""2026-07-27T15:00"", ""2026-07-27T16:00"", ""2026-07-27T17:00"", ""2026-07-27T18:00"", ""2026-07-27T19:00"", ""2026-07-27T20:00"", ""2026-07-27T21:00"", ""2026-07-27T22:00"", ""2026-07-27T23:00"", ""2026-07-28T00:00"", ""2026-07-28T01:00"", ""2026-07-28T02:00"", ""2026-07-28T03:00"", ""2026-07-28T04:00"", ""2026-07-28T05:00"", ""2026-07-28T06:00"", ""2026-07-28T07:00"", ""2026-07-28T08:00"", ""2026-07-28T09:00"", ""2026-07-28T10:00"", ""2026-07-28T11:00"", ""2026-07-28T12:00"", ""2026-07-28T13:00"", ""2026-07-28T14:00"", ""2026-07-28T15:00"", ""2026-07-28T16:00"", ""2026-07-28T17:00"", ""2026-07-28T18:00"", ""2026-07-28T19:00"", ""2026-07-28T20:00"", ""2026-07-28T21:00"", ""2026-07-28T22:00"", ""2026-07-28T23:00"", ""2026-07-29T00:00"", ""2026-07-29T01:00"", ""2026-07-29T02:00"", ""2026-07-29T03:00"", ""2026-07-29T04:00"", ""2026-07-29T05:00"", ""2026-07-29T06:00"", ""2026-07-29T07:00"", ""2026-07-29T08:00"", ""2026-07-29T09:00"", ""2026-07-29T10:00"", ""2026-07-29T11:00"", ""2026-07-29T12:00"", ""2026-07-29T13:00"", ""2026-07-29T14:00"", ""2026-07-29T15:00"", ""2026-07-29T16:00"", ""2026-07-29T17:00"", ""2026-07-29T18:00"", ""2026-07-29T19:00"", ""2026-07-29T20:00"", ""2026-07-29T21:00"", ""2026-07-29T22:00"", ""2026-07-29T23:00"", ""2026-07-30T00:00"", ""2026-07-30T01:00"", ""2026-07-30T02:00"", ""2026-07-30T03:00"", ""2026-07-30T04:00"", ""2026-07-30T05:00"", ""2026-07-30T06:00"", ""2026-07-30T07:00"", ""2026-07-30T08:00"", ""2026-07-30T09:00"", ""2026-07-30T10:00"", ""2026-07-30T11:00"", ""2026-07-30T12:00"", ""2026-07-30T13:00"", ""2026-07-30T14:00"", ""2026-07-30T15:00"", ""2026-07-30T16:00"", ""2026-07-30T17:00"", ""2026-07-30T18:00"", ""2026-07-30T19:00"", ""2026-07-30T20:00"", ""2026-07-30T21:00"", ""2026-07-30T22:00"", ""2026-07-30T23:00"", ""2026-07-31T00:00"", ""2026-07-31T01:00"", ""2026-07-31T02:00"", ""2026-07-31T03:00"", ""2026-07-31T04:00"", ""2026-07-31T05:00"", ""2026-07-31T06:00"", ""2026-07-31T07:00"", ""2026-07-31T08:00"", ""2026-07-31T09:00"", ""2026-07-31T10:00"", ""2026-07-31T11:00"", ""2026-07-31T12:00"", ""2026-07-31T13:00"", ""2026-07-31T14:00"", ""2026-07-31T15:00"", ""2026-07-31T16:00"", ""2026-07-31T17:00"", ""2026-07-31T18:00"", ""2026-07-31T19:00"", ""2026-07-31T20:00"", ""2026-07-31T21:00"", ""2026-07-31T22:00"", ""2026-07-31T23:00""], ""pm10"": [29.6, 27.2, 25.1, 17.5, 15.8, 21.0, 28.9, 36.7, 44.9, 50.6, 57.4, 63.1, 65.7, 68.7, 66.6, 68.7, 72.6, 76.8, 99.9, 154.1, 206.3, 218.9, 209.5, 192.3, 165.3, 135.5, 105.5, 82.4, 78.7, 95.2, 111.5, 118.0, 124.3, 131.3, 141.6, 149.5, 157.4, 157.9, 135.5, 108.5, 88.2, 81.5, 105.7, 154.1, 177.0, 169.5, 144.4, 115.9, 85.2, 65.7, 54.0, 53.4, 61.0, 72.9, 89.6, 107.8, 122.5, 122.5, 114.3, 104.8, 95.7, 85.7, 73.1, 64.3, 58.9, 54.4, 52.5, 52.5, 52.6, 52.7, 53.8, 56.8, 62.4, 69.6, 79.6, 92.7, 107.6, 131.8, 157.4, 156.9, 156.5, 157.9, 161.1, 160.7, 155.5, 144.4, 118.3, 90.6, 73.8, 63.8, 61.0, 61.5, 62.9, 64.7, 65.4, 62.9, 59.6, 55.8, 54.7, 55.6, 66.4, 101.0, 135.0, 152.3, 157.4, 158.3, 158.3, 155.5, 156.9, 165.3, 166.2, 141.1, 151.3, 113.9, 95.5, 85.0, 88.7, 88.5, 80.6, 77.3], ""pm2_5"": [27.7, 26.1, 24.4, 16.6, 14.1, 15.0, 17.7, 20.3, 22.3, 23.7, 25.4, 27.3, 28.9, 31.1, 34.0, 37.1, 38.1, 38.6, 43.2, 55.6, 70.8, 79.4, 80.6, 76.1, 67.8, 57.2, 45.3, 34.9, 30.3, 31.4, 34.0, 35.3, 36.7, 38.6, 41.3, 43.9, 46.6, 48.4, 48.4, 46.2, 42.1, 39.8, 45.1, 57.2, 65.7, 65.7, 59.0, 49.7, 40.5, 32.8, 27.6, 25.7, 26.4, 28.7, 31.9, 35.3, 38.4, 39.3, 38.5, 37.1, 35.5, 34.0, 32.9, 32.4, 31.2, 30.2, 29.5, 28.8, 28.6, 28.6, 28.9, 30.0, 32.1, 34.9, 38.1, 40.5, 42.6, 46.6, 50.8, 49.9, 49.0, 48.8, 49.0, 49.0, 48.4, 47.1, 45.1, 41.8, 37.8, 34.6, 32.8, 31.9, 31.4, 31.2, 31.0, 30.5, 29.9, 29.5, 29.8, 30.7, 33.5, 37.7, 41.9, 44.7, 45.6, 45.6, 45.5, 44.8, 45.4, 48.3, 52.2, 55.3, 57.6, 52.0, 47.8, 44.7, 41.6, 37.3, 35.4, 34.8], ""carbon_monoxide"": [560.0, 482.0, 428.0, 385.0, 353.0, 331.0, 311.0, 289.0, 268.0, 246.0, 213.0, 179.0, 175.0, 234.0, 322.0, 368.0, 332.0, 253.0, 187.0, 151.0, 126.0, 110.0, 102.0, 102.0, 106.0, 116.0, 130.0, 139.0, 139.0, 135.0, 131.0, 131.0, 131.0, 132.0, 133.0, 134.0, 137.0, 144.0, 154.0, 163.0, 171.0, 178.0, 182.0, 181.0, 176.0, 171.0, 166.0, 161.0, 158.0, 158.0, 159.0, 159.0, 155.0, 150.0, 144.0, 138.0, 132.0, 128.0, 126.0, 125.0, 127.0, 134.0, 143.0, 149.0, 148.0, 144.0, 138.0, 129.0, 118.0, 111.0, 109.0, 111.0, 123.0, 157.0, 202.0, 229.0, 222.0, 198.0, 177.0, 166.0, 157.0, 152.0, 146.0, 142.0, 152.0, 194.0, 249.0, 276.0, 246.0, 187.0, 141.0, 126.0, 123.0, 123.0, 120.0, 119.0, 121.0, 130.0, 143.0, 151.0, 148.0, 140.0, 134.0, 133.0, 134.0, 136.0, 138.0, 141.0, 145.0, 153.0, 162.0, 167.0, 164.0, 158.0, 153.0, 153.0, 155.0, 157.0, 157.0, 156.0], ""nitrogen_dioxide"": [18.3, 15.0, 10.5, 6.7, 4.4, 2.9, 1.8, 1.2, 1.2, 1.2, 1.1, 1.2, 1.7, 3.4, 5.5, 6.8, 6.2, 4.8, 3.8, 3.9, 4.4, 4.9, 5.4, 5.9, 6.2, 6.1, 5.7, 5.1, 4.0, 2.6, 1.6, 1.1, 0.9, 0.9, 0.9, 1.0, 1.5, 2.7, 4.2, 5.2, 5.0, 4.3, 3.8, 4.0, 4.4, 4.9, 5.6, 6.3, 6.8, 6.9, 6.6, 6.0, 4.8, 3.2, 1.9, 1.3, 1.1, 1.0, 0.9, 1.0, 1.4, 2.4, 3.6, 4.4, 4.3, 3.7, 3.3, 3.4, 3.7, 4.0, 4.3, 4.7, 5.1, 5.7, 6.3, 6.3, 5.1, 3.3, 1.9, 1.3, 1.1, 1.0, 0.9, 1.0, 1.4, 2.5, 3.8, 4.6, 4.2, 3.1, 2.4, 2.3, 2.5, 2.7, 2.8, 3.0, 3.2, 3.5, 3.9, 3.9, 3.2, 2.1, 1.3, 0.9, 0.8, 0.8, 0.8, 0.9, 1.4, 2.6, 4.1, 5.3, 5.9, 6.1, 5.9, 5.1, 4.0, 3.2, 3.2, 3.5], ""ozone"": [38.0, 53.0, 74.0, 93.0, 109.0, 124.0, 135.0, 139.0, 139.0, 137.0, 135.0, 131.0, 125.0, 114.0, 100.0, 90.0, 88.0, 89.0, 86.0, 74.0, 58.0, 46.0, 40.0, 37.0, 36.0, 36.0, 38.0, 44.0, 57.0, 75.0, 88.0, 94.0, 96.0, 97.0, 98.0, 98.0, 97.0, 96.0, 93.0, 92.0, 93.0, 94.0, 92.0, 86.0, 77.0, 68.0, 60.0, 53.0, 48.0, 44.0, 43.0, 47.0, 61.0, 81.0, 96.0, 102.0, 104.0, 103.0, 101.0, 96.0, 91.0, 86.0, 80.0, 76.0, 75.0, 74.0, 73.0, 69.0, 64.0, 59.0, 55.0, 52.0, 50.0, 50.0, 51.0, 58.0, 75.0, 98.0, 114.0, 119.0, 118.0, 115.0, 113.0, 110.0, 105.0, 97.0, 88.0, 80.0, 76.0, 74.0, 71.0, 67.0, 62.0, 58.0, 54.0, 51.0, 50.0, 50.0, 51.0, 56.0, 69.0, 87.0, 99.0, 100.0, 95.0, 91.0, 89.0, 87.0, 85.0, 83.0, 81.0, 78.0, 71.0, 63.0, 57.0, 56.0, 56.0, 57.0, 56.0, 56.0], ""sulphur_dioxide"": [4.7, 4.8, 5.0, 5.3, 5.9, 6.7, 7.1, 6.8, 6.2, 5.6, 5.2, 4.8, 4.6, 4.6, 4.7, 4.9, 5.5, 6.2, 6.5, 5.9, 4.8, 4.0, 3.8, 4.0, 4.2, 4.5, 4.9, 5.2, 5.2, 5.0, 4.8, 4.6, 4.3, 4.1, 4.0, 4.0, 4.1, 4.5, 5.0, 5.4, 5.6, 5.8, 6.0, 6.4, 6.8, 7.3, 7.8, 8.3, 8.6, 8.8, 8.8, 8.6, 7.9, 6.9, 6.0, 5.3, 4.6, 4.1, 3.7, 3.4, 3.2, 3.2, 3.3, 3.3, 3.2, 3.1, 3.0, 2.8, 2.5, 2.4, 2.6, 3.0, 3.7, 5.1, 6.9, 8.1, 8.4, 8.2, 7.8, 7.1, 6.2, 5.5, 5.1, 4.8, 4.6, 4.5, 4.4, 4.2, 3.8, 3.4, 3.0, 2.8, 2.8, 2.7, 2.6, 2.5, 2.5, 2.8, 3.3, 3.7, 3.9, 4.0, 3.9, 3.5, 2.9, 2.5, 2.3, 2.2, 2.4, 3.0, 3.9, 4.3, 4.0, 3.3, 2.7, 2.4, 2.1, 1.9, 1.8, 1.7], ""ammonia"": [null, null, null, null, null, null, null, null, null, null, null, null, null, null, null, null, null, null, null, null, null, null, null, null, null, null, null, null, null, null, null, null, null, null, null, null, null, null, null, null, null, null, null, null, null, null, null, null, null, null, null, null, null, null, null, null, null, null, null, null, null, null, null, null, null, null, null, null, null, null, null, null, null, null, null, null, null, null, null, null, null, null, null, null, null, null, null, null, null, null, null, null, null, null, null, null, null, null, null, null, null, null, null, null, null, null, null, null, null, null, null, null, null, null, null, null, null, null, null, null], ""us_aqi"": [89, 89, 88, 88, 86, 84, 82, 81, 81, 81, 81, 82, 90, 93, 91, 86, 87, 87, 87, 87, 88, 90, 94, 98, 102, 106, 110, 112, 114, 115, 117, 119, 120, 122, 124, 125, 127, 129, 131, 132, 133, 133, 134, 134, 134, 133, 132, 130, 127, 124, 122, 120, 119, 118, 118, 118, 118, 118, 118, 118, 117, 116, 114, 113, 111, 110, 109, 108, 105, 101, 98, 95, 94, 93, 93, 94, 95, 97, 98, 99, 101, 102, 103, 104, 105, 107, 108, 109, 110, 111, 111, 112, 112, 112, 113, 113, 113, 113, 112, 111, 110, 109, 108, 107, 107, 106, 106, 106, 105, 105, 105, 106, 107, 109, 111, 113, 114, 115, 116, 116]}}}"
2026-07-27T21:01:18.400035+00:00,Khairpur Mir's,PK,27.5295,68.7592,,,,,,,,,,,,,,,,,aqicn,success,1.2968950000358745,"{""air_quality"": {""status"": ""error"", ""data"": ""Invalid key""}}"
2026-07-27T21:01:24.154510+00:00,Larkana,PK,27.5598,68.212,34.96,48.0,994.0,5.68,165.0,44.0,,4.0,29.76,131.51,80.86,0.0,1.15,1.82,41.19,3.13,openweather,success,5.618392699980177,"{""weather"": {""coord"": {""lon"": 68.212, ""lat"": 27.5598}, ""weather"": [{""id"": 802, ""main"": ""Clouds"", ""description"": ""scattered clouds"", ""icon"": ""03n""}], ""base"": ""stations"", ""main"": {""temp"": 34.96, ""feels_like"": 39.82, ""temp_min"": 34.96, ""temp_max"": 34.96, ""pressure"": 994, ""humidity"": 48, ""sea_level"": 994, ""grnd_level"": 988}, ""visibility"": 10000, ""wind"": {""speed"": 5.68, ""deg"": 165, ""gust"": 9.61}, ""clouds"": {""all"": 44}, ""dt"": 1785186083, ""sys"": {""country"": ""PK"", ""sunrise"": 1785199679, ""sunset"": 1785248345}, ""timezone"": 18000, ""id"": 1172128, ""name"": ""Larkana"", ""cod"": 200}, ""air_quality"": {""coord"": {""lon"": 68.212, ""lat"": 27.5598}, ""list"": [{""main"": {""aqi"": 4}, ""components"": {""co"": 80.86, ""no"": 0, ""no2"": 1.15, ""o3"": 41.19, ""so2"": 1.82, ""pm2_5"": 29.76, ""pm10"": 131.51, ""nh3"": 3.13}, ""dt"": 1785186083}]}}"
2026-07-27T21:00,Larkana,PK,27.5598,68.212,32.3,59.0,994.5,10.9,174.0,14.0,0.0,116.0,52.2,60.3,598.0,,31.1,7.2,31.0,,openmeteo,success,2.525361599982716,"{""weather"": {""latitude"": 27.592266, ""longitude"": 68.206276, ""generationtime_ms"": 0.09489059448242188, ""utc_offset_seconds"": 0, ""timezone"": ""GMT"", ""timezone_abbreviation"": ""GMT"", ""elevation"": 51.0, ""current_units"": {""time"": ""iso8601"", ""interval"": ""seconds"", ""temperature_2m"": ""°C"", ""relative_humidity_2m"": ""%"", ""pressure_msl"": ""hPa"", ""wind_speed_10m"": ""km/h"", ""wind_direction_10m"": ""°"", ""cloud_cover"": ""%"", ""rain"": ""mm""}, ""current"": {""time"": ""2026-07-27T21:00"", ""interval"": 900, ""temperature_2m"": 32.3, ""relative_humidity_2m"": 59, ""pressure_msl"": 994.5, ""wind_speed_10m"": 10.9, ""wind_direction_10m"": 174, ""cloud_cover"": 14, ""rain"": 0.0}}, ""air_quality"": {""latitude"": 27.599998, ""longitude"": 68.2, ""generationtime_ms"": 0.859379768371582, ""utc_offset_seconds"": 0, ""timezone"": ""GMT"", ""timezone_abbreviation"": ""GMT"", ""elevation"": 51.0, ""hourly_units"": {""time"": ""iso8601"", ""pm10"": ""μg/m³"", ""pm2_5"": ""μg/m³"", ""carbon_monoxide"": ""μg/m³"", ""nitrogen_dioxide"": ""μg/m³"", ""ozone"": ""μg/m³"", ""sulphur_dioxide"": ""μg/m³"", ""ammonia"": ""μg/m³"", ""us_aqi"": ""USAQI""}, ""hourly"": {""time"": [""2026-07-27T00:00"", ""2026-07-27T01:00"", ""2026-07-27T02:00"", ""2026-07-27T03:00"", ""2026-07-27T04:00"", ""2026-07-27T05:00"", ""2026-07-27T06:00"", ""2026-07-27T07:00"", ""2026-07-27T08:00"", ""2026-07-27T09:00"", ""2026-07-27T10:00"", ""2026-07-27T11:00"", ""2026-07-27T12:00"", ""2026-07-27T13:00"", ""2026-07-27T14:00"", ""2026-07-27T15:00"", ""2026-07-27T16:00"", ""2026-07-27T17:00"", ""2026-07-27T18:00"", ""2026-07-27T19:00"", ""2026-07-27T20:00"", ""2026-07-27T21:00"", ""2026-07-27T22:00"", ""2026-07-27T23:00"", ""2026-07-28T00:00"", ""2026-07-28T01:00"", ""2026-07-28T02:00"", ""2026-07-28T03:00"", ""2026-07-28T04:00"", ""2026-07-28T05:00"", ""2026-07-28T06:00"", ""2026-07-28T07:00"", ""2026-07-28T08:00"", ""2026-07-28T09:00"", ""2026-07-28T10:00"", ""2026-07-28T11:00"", ""2026-07-28T12:00"", ""2026-07-28T13:00"", ""2026-07-28T14:00"", ""2026-07-28T15:00"", ""2026-07-28T16:00"", ""2026-07-28T17:00"", ""2026-07-28T18:00"", ""2026-07-28T19:00"", ""2026-07-28T20:00"", ""2026-07-28T21:00"", ""2026-07-28T22:00"", ""2026-07-28T23:00"", ""2026-07-29T00:00"", ""2026-07-29T01:00"", ""2026-07-29T02:00"", ""2026-07-29T03:00"", ""2026-07-29T04:00"", ""2026-07-29T05:00"", ""2026-07-29T06:00"", ""2026-07-29T07:00"", ""2026-07-29T08:00"", ""2026-07-29T09:00"", ""2026-07-29T10:00"", ""2026-07-29T11:00"", ""2026-07-29T12:00"", ""2026-07-29T13:00"", ""2026-07-29T14:00"", ""2026-07-29T15:00"", ""2026-07-29T16:00"", ""2026-07-29T17:00"", ""2026-07-29T18:00"", ""2026-07-29T19:00"", ""2026-07-29T20:00"", ""2026-07-29T21:00"", ""2026-07-29T22:00"", ""2026-07-29T23:00"", ""2026-07-30T00:00"", ""2026-07-30T01:00"", ""2026-07-30T02:00"", ""2026-07-30T03:00"", ""2026-07-30T04:00"", ""2026-07-30T05:00"", ""2026-07-30T06:00"", ""2026-07-30T07:00"", ""2026-07-30T08:00"", ""2026-07-30T09:00"", ""2026-07-30T10:00"", ""2026-07-30T11:00"", ""2026-07-30T12:00"", ""2026-07-30T13:00"", ""2026-07-30T14:00"", ""2026-07-30T15:00"", ""2026-07-30T16:00"", ""2026-07-30T17:00"", ""2026-07-30T18:00"", ""2026-07-30T19:00"", ""2026-07-30T20:00"", ""2026-07-30T21:00"", ""2026-07-30T22:00"", ""2026-07-30T23:00"", ""2026-07-31T00:00"", ""2026-07-31T01:00"", ""2026-07-31T02:00"", ""2026-07-31T03:00"", ""2026-07-31T04:00"", ""2026-07-31T05:00"", ""2026-07-31T06:00"", ""2026-07-31T07:00"", ""2026-07-31T08:00"", ""2026-07-31T09:00"", ""2026-07-31T10:00"", ""2026-07-31T11:00"", ""2026-07-31T12:00"", ""2026-07-31T13:00"", ""2026-07-31T14:00"", ""2026-07-31T15:00"", ""2026-07-31T16:00"", ""2026-07-31T17:00"", ""2026-07-31T18:00"", ""2026-07-31T19:00"", ""2026-07-31T20:00"", ""2026-07-31T21:00"", ""2026-07-31T22:00"", ""2026-07-31T23:00""], ""pm10"": [60.3, 54.4, 47.6, 32.8, 21.2, 24.5, 32.2, 41.3, 52.0, 63.6, 71.0, 74.5, 76.6, 75.2, 80.1, 94.3, 95.0, 94.1, 122.9, 166.7, 201.2, 217.0, 223.1, 217.9, 204.4, 187.2, 175.6, 166.7, 167.6, 183.5, 191.4, 189.1, 184.4, 182.5, 185.3, 190.5, 198.4, 205.4, 176.5, 181.6, 177.0, 152.7, 168.1, 215.1, 236.1, 241.2, 226.3, 196.0, 156.9, 128.5, 111.3, 107.6, 112.5, 122.9, 131.8, 143.4, 160.7, 168.1, 159.3, 146.2, 134.6, 120.6, 92.4, 81.7, 65.9, 53.3, 49.7, 47.0, 46.2, 51.8, 60.3, 68.9, 78.2, 88.0, 102.2, 143.4, 168.1, 190.0, 207.2, 208.6, 204.9, 202.1, 199.8, 197.0, 188.6, 171.4, 129.5, 115.3, 90.1, 65.0, 55.9, 53.7, 54.7, 57.3, 58.2, 56.7, 53.9, 50.9, 50.3, 53.6, 67.8, 99.2, 122.5, 131.8, 144.4, 154.6, 163.4, 166.7, 169.0, 171.4, 149.0, 143.0, 136.9, 121.1, 102.4, 85.2, 77.3, 74.5, 69.4, 67.1], ""pm2_5"": [52.2, 48.5, 44.5, 31.1, 19.2, 18.9, 21.8, 24.6, 27.0, 29.9, 32.4, 33.6, 34.7, 36.7, 43.2, 54.4, 57.9, 51.3, 54.9, 65.0, 76.4, 85.0, 89.6, 89.9, 86.8, 81.3, 73.8, 64.0, 57.7, 56.8, 56.8, 55.9, 54.2, 53.3, 53.3, 54.6, 56.9, 59.8, 64.5, 73.6, 78.9, 73.8, 71.5, 80.3, 88.5, 91.5, 88.0, 79.6, 69.2, 58.8, 49.6, 44.0, 42.3, 42.6, 43.1, 43.7, 45.5, 47.1, 46.4, 44.5, 42.5, 40.5, 40.2, 41.6, 38.0, 33.5, 31.3, 29.5, 28.9, 30.2, 32.0, 34.2, 37.4, 41.4, 47.4, 56.1, 61.7, 65.2, 66.1, 63.8, 61.2, 59.5, 58.1, 56.9, 55.3, 52.7, 51.3, 53.4, 48.3, 38.5, 33.4, 31.1, 30.2, 29.8, 29.7, 29.5, 29.2, 29.3, 30.3, 32.4, 37.1, 42.4, 43.7, 44.4, 46.3, 47.5, 48.4, 48.5, 48.9, 49.7, 53.2, 58.8, 59.0, 55.5, 47.8, 41.3, 37.6, 34.7, 32.6, 31.8], ""carbon_monoxide"": [598.0, 608.0, 627.0, 604.0, 494.0, 342.0, 226.0, 185.0, 181.0, 178.0, 159.0, 141.0, 140.0, 171.0, 219.0, 259.0, 287.0, 306.0, 306.0, 272.0, 217.0, 177.0, 165.0, 167.0, 170.0, 171.0, 174.0, 175.0, 173.0, 168.0, 163.0, 156.0, 147.0, 141.0, 132.0, 125.0, 138.0, 197.0, 276.0, 318.0, 284.0, 213.0, 162.0, 158.0, 174.0, 189.0, 193.0, 196.0, 200.0, 210.0, 221.0, 224.0, 212.0, 193.0, 176.0, 165.0, 157.0, 151.0, 143.0, 136.0, 140.0, 166.0, 204.0, 228.0, 228.0, 216.0, 201.0, 184.0, 165.0, 152.0, 147.0, 147.0, 155.0, 175.0, 203.0, 221.0, 223.0, 216.0, 208.0, 200.0, 191.0, 183.0, 175.0, 169.0, 174.0, 202.0, 242.0, 264.0, 254.0, 226.0, 200.0, 179.0, 159.0, 146.0, 142.0, 145.0, 150.0, 159.0, 170.0, 178.0, 179.0, 176.0, 172.0, 167.0, 161.0, 155.0, 149.0, 143.0, 145.0, 162.0, 187.0, 204.0, 205.0, 199.0, 191.0, 182.0, 171.0, 165.0, 168.0, 176.0], ""nitrogen_dioxide"": [31.1, 25.5, 17.7, 11.2, 7.2, 4.4, 2.5, 1.5, 1.4, 1.5, 1.1, 0.9, 1.9, 5.6, 10.6, 13.6, 12.6, 9.7, 7.3, 6.4, 6.1, 6.1, 6.6, 7.4, 7.8, 7.4, 6.5, 5.5, 4.3, 2.9, 1.8, 1.3, 1.1, 1.1, 0.8, 0.5, 1.6, 5.3, 10.3, 13.5, 13.5, 11.8, 10.0, 8.4, 6.8, 5.9, 6.4, 7.6, 8.4, 8.4, 8.0, 7.2, 5.7, 3.8, 2.3, 1.6, 1.2, 1.1, 0.9, 0.9, 1.5, 3.5, 6.2, 7.8, 7.1, 5.4, 4.1, 3.9, 4.2, 4.7, 5.3, 6.1, 6.7, 7.1, 7.3, 6.9, 5.6, 3.7, 2.2, 1.5, 1.2, 1.1, 0.9, 0.8, 1.5, 3.9, 7.1, 8.8, 7.6, 4.9, 2.9, 2.5, 2.8, 3.2, 3.7, 4.3, 4.7, 5.0, 5.1, 4.9, 4.0, 2.6, 1.6, 1.2, 1.0, 1.0, 0.8, 0.8, 1.5, 3.9, 7.1, 8.9, 8.2, 6.1, 4.5, 4.0, 4.0, 4.0, 4.0, 4.0], ""ozone"": [31.0, 45.0, 64.0, 83.0, 102.0, 120.0, 133.0, 138.0, 138.0, 137.0, 136.0, 133.0, 127.0, 114.0, 98.0, 84.0, 77.0, 73.0, 68.0, 59.0, 49.0, 41.0, 36.0, 33.0, 32.0, 33.0, 36.0, 43.0, 58.0, 77.0, 92.0, 100.0, 103.0, 105.0, 105.0, 103.0, 99.0, 90.0, 79.0, 71.0, 68.0, 68.0, 67.0, 64.0, 60.0, 56.0, 52.0, 47.0, 44.0, 42.0, 41.0, 46.0, 63.0, 85.0, 103.0, 111.0, 115.0, 115.0, 113.0, 109.0, 102.0, 91.0, 78.0, 69.0, 69.0, 73.0, 76.0, 74.0, 71.0, 67.0, 61.0, 55.0, 51.0, 50.0, 51.0, 58.0, 76.0, 100.0, 118.0, 125.0, 127.0, 126.0, 125.0, 123.0, 117.0, 104.0, 87.0, 75.0, 72.0, 74.0, 75.0, 72.0, 68.0, 63.0, 57.0, 51.0, 48.0, 48.0, 52.0, 60.0, 77.0, 99.0, 114.0, 116.0, 110.0, 105.0, 104.0, 102.0, 99.0, 91.0, 80.0, 72.0, 68.0, 66.0, 63.0, 59.0, 54.0, 51.0, 50.0, 50.0], ""sulphur_dioxide"": [7.2, 7.0, 6.7, 6.6, 6.9, 7.4, 7.7, 7.5, 7.0, 6.5, 6.0, 5.6, 5.4, 5.8, 6.6, 7.1, 7.1, 6.8, 6.4, 5.8, 5.0, 4.4, 4.1, 4.0, 4.0, 4.1, 4.3, 4.6, 5.1, 5.7, 6.1, 6.0, 5.7, 5.4, 5.0, 4.6, 4.5, 5.2, 6.2, 6.9, 7.1, 7.0, 6.7, 6.1, 5.3, 5.0, 5.4, 6.3, 7.1, 7.8, 8.5, 8.8, 8.6, 7.9, 7.3, 6.7, 6.0, 5.4, 4.8, 4.3, 4.0, 4.0, 4.3, 4.4, 4.3, 4.1, 3.9, 3.7, 3.5, 3.4, 3.5, 3.7, 4.2, 5.2, 6.6, 7.5, 7.8, 7.7, 7.5, 7.1, 6.6, 6.1, 5.7, 5.3, 5.1, 5.2, 5.5, 5.5, 5.0, 4.2, 3.5, 3.2, 3.0, 2.9, 2.8, 2.8, 3.0, 3.6, 4.4, 5.1, 5.6, 5.9, 5.9, 5.3, 4.3, 3.5, 3.1, 2.9, 2.9, 3.4, 4.3, 4.7, 4.4, 3.7, 3.1, 2.7, 2.3, 2.0, 1.9, 1.9], ""ammonia"": [null, null, null, null, null, null, null, null, null, null, null, null, null, null, null, null, null, null, null, null, null, null, null, null, null, null, null, null, null, null, null, null, null, null, null, null, null, null, null, null, null, null, null, null, null, null, null, null, null, null, null, null, null, null, null, null, null, null, null, null, null, null, null, null, null, null, null, null, null, null, null, null, null, null, null, null, null, null, null, null, null, null, null, null, null, null, null, null, null, null, null, null, null, null, null, null, null, null, null, null, null, null, null, null, null, null, null, null, null, null, null, null, null, null, null, null, null, null, null, null], ""us_aqi"": [116, 118, 119, 120, 120, 118, 116, 115, 115, 114, 115, 115, 116, 117, 119, 120, 121, 121, 119, 117, 117, 118, 121, 124, 128, 132, 135, 138, 142, 146, 150, 151, 152, 153, 153, 154, 155, 155, 156, 157, 157, 158, 158, 159, 159, 160, 160, 160, 160, 159, 158, 158, 157, 157, 156, 156, 155, 155, 155, 155, 155, 154, 154, 153, 152, 151, 148, 144, 138, 132, 126, 120, 115, 112, 110, 110, 111, 113, 116, 118, 120, 122, 123, 124, 126, 127, 128, 129, 131, 132, 132, 132, 133, 133, 133, 132, 132, 131, 130, 128, 126, 123, 121, 118, 116, 115, 113, 112, 112, 111, 111, 111, 111, 112, 114, 116, 117, 118, 118, 118]}}}"
2026-07-27T21:01:20.989628+00:00,Larkana,PK,27.5598,68.212,,,,,,,,,,,,,,,,,aqicn,success,2.756715399911627,"{""air_quality"": {""status"": ""error"", ""data"": ""Invalid key""}}"
2026-07-27T21:01:23.228216+00:00,Gambat,PK,27.3517,68.5247,33.2,54.0,994.0,6.42,168.0,41.0,,4.0,28.36,124.8,87.39,0.0,1.16,1.46,42.36,2.81,openweather,success,2.561679199920036,"{""weather"": {""coord"": {""lon"": 68.5247, ""lat"": 27.3517}, ""weather"": [{""id"": 802, ""main"": ""Clouds"", ""description"": ""scattered clouds"", ""icon"": ""03n""}], ""base"": ""stations"", ""main"": {""temp"": 33.2, ""feels_like"": 37.94, ""temp_min"": 33.2, ""temp_max"": 33.2, ""pressure"": 994, ""humidity"": 54, ""sea_level"": 994, ""grnd_level"": 988}, ""visibility"": 10000, ""wind"": {""speed"": 6.42, ""deg"": 168, ""gust"": 10.73}, ""clouds"": {""all"": 41}, ""dt"": 1785186081, ""sys"": {""country"": ""PK"", ""sunrise"": 1785199627, ""sunset"": 1785248247}, ""timezone"": 18000, ""id"": 1179061, ""name"": ""Gambat"", ""cod"": 200}, ""air_quality"": {""coord"": {""lon"": 68.5247, ""lat"": 27.3517}, ""list"": [{""main"": {""aqi"": 4}, ""components"": {""co"": 87.39, ""no"": 0, ""no2"": 1.16, ""o3"": 42.36, ""so2"": 1.46, ""pm2_5"": 28.36, ""pm10"": 124.8, ""nh3"": 2.81}, ""dt"": 1785186081}]}}"
2026-07-27T21:00,Gambat,PK,27.3517,68.5247,31.3,63.0,994.8,13.9,175.0,30.0,0.0,122.0,35.4,37.5,879.0,,16.6,4.9,36.0,,openmeteo,success,0.29644619999453425,"{""weather"": {""latitude"": 27.311071, ""longitude"": 68.50446, ""generationtime_ms"": 1.2720823287963867, ""utc_offset_seconds"": 0, ""timezone"": ""GMT"", ""timezone_abbreviation"": ""GMT"", ""elevation"": 52.0, ""current_units"": {""time"": ""iso8601"", ""interval"": ""seconds"", ""temperature_2m"": ""°C"", ""relative_humidity_2m"": ""%"", ""pressure_msl"": ""hPa"", ""wind_speed_10m"": ""km/h"", ""wind_direction_10m"": ""°"", ""cloud_cover"": ""%"", ""rain"": ""mm""}, ""current"": {""time"": ""2026-07-27T21:00"", ""interval"": 900, ""temperature_2m"": 31.3, ""relative_humidity_2m"": 63, ""pressure_msl"": 994.8, ""wind_speed_10m"": 13.9, ""wind_direction_10m"": 175, ""cloud_cover"": 30, ""rain"": 0.0}}, ""air_quality"": {""latitude"": 27.400002, ""longitude"": 68.5, ""generationtime_ms"": 0.2837181091308594, ""utc_offset_seconds"": 0, ""timezone"": ""GMT"", ""timezone_abbreviation"": ""GMT"", ""elevation"": 52.0, ""hourly_units"": {""time"": ""iso8601"", ""pm10"": ""μg/m³"", ""pm2_5"": ""μg/m³"", ""carbon_monoxide"": ""μg/m³"", ""nitrogen_dioxide"": ""μg/m³"", ""ozone"": ""μg/m³"", ""sulphur_dioxide"": ""μg/m³"", ""ammonia"": ""μg/m³"", ""us_aqi"": ""USAQI""}, ""hourly"": {""time"": [""2026-07-27T00:00"", ""2026-07-27T01:00"", ""2026-07-27T02:00"", ""2026-07-27T03:00"", ""2026-07-27T04:00"", ""2026-07-27T05:00"", ""2026-07-27T06:00"", ""2026-07-27T07:00"", ""2026-07-27T08:00"", ""2026-07-27T09:00"", ""2026-07-27T10:00"", ""2026-07-27T11:00"", ""2026-07-27T12:00"", ""2026-07-27T13:00"", ""2026-07-27T14:00"", ""2026-07-27T15:00"", ""2026-07-27T16:00"", ""2026-07-27T17:00"", ""2026-07-27T18:00"", ""2026-07-27T19:00"", ""2026-07-27T20:00"", ""2026-07-27T21:00"", ""2026-07-27T22:00"", ""2026-07-27T23:00"", ""2026-07-28T00:00"", ""2026-07-28T01:00"", ""2026-07-28T02:00"", ""2026-07-28T03:00"", ""2026-07-28T04:00"", ""2026-07-28T05:00"", ""2026-07-28T06:00"", ""2026-07-28T07:00"", ""2026-07-28T08:00"", ""2026-07-28T09:00"", ""2026-07-28T10:00"", ""2026-07-28T11:00"", ""2026-07-28T12:00"", ""2026-07-28T13:00"", ""2026-07-28T14:00"", ""2026-07-28T15:00"", ""2026-07-28T16:00"", ""2026-07-28T17:00"", ""2026-07-28T18:00"", ""2026-07-28T19:00"", ""2026-07-28T20:00"", ""2026-07-28T21:00"", ""2026-07-28T22:00"", ""2026-07-28T23:00"", ""2026-07-29T00:00"", ""2026-07-29T01:00"", ""2026-07-29T02:00"", ""2026-07-29T03:00"", ""2026-07-29T04:00"", ""2026-07-29T05:00"", ""2026-07-29T06:00"", ""2026-07-29T07:00"", ""2026-07-29T08:00"", ""2026-07-29T09:00"", ""2026-07-29T10:00"", ""2026-07-29T11:00"", ""2026-07-29T12:00"", ""2026-07-29T13:00"", ""2026-07-29T14:00"", ""2026-07-29T15:00"", ""2026-07-29T16:00"", ""2026-07-29T17:00"", ""2026-07-29T18:00"", ""2026-07-29T19:00"", ""2026-07-29T20:00"", ""2026-07-29T21:00"", ""2026-07-29T22:00"", ""2026-07-29T23:00"", ""2026-07-30T00:00"", ""2026-07-30T01:00"", ""2026-07-30T02:00"", ""2026-07-30T03:00"", ""2026-07-30T04:00"", ""2026-07-30T05:00"", ""2026-07-30T06:00"", ""2026-07-30T07:00"", ""2026-07-30T08:00"", ""2026-07-30T09:00"", ""2026-07-30T10:00"", ""2026-07-30T11:00"", ""2026-07-30T12:00"", ""2026-07-30T13:00"", ""2026-07-30T14:00"", ""2026-07-30T15:00"", ""2026-07-30T16:00"", ""2026-07-30T17:00"", ""2026-07-30T18:00"", ""2026-07-30T19:00"", ""2026-07-30T20:00"", ""2026-07-30T21:00"", ""2026-07-30T22:00"", ""2026-07-30T23:00"", ""2026-07-31T00:00"", ""2026-07-31T01:00"", ""2026-07-31T02:00"", ""2026-07-31T03:00"", ""2026-07-31T04:00"", ""2026-07-31T05:00"", ""2026-07-31T06:00"", ""2026-07-31T07:00"", ""2026-07-31T08:00"", ""2026-07-31T09:00"", ""2026-07-31T10:00"", ""2026-07-31T11:00"", ""2026-07-31T12:00"", ""2026-07-31T13:00"", ""2026-07-31T14:00"", ""2026-07-31T15:00"", ""2026-07-31T16:00"", ""2026-07-31T17:00"", ""2026-07-31T18:00"", ""2026-07-31T19:00"", ""2026-07-31T20:00"", ""2026-07-31T21:00"", ""2026-07-31T22:00"", ""2026-07-31T23:00""], ""pm10"": [37.5, 34.2, 31.5, 28.0, 22.1, 25.8, 36.4, 48.9, 62.9, 73.6, 82.9, 93.6, 106.9, 127.1, 123.9, 126.2, 127.6, 170.9, 235.6, 276.6, 293.4, 287.8, 272.9, 244.0, 214.2, 190.0, 172.8, 178.8, 198.8, 219.8, 233.8, 237.0, 244.0, 255.2, 270.1, 282.2, 294.3, 303.6, 261.7, 251.5, 231.9, 265.4, 349.2, 348.3, 311.1, 288.7, 245.9, 198.4, 159.3, 129.9, 117.8, 122.5, 124.8, 127.6, 127.6, 131.8, 140.2, 138.3, 129.0, 119.7, 115.0, 111.1, 102.2, 81.3, 68.2, 58.1, 57.0, 68.9, 92.9, 120.6, 143.0, 158.3, 165.8, 175.6, 176.0, 174.6, 176.0, 181.1, 196.5, 210.0, 204.4, 196.5, 188.1, 178.8, 167.2, 149.9, 126.7, 96.6, 79.2, 67.5, 60.1, 57.2, 56.9, 56.8, 54.4, 50.4, 47.0, 47.4, 54.9, 67.8, 85.0, 112.7, 137.8, 141.1, 143.9, 144.8, 143.4, 141.6, 142.0, 140.2, 133.2, 109.4, 87.5, 62.9, 50.4, 46.0, 47.4, 52.2, 53.7, 53.3], ""pm2_5"": [35.4, 32.9, 31.1, 26.5, 19.6, 20.0, 23.1, 26.2, 29.7, 32.5, 34.9, 37.6, 40.4, 44.7, 48.7, 54.2, 55.1, 62.2, 77.8, 90.3, 98.3, 101.5, 99.0, 91.5, 82.2, 73.1, 64.7, 58.6, 58.1, 60.5, 62.9, 63.6, 64.5, 66.6, 69.6, 71.9, 74.0, 75.9, 75.0, 77.1, 76.4, 81.7, 96.4, 102.2, 101.5, 97.3, 87.5, 75.0, 63.1, 53.2, 47.4, 44.7, 43.3, 42.6, 41.4, 40.6, 41.2, 41.2, 40.0, 38.6, 38.1, 38.0, 38.0, 37.8, 35.7, 33.3, 32.6, 34.7, 40.0, 46.8, 53.3, 58.7, 62.6, 66.1, 67.1, 64.7, 61.7, 60.1, 59.5, 59.6, 57.4, 55.3, 53.4, 51.8, 49.9, 47.6, 45.2, 42.6, 38.6, 35.0, 32.5, 30.7, 29.9, 29.6, 29.1, 28.6, 28.5, 29.5, 32.5, 36.9, 42.4, 46.9, 47.5, 46.1, 45.5, 44.7, 43.5, 42.6, 42.6, 42.4, 42.0, 44.5, 39.2, 30.9, 26.3, 24.7, 24.5, 25.8, 26.8, 27.3], ""carbon_monoxide"": [879.0, 746.0, 558.0, 408.0, 335.0, 300.0, 271.0, 240.0, 215.0, 194.0, 169.0, 148.0, 148.0, 189.0, 252.0, 295.0, 303.0, 293.0, 270.0, 229.0, 176.0, 137.0, 125.0, 127.0, 131.0, 134.0, 140.0, 144.0, 146.0, 146.0, 144.0, 137.0, 128.0, 121.0, 117.0, 115.0, 122.0, 145.0, 175.0, 197.0, 201.0, 195.0, 190.0, 188.0, 187.0, 187.0, 188.0, 189.0, 190.0, 191.0, 192.0, 190.0, 182.0, 171.0, 161.0, 152.0, 144.0, 137.0, 130.0, 125.0, 127.0, 145.0, 171.0, 188.0, 186.0, 175.0, 163.0, 151.0, 138.0, 131.0, 129.0, 133.0, 149.0, 191.0, 246.0, 278.0, 267.0, 233.0, 203.0, 184.0, 167.0, 156.0, 147.0, 143.0, 153.0, 196.0, 253.0, 281.0, 252.0, 194.0, 149.0, 133.0, 131.0, 130.0, 128.0, 128.0, 133.0, 147.0, 166.0, 177.0, 174.0, 164.0, 155.0, 150.0, 145.0, 143.0, 142.0, 143.0, 147.0, 158.0, 173.0, 180.0, 173.0, 159.0, 149.0, 149.0, 152.0, 155.0, 155.0, 154.0], ""nitrogen_dioxide"": [16.6, 14.0, 10.2, 7.0, 4.7, 2.9, 1.6, 1.0, 1.0, 1.0, 0.8, 0.7, 1.2, 2.8, 5.0, 6.4, 6.2, 5.1, 4.3, 4.2, 4.3, 4.6, 5.1, 5.8, 6.1, 5.8, 5.1, 4.3, 3.3, 2.1, 1.2, 0.8, 0.8, 0.8, 0.7, 0.6, 1.0, 2.5, 4.5, 5.7, 5.3, 4.2, 3.6, 4.1, 5.1, 6.1, 7.2, 8.3, 8.9, 8.5, 7.6, 6.4, 4.9, 3.1, 1.7, 1.1, 0.9, 0.8, 0.7, 0.7, 0.9, 1.6, 2.6, 3.2, 3.1, 2.7, 2.6, 3.0, 3.8, 4.6, 5.6, 6.6, 7.4, 7.9, 8.2, 7.8, 6.2, 3.8, 2.0, 1.2, 0.9, 0.7, 0.6, 0.7, 0.9, 1.4, 2.0, 2.4, 2.4, 2.1, 2.0, 2.2, 2.5, 2.9, 3.4, 3.9, 4.4, 5.1, 5.7, 5.7, 4.6, 2.8, 1.4, 0.8, 0.7, 0.6, 0.5, 0.5, 0.9, 2.2, 3.8, 4.7, 4.1, 2.8, 1.7, 1.4, 1.3, 1.4, 1.6, 1.8], ""ozone"": [36.0, 46.0, 59.0, 75.0, 94.0, 115.0, 130.0, 134.0, 132.0, 129.0, 127.0, 125.0, 119.0, 108.0, 94.0, 81.0, 71.0, 62.0, 55.0, 49.0, 44.0, 41.0, 38.0, 37.0, 37.0, 38.0, 40.0, 45.0, 57.0, 73.0, 85.0, 91.0, 95.0, 97.0, 99.0, 100.0, 99.0, 95.0, 88.0, 82.0, 77.0, 73.0, 69.0, 64.0, 58.0, 53.0, 47.0, 42.0, 39.0, 38.0, 39.0, 45.0, 61.0, 81.0, 97.0, 104.0, 105.0, 105.0, 104.0, 100.0, 97.0, 94.0, 91.0, 88.0, 87.0, 88.0, 86.0, 81.0, 74.0, 67.0, 60.0, 54.0, 49.0, 46.0, 45.0, 50.0, 68.0, 92.0, 110.0, 117.0, 118.0, 117.0, 116.0, 113.0, 109.0, 104.0, 97.0, 91.0, 87.0, 83.0, 78.0, 72.0, 64.0, 58.0, 53.0, 48.0, 47.0, 49.0, 54.0, 63.0, 82.0, 106.0, 121.0, 120.0, 111.0, 103.0, 100.0, 97.0, 93.0, 85.0, 75.0, 68.0, 65.0, 63.0, 63.0, 64.0, 66.0, 67.0, 66.0, 65.0], ""sulphur_dioxide"": [4.9, 4.7, 4.4, 4.3, 4.6, 5.2, 5.5, 5.4, 5.1, 4.8, 4.6, 4.5, 4.5, 4.9, 5.5, 5.9, 5.8, 5.4, 4.9, 4.4, 3.7, 3.3, 3.2, 3.2, 3.3, 3.4, 3.6, 3.9, 4.4, 5.0, 5.3, 5.2, 4.9, 4.6, 4.5, 4.4, 4.4, 4.7, 5.2, 5.4, 5.1, 4.7, 4.4, 4.6, 5.0, 5.5, 6.3, 7.3, 8.0, 8.2, 8.2, 7.9, 7.4, 6.6, 5.9, 5.3, 4.7, 4.2, 3.8, 3.6, 3.5, 3.7, 4.0, 4.2, 4.2, 4.0, 4.0, 4.2, 4.4, 4.8, 5.3, 5.8, 6.4, 7.2, 8.0, 8.4, 8.0, 7.1, 6.3, 5.9, 5.7, 5.4, 5.1, 4.8, 4.5, 4.3, 4.2, 4.0, 3.6, 3.2, 2.9, 2.8, 2.8, 2.9, 2.9, 3.0, 3.5, 4.7, 6.2, 7.4, 7.9, 8.0, 7.7, 6.7, 5.3, 4.2, 3.6, 3.4, 3.2, 3.2, 3.3, 3.2, 2.8, 2.4, 2.0, 1.9, 1.9, 2.0, 2.1, 2.2], ""ammonia"": [null, null, null, null, null, null, null, null, null, null, null, null, null, null, null, null, null, null, null, null, null, null, null, null, null, null, null, null, null, null, null, null, null, null, null, null, null, null, null, null, null, null, null, null, null, null, null, null, null, null, null, null, null, null, null, null, null, null, null, null, null, null, null, null, null, null, null, null, null, null, null, null, null, null, null, null, null, null, null, null, null, null, null, null, null, null, null, null, null, null, null, null, null, null, null, null, null, null, null, null, null, null, null, null, null, null, null, null, null, null, null, null, null, null, null, null, null, null, null, null], ""us_aqi"": [122, 118, 116, 113, 112, 110, 108, 106, 106, 106, 106, 107, 108, 110, 112, 114, 116, 117, 117, 118, 120, 124, 128, 133, 138, 143, 147, 150, 151, 152, 153, 155, 156, 157, 158, 159, 160, 161, 162, 162, 163, 164, 164, 165, 165, 165, 165, 165, 164, 164, 163, 163, 162, 162, 161, 161, 160, 159, 159, 158, 157, 156, 155, 153, 152, 151, 149, 142, 135, 128, 123, 120, 118, 118, 119, 121, 123, 125, 127, 129, 131, 133, 134, 136, 137, 138, 139, 140, 140, 141, 141, 141, 140, 139, 138, 135, 132, 128, 125, 121, 118, 116, 115, 113, 112, 111, 110, 109, 108, 107, 106, 106, 106, 106, 106, 105, 105, 104, 104, 103]}}}"
2026-07-27T21:01:41.274075+00:00,Gambat,PK,27.3517,68.5247,,,,,,,,,,,,,,,,,aqicn,success,22.88169830001425,"{""air_quality"": {""status"": ""error"", ""data"": ""Invalid key""}}"
2026-07-27T21:01:23.996357+00:00,Lahore,PK,31.5204,74.3587,33.58,49.0,996.0,2.22,179.0,86.0,,3.0,46.0,56.87,749.65,0.04,18.45,1.27,19.26,18.54,openweather,success,0.7677004999713972,"{""weather"": {""coord"": {""lon"": 74.3587, ""lat"": 31.5204}, ""weather"": [{""id"": 804, ""main"": ""Clouds"", ""description"": ""overcast clouds"", ""icon"": ""04n""}], ""base"": ""stations"", ""main"": {""temp"": 33.58, ""feels_like"": 37.18, ""temp_min"": 33.58, ""temp_max"": 33.58, ""pressure"": 996, ""humidity"": 49, ""sea_level"": 996, ""grnd_level"": 972}, ""visibility"": 10000, ""wind"": {""speed"": 2.22, ""deg"": 179, ""gust"": 3.59}, ""clouds"": {""all"": 86}, ""dt"": 1785186028, ""sys"": {""country"": ""PK"", ""sunrise"": 1785197749, ""sunset"": 1785247324}, ""timezone"": 18000, ""id"": 1347925, ""name"": ""Lahore Cantonment"", ""cod"": 200}, ""air_quality"": {""coord"": {""lon"": 74.3587, ""lat"": 31.5204}, ""list"": [{""main"": {""aqi"": 3}, ""components"": {""co"": 749.65, ""no"": 0.04, ""no2"": 18.45, ""o3"": 19.26, ""so2"": 1.27, ""pm2_5"": 46, ""pm10"": 56.87, ""nh3"": 18.54}, ""dt"": 1785186083}]}}"
2026-07-27T21:00,Lahore,PK,31.5204,74.3587,30.2,90.0,996.2,0.6,72.0,97.0,0.0,157.0,90.1,91.3,2230.0,,40.7,21.9,60.0,,openmeteo,success,0.7199391000904143,"{""weather"": {""latitude"": 31.528997, ""longitude"": 74.38995, ""generationtime_ms"": 0.09274482727050781, ""utc_offset_seconds"": 0, ""timezone"": ""GMT"", ""timezone_abbreviation"": ""GMT"", ""elevation"": 220.0, ""current_units"": {""time"": ""iso8601"", ""interval"": ""seconds"", ""temperature_2m"": ""°C"", ""relative_humidity_2m"": ""%"", ""pressure_msl"": ""hPa"", ""wind_speed_10m"": ""km/h"", ""wind_direction_10m"": ""°"", ""cloud_cover"": ""%"", ""rain"": ""mm""}, ""current"": {""time"": ""2026-07-27T21:00"", ""interval"": 900, ""temperature_2m"": 30.2, ""relative_humidity_2m"": 90, ""pressure_msl"": 996.2, ""wind_speed_10m"": 0.6, ""wind_direction_10m"": 72, ""cloud_cover"": 97, ""rain"": 0.0}}, ""air_quality"": {""latitude"": 31.5, ""longitude"": 74.40001, ""generationtime_ms"": 0.34105777740478516, ""utc_offset_seconds"": 0, ""timezone"": ""GMT"", ""timezone_abbreviation"": ""GMT"", ""elevation"": 220.0, ""hourly_units"": {""time"": ""iso8601"", ""pm10"": ""μg/m³"", ""pm2_5"": ""μg/m³"", ""carbon_monoxide"": ""μg/m³"", ""nitrogen_dioxide"": ""μg/m³"", ""ozone"": ""μg/m³"", ""sulphur_dioxide"": ""μg/m³"", ""ammonia"": ""μg/m³"", ""us_aqi"": ""USAQI""}, ""hourly"": {""time"": [""2026-07-27T00:00"", ""2026-07-27T01:00"", ""2026-07-27T02:00"", ""2026-07-27T03:00"", ""2026-07-27T04:00"", ""2026-07-27T05:00"", ""2026-07-27T06:00"", ""2026-07-27T07:00"", ""2026-07-27T08:00"", ""2026-07-27T09:00"", ""2026-07-27T10:00"", ""2026-07-27T11:00"", ""2026-07-27T12:00"", ""2026-07-27T13:00"", ""2026-07-27T14:00"", ""2026-07-27T15:00"", ""2026-07-27T16:00"", ""2026-07-27T17:00"", ""2026-07-27T18:00"", ""2026-07-27T19:00"", ""2026-07-27T20:00"", ""2026-07-27T21:00"", ""2026-07-27T22:00"", ""2026-07-27T23:00"", ""2026-07-28T00:00"", ""2026-07-28T01:00"", ""2026-07-28T02:00"", ""2026-07-28T03:00"", ""2026-07-28T04:00"", ""2026-07-28T05:00"", ""2026-07-28T06:00"", ""2026-07-28T07:00"", ""2026-07-28T08:00"", ""2026-07-28T09:00"", ""2026-07-28T10:00"", ""2026-07-28T11:00"", ""2026-07-28T12:00"", ""2026-07-28T13:00"", ""2026-07-28T14:00"", ""2026-07-28T15:00"", ""2026-07-28T16:00"", ""2026-07-28T17:00"", ""2026-07-28T18:00"", ""2026-07-28T19:00"", ""2026-07-28T20:00"", ""2026-07-28T21:00"", ""2026-07-28T22:00"", ""2026-07-28T23:00"", ""2026-07-29T00:00"", ""2026-07-29T01:00"", ""2026-07-29T02:00"", ""2026-07-29T03:00"", ""2026-07-29T04:00"", ""2026-07-29T05:00"", ""2026-07-29T06:00"", ""2026-07-29T07:00"", ""2026-07-29T08:00"", ""2026-07-29T09:00"", ""2026-07-29T10:00"", ""2026-07-29T11:00"", ""2026-07-29T12:00"", ""2026-07-29T13:00"", ""2026-07-29T14:00"", ""2026-07-29T15:00"", ""2026-07-29T16:00"", ""2026-07-29T17:00"", ""2026-07-29T18:00"", ""2026-07-29T19:00"", ""2026-07-29T20:00"", ""2026-07-29T21:00"", ""2026-07-29T22:00"", ""2026-07-29T23:00"", ""2026-07-30T00:00"", ""2026-07-30T01:00"", ""2026-07-30T02:00"", ""2026-07-30T03:00"", ""2026-07-30T04:00"", ""2026-07-30T05:00"", ""2026-07-30T06:00"", ""2026-07-30T07:00"", ""2026-07-30T08:00"", ""2026-07-30T09:00"", ""2026-07-30T10:00"", ""2026-07-30T11:00"", ""2026-07-30T12:00"", ""2026-07-30T13:00"", ""2026-07-30T14:00"", ""2026-07-30T15:00"", ""2026-07-30T16:00"", ""2026-07-30T17:00"", ""2026-07-30T18:00"", ""2026-07-30T19:00"", ""2026-07-30T20:00"", ""2026-07-30T21:00"", ""2026-07-30T22:00"", ""2026-07-30T23:00"", ""2026-07-31T00:00"", ""2026-07-31T01:00"", ""2026-07-31T02:00"", ""2026-07-31T03:00"", ""2026-07-31T04:00"", ""2026-07-31T05:00"", ""2026-07-31T06:00"", ""2026-07-31T07:00"", ""2026-07-31T08:00"", ""2026-07-31T09:00"", ""2026-07-31T10:00"", ""2026-07-31T11:00"", ""2026-07-31T12:00"", ""2026-07-31T13:00"", ""2026-07-31T14:00"", ""2026-07-31T15:00"", ""2026-07-31T16:00"", ""2026-07-31T17:00"", ""2026-07-31T18:00"", ""2026-07-31T19:00"", ""2026-07-31T20:00"", ""2026-07-31T21:00"", ""2026-07-31T22:00"", ""2026-07-31T23:00""], ""pm10"": [91.3, 91.3, 79.9, 61.0, 53.1, 51.5, 55.6, 59.1, 58.3, 57.5, 57.4, 56.8, 59.5, 65.9, 78.5, 99.9, 112.0, 89.2, 80.1, 75.9, 69.6, 59.8, 51.1, 47.8, 42.6, 34.8, 30.2, 28.6, 30.4, 32.5, 33.5, 37.0, 40.0, 40.4, 40.4, 41.0, 40.4, 40.5, 44.0, 44.7, 49.6, 57.2, 57.7, 57.5, 58.7, 58.7, 53.0, 47.1, 40.3, 30.7, 26.9, 22.0, 22.7, 23.9, 24.8, 27.0, 30.2, 33.4, 37.8, 38.9, 39.8, 41.3, 59.1, 76.6, 80.3, 67.1, 58.4, 52.4, 48.9, 47.1, 42.7, 40.5, 36.2, 31.8, 25.4, 20.7, 18.5, 16.8, 18.6, 15.4, 16.6, 19.0, 21.7, 23.3, 25.6, 29.2, 32.4, 40.7, 47.1, 52.6, 56.0, 50.4, 48.8, 49.4, 46.0, 39.7, 35.5, 29.3, 26.2, 25.8, 28.3, 25.3, 27.0, 25.2, 23.7, 25.3, 25.9, 26.1, 26.4, 28.9, 36.8, 44.8, 51.5, 51.1, 53.2, 53.8, 52.9, 52.7, 51.0, 48.7], ""pm2_5"": [90.1, 90.1, 78.7, 59.6, 51.7, 50.2, 54.1, 57.4, 56.0, 54.5, 53.4, 52.0, 53.8, 61.0, 74.5, 95.2, 107.8, 85.9, 77.5, 74.0, 67.8, 57.5, 49.7, 46.8, 41.3, 33.9, 29.1, 27.1, 27.9, 28.9, 29.2, 31.8, 33.9, 34.2, 34.2, 34.6, 34.5, 35.5, 40.9, 42.4, 47.6, 55.2, 55.5, 55.1, 56.1, 55.6, 49.1, 43.8, 36.8, 27.9, 24.6, 19.4, 18.3, 19.0, 19.2, 21.8, 23.1, 25.5, 29.4, 30.5, 31.7, 33.9, 53.7, 71.5, 76.1, 63.6, 55.3, 49.9, 47.0, 45.6, 40.7, 38.0, 34.2, 30.6, 24.6, 20.1, 18.1, 16.5, 18.3, 15.2, 16.2, 18.5, 21.0, 22.7, 24.9, 28.6, 32.0, 40.4, 46.9, 52.4, 55.8, 50.3, 48.5, 49.2, 45.8, 39.3, 35.3, 28.9, 25.8, 25.4, 27.8, 24.0, 25.7, 24.6, 23.4, 25.1, 25.8, 26.0, 26.3, 28.8, 36.8, 44.7, 51.3, 51.0, 53.1, 53.7, 52.7, 52.6, 50.9, 48.5], ""carbon_monoxide"": [2230.0, 2063.0, 1820.0, 1572.0, 1325.0, 1073.0, 869.0, 733.0, 646.0, 598.0, 504.0, 451.0, 688.0, 1559.0, 2721.0, 3395.0, 3126.0, 2369.0, 1712.0, 1374.0, 1136.0, 928.0, 709.0, 519.0, 409.0, 436.0, 544.0, 609.0, 569.0, 487.0, 432.0, 426.0, 448.0, 500.0, 603.0, 736.0, 845.0, 915.0, 960.0, 964.0, 906.0, 807.0, 712.0, 630.0, 551.0, 493.0, 460.0, 449.0, 463.0, 526.0, 614.0, 666.0, 640.0, 577.0, 537.0, 536.0, 557.0, 615.0, 663.0, 747.0, 1015.0, 1733.0, 2634.0, 3074.0, 2619.0, 1702.0, 972.0, 695.0, 606.0, 558.0, 509.0, 501.0, 513.0, 553.0, 613.0, 645.0, 621.0, 570.0, 529.0, 509.0, 500.0, 508.0, 544.0, 598.0, 645.0, 678.0, 703.0, 720.0, 729.0, 730.0, 715.0, 674.0, 618.0, 569.0, 526.0, 490.0, 494.0, 581.0, 708.0, 775.0, 705.0, 574.0, 515.0, 614.0, 784.0, 897.0, 872.0, 790.0, 760.0, 859.0, 1009.0, 1090.0, 1036.0, 913.0, 796.0, 703.0, 615.0, 551.0, 525.0, 522.0], ""nitrogen_dioxide"": [40.7, 36.8, 31.1, 25.1, 18.5, 11.5, 6.6, 4.9, 5.2, 6.3, 4.4, 3.2, 13.4, 48.1, 94.1, 122.2, 116.2, 92.4, 69.6, 53.6, 38.8, 27.2, 20.1, 16.3, 14.5, 15.3, 18.0, 19.2, 16.8, 12.8, 9.6, 7.9, 7.0, 6.9, 6.9, 7.7, 11.9, 22.4, 36.2, 47.4, 54.3, 58.6, 58.8, 53.1, 43.5, 34.3, 26.2, 18.6, 14.2, 15.9, 21.0, 23.6, 20.9, 15.7, 11.6, 9.5, 8.4, 8.5, 7.3, 7.3, 16.6, 45.3, 83.1, 107.7, 107.6, 94.1, 79.1, 65.0, 49.3, 36.1, 26.6, 19.5, 15.3, 15.6, 18.7, 20.4, 18.6, 15.3, 12.4, 10.1, 8.2, 7.4, 6.8, 7.3, 12.3, 25.6, 43.3, 57.1, 64.6, 68.1, 66.6, 57.0, 42.3, 30.2, 23.5, 19.4, 17.6, 19.5, 23.6, 25.2, 21.3, 14.8, 9.8, 7.4, 6.6, 8.1, 12.3, 18.8, 27.2, 39.4, 53.4, 63.4, 66.6, 65.7, 62.5, 56.5, 48.1, 40.4, 34.1, 28.6], ""ozone"": [60.0, 78.0, 103.0, 134.0, 174.0, 220.0, 252.0, 262.0, 259.0, 251.0, 244.0, 233.0, 207.0, 152.0, 84.0, 37.0, 32.0, 49.0, 66.0, 76.0, 85.0, 91.0, 91.0, 88.0, 86.0, 87.0, 89.0, 95.0, 108.0, 124.0, 142.0, 161.0, 181.0, 195.0, 205.0, 210.0, 201.0, 169.0, 124.0, 87.0, 66.0, 53.0, 46.0, 45.0, 49.0, 56.0, 66.0, 79.0, 88.0, 87.0, 81.0, 82.0, 95.0, 114.0, 131.0, 145.0, 158.0, 168.0, 180.0, 189.0, 181.0, 140.0, 83.0, 40.0, 28.0, 31.0, 36.0, 40.0, 47.0, 55.0, 65.0, 77.0, 87.0, 92.0, 95.0, 100.0, 109.0, 120.0, 131.0, 143.0, 156.0, 166.0, 175.0, 180.0, 173.0, 143.0, 101.0, 67.0, 49.0, 39.0, 36.0, 40.0, 51.0, 60.0, 66.0, 70.0, 73.0, 71.0, 68.0, 72.0, 91.0, 117.0, 138.0, 149.0, 154.0, 152.0, 141.0, 124.0, 105.0, 84.0, 61.0, 43.0, 33.0, 29.0, 27.0, 28.0, 32.0, 36.0, 41.0, 46.0], ""sulphur_dioxide"": [21.9, 23.0, 24.6, 26.1, 27.7, 29.3, 29.6, 27.7, 24.4, 21.7, 19.8, 18.3, 18.1, 20.2, 23.6, 25.8, 25.9, 24.9, 23.2, 20.7, 17.6, 14.6, 11.8, 9.2, 7.6, 7.6, 8.5, 9.4, 10.0, 10.6, 11.0, 11.2, 11.3, 11.5, 12.0, 12.7, 13.1, 13.0, 12.6, 12.4, 12.7, 13.3, 13.6, 13.5, 13.2, 12.5, 10.9, 8.8, 7.6, 8.1, 9.4, 10.6, 11.3, 11.8, 12.3, 12.6, 12.7, 13.1, 13.8, 14.6, 15.9, 18.1, 20.7, 22.0, 21.1, 18.9, 16.6, 14.4, 12.1, 10.1, 8.4, 7.1, 6.6, 7.5, 9.3, 10.7, 11.3, 11.7, 11.9, 12.1, 12.1, 12.3, 12.7, 13.3, 13.5, 13.2, 12.5, 12.2, 12.5, 13.2, 13.4, 13.0, 12.2, 11.2, 9.9, 8.5, 7.7, 7.8, 8.6, 9.5, 10.8, 12.4, 13.3, 13.2, 12.5, 11.5, 10.0, 8.2, 7.3, 8.1, 9.7, 11.0, 11.5, 11.6, 11.5, 11.2, 10.6, 10.0, 9.2, 8.4], ""ammonia"": [null, null, null, null, null, null, null, null, null, null, null, null, null, null, null, null, null, null, null, null, null, null, null, null, null, null, null, null, null, null, null, null, null, null, null, null, null, null, null, null, null, null, null, null, null, null, null, null, null, null, null, null, null, null, null, null, null, null, null, null, null, null, null, null, null, null, null, null, null, null, null, null, null, null, null, null, null, null, null, null, null, null, null, null, null, null, null, null, null, null, null, null, null, null, null, null, null, null, null, null, null, null, null, null, null, null, null, null, null, null, null, null, null, null, null, null, null, null, null, null], ""us_aqi"": [157, 158, 159, 160, 160, 160, 160, 161, 162, 174, 201, 210, 217, 219, 214, 203, 171, 167, 167, 166, 165, 164, 162, 160, 158, 157, 155, 153, 152, 152, 151, 150, 148, 146, 144, 142, 149, 164, 171, 168, 156, 134, 117, 115, 113, 112, 111, 111, 111, 111, 110, 109, 109, 108, 107, 106, 104, 103, 102, 102, 118, 136, 141, 131, 109, 108, 109, 109, 109, 108, 107, 106, 105, 105, 105, 105, 105, 105, 105, 105, 104, 104, 103, 102, 118, 131, 136, 130, 113, 93, 93, 93, 93, 93, 93, 93, 94, 94, 94, 94, 94, 95, 95, 96, 97, 97, 98, 98, 98, 99, 99, 99, 99, 100, 99, 99, 100, 100, 100, 101]}}}"
2026-07-27T21:01:21.433763+00:00,Lahore,PK,31.5204,74.3587,,,,,,,,,,,,,,,,,aqicn,success,3.033451299997978,"{""air_quality"": {""status"": ""error"", ""data"": ""Invalid key""}}"
2026-07-27T21:12:27.658725+00:00,Karachi,PK,24.8607,67.0011,,,,,,,,,,,,,,,,,openweather,success,27.799126700032502,"{""weather"": null, ""air_quality"": null}"
2026-07-27T21:00,Karachi,PK,24.8607,67.0011,28.0,83.0,998.8,15.2,256.0,76.0,0.0,82.0,20.8,58.9,121.0,,4.6,4.7,49.0,,openmeteo,success,3.1227248000213876,"{""weather"": {""latitude"": 24.850615, ""longitude"": 66.992485, ""generationtime_ms"": 0.11014938354492188, ""utc_offset_seconds"": 0, ""timezone"": ""GMT"", ""timezone_abbreviation"": ""GMT"", ""elevation"": 7.0, ""current_units"": {""time"": ""iso8601"", ""interval"": ""seconds"", ""temperature_2m"": ""°C"", ""relative_humidity_2m"": ""%"", ""pressure_msl"": ""hPa"", ""wind_speed_10m"": ""km/h"", ""wind_direction_10m"": ""°"", ""cloud_cover"": ""%"", ""rain"": ""mm""}, ""current"": {""time"": ""2026-07-27T21:00"", ""interval"": 900, ""temperature_2m"": 28.0, ""relative_humidity_2m"": 83, ""pressure_msl"": 998.8, ""wind_speed_10m"": 15.2, ""wind_direction_10m"": 256, ""cloud_cover"": 76, ""rain"": 0.0}}, ""air_quality"": {""latitude"": 24.900002, ""longitude"": 67.0, ""generationtime_ms"": 0.42879581451416016, ""utc_offset_seconds"": 0, ""timezone"": ""GMT"", ""timezone_abbreviation"": ""GMT"", ""elevation"": 7.0, ""hourly_units"": {""time"": ""iso8601"", ""pm10"": ""μg/m³"", ""pm2_5"": ""μg/m³"", ""carbon_monoxide"": ""μg/m³"", ""nitrogen_dioxide"": ""μg/m³"", ""ozone"": ""μg/m³"", ""sulphur_dioxide"": ""μg/m³"", ""ammonia"": ""μg/m³"", ""us_aqi"": ""USAQI""}, ""hourly"": {""time"": [""2026-07-27T00:00"", ""2026-07-27T01:00"", ""2026-07-27T02:00"", ""2026-07-27T03:00"", ""2026-07-27T04:00"", ""2026-07-27T05:00"", ""2026-07-27T06:00"", ""2026-07-27T07:00"", ""2026-07-27T08:00"", ""2026-07-27T09:00"", ""2026-07-27T10:00"", ""2026-07-27T11:00"", ""2026-07-27T12:00"", ""2026-07-27T13:00"", ""2026-07-27T14:00"", ""2026-07-27T15:00"", ""2026-07-27T16:00"", ""2026-07-27T17:00"", ""2026-07-27T18:00"", ""2026-07-27T19:00"", ""2026-07-27T20:00"", ""2026-07-27T21:00"", ""2026-07-27T22:00"", ""2026-07-27T23:00"", ""2026-07-28T00:00"", ""2026-07-28T01:00"", ""2026-07-28T02:00"", ""2026-07-28T03:00"", ""2026-07-28T04:00"", ""2026-07-28T05:00"", ""2026-07-28T06:00"", ""2026-07-28T07:00"", ""2026-07-28T08:00"", ""2026-07-28T09:00"", ""2026-07-28T10:00"", ""2026-07-28T11:00"", ""2026-07-28T12:00"", ""2026-07-28T13:00"", ""2026-07-28T14:00"", ""2026-07-28T15:00"", ""2026-07-28T16:00"", ""2026-07-28T17:00"", ""2026-07-28T18:00"", ""2026-07-28T19:00"", ""2026-07-28T20:00"", ""2026-07-28T21:00"", ""2026-07-28T22:00"", ""2026-07-28T23:00"", ""2026-07-29T00:00"", ""2026-07-29T01:00"", ""2026-07-29T02:00"", ""2026-07-29T03:00"", ""2026-07-29T04:00"", ""2026-07-29T05:00"", ""2026-07-29T06:00"", ""2026-07-29T07:00"", ""2026-07-29T08:00"", ""2026-07-29T09:00"", ""2026-07-29T10:00"", ""2026-07-29T11:00"", ""2026-07-29T12:00"", ""2026-07-29T13:00"", ""2026-07-29T14:00"", ""2026-07-29T15:00"", ""2026-07-29T16:00"", ""2026-07-29T17:00"", ""2026-07-29T18:00"", ""2026-07-29T19:00"", ""2026-07-29T20:00"", ""2026-07-29T21:00"", ""2026-07-29T22:00"", ""2026-07-29T23:00"", ""2026-07-30T00:00"", ""2026-07-30T01:00"", ""2026-07-30T02:00"", ""2026-07-30T03:00"", ""2026-07-30T04:00"", ""2026-07-30T05:00"", ""2026-07-30T06:00"", ""2026-07-30T07:00"", ""2026-07-30T08:00"", ""2026-07-30T09:00"", ""2026-07-30T10:00"", ""2026-07-30T11:00"", ""2026-07-30T12:00"", ""2026-07-30T13:00"", ""2026-07-30T14:00"", ""2026-07-30T15:00"", ""2026-07-30T16:00"", ""2026-07-30T17:00"", ""2026-07-30T18:00"", ""2026-07-30T19:00"", ""2026-07-30T20:00"", ""2026-07-30T21:00"", ""2026-07-30T22:00"", ""2026-07-30T23:00"", ""2026-07-31T00:00"", ""2026-07-31T01:00"", ""2026-07-31T02:00"", ""2026-07-31T03:00"", ""2026-07-31T04:00"", ""2026-07-31T05:00"", ""2026-07-31T06:00"", ""2026-07-31T07:00"", ""2026-07-31T08:00"", ""2026-07-31T09:00"", ""2026-07-31T10:00"", ""2026-07-31T11:00"", ""2026-07-31T12:00"", ""2026-07-31T13:00"", ""2026-07-31T14:00"", ""2026-07-31T15:00"", ""2026-07-31T16:00"", ""2026-07-31T17:00"", ""2026-07-31T18:00"", ""2026-07-31T19:00"", ""2026-07-31T20:00"", ""2026-07-31T21:00"", ""2026-07-31T22:00"", ""2026-07-31T23:00""], ""pm10"": [58.9, 61.7, 78.2, 105.0, 106.4, 120.1, 121.5, 118.3, 113.4, 113.2, 110.6, 103.6, 95.0, 85.0, 77.1, 73.3, 73.8, 76.1, 74.3, 61.9, 55.5, 57.7, 49.2, 46.6, 53.3, 47.3, 52.7, 64.3, 69.2, 75.0, 78.2, 81.7, 85.0, 89.6, 86.4, 85.4, 77.5, 77.1, 64.5, 59.1, 47.6, 43.5, 43.1, 41.9, 40.0, 39.3, 40.0, 40.5, 41.9, 40.9, 45.6, 56.5, 73.8, 84.1, 92.7, 86.6, 79.4, 77.3, 77.8, 76.6, 70.8, 65.0, 57.5, 51.1, 50.6, 50.4, 50.3, 50.4, 50.5, 50.6, 51.7, 56.0, 61.9, 61.5, 65.7, 75.9, 93.6, 93.8, 93.4, 93.8, 90.8, 88.0, 87.1, 85.9, 84.1, 79.2, 73.6, 66.6, 63.8, 63.6, 63.8, 63.8, 62.2, 57.7, 53.0, 51.3, 51.0, 53.7, 75.2, 96.9, 112.2, 117.6, 118.3, 118.5, 117.1, 111.5, 103.1, 95.2, 88.9, 84.8, 82.7, 80.8, 78.2, 77.1, 75.7, 75.9, 75.4, 75.2, 73.6, 71.7], ""pm2_5"": [20.8, 21.4, 24.3, 30.7, 31.4, 35.6, 37.4, 37.7, 36.8, 36.6, 36.1, 34.8, 32.9, 30.3, 28.2, 27.0, 26.6, 26.2, 25.1, 21.2, 19.3, 19.8, 17.5, 17.0, 19.3, 17.9, 19.3, 24.2, 25.9, 27.3, 27.9, 29.2, 30.3, 31.9, 31.4, 31.2, 29.0, 29.3, 26.3, 26.0, 21.4, 20.4, 20.4, 20.1, 19.3, 18.6, 18.3, 18.3, 18.6, 18.6, 20.3, 22.5, 28.3, 30.9, 33.5, 33.2, 32.0, 31.1, 30.9, 30.0, 28.6, 27.5, 25.1, 22.9, 22.7, 22.9, 23.5, 23.7, 23.1, 22.1, 21.5, 21.8, 22.7, 22.8, 24.0, 26.4, 32.2, 33.4, 34.8, 36.0, 35.9, 35.2, 34.6, 33.9, 33.1, 31.7, 30.2, 27.2, 25.8, 25.7, 25.8, 25.9, 25.4, 24.4, 23.3, 22.7, 22.4, 23.2, 27.3, 31.1, 34.6, 37.0, 39.1, 41.1, 42.5, 42.1, 39.8, 36.9, 34.3, 32.1, 30.6, 29.7, 27.9, 27.1, 26.5, 26.0, 25.2, 25.0, 24.6, 24.2], ""carbon_monoxide"": [121.0, 165.0, 225.0, 262.0, 256.0, 228.0, 205.0, 196.0, 192.0, 193.0, 203.0, 217.0, 226.0, 224.0, 215.0, 205.0, 193.0, 179.0, 165.0, 149.0, 133.0, 121.0, 112.0, 108.0, 120.0, 167.0, 231.0, 269.0, 257.0, 219.0, 191.0, 186.0, 191.0, 200.0, 215.0, 235.0, 247.0, 246.0, 238.0, 230.0, 225.0, 219.0, 208.0, 187.0, 162.0, 144.0, 132.0, 128.0, 142.0, 195.0, 267.0, 311.0, 297.0, 255.0, 222.0, 212.0, 213.0, 221.0, 241.0, 268.0, 292.0, 310.0, 325.0, 331.0, 324.0, 308.0, 286.0, 253.0, 213.0, 182.0, 160.0, 146.0, 154.0, 204.0, 275.0, 318.0, 304.0, 262.0, 231.0, 224.0, 227.0, 240.0, 263.0, 295.0, 331.0, 373.0, 419.0, 454.0, 482.0, 499.0, 481.0, 400.0, 284.0, 198.0, 163.0, 158.0, 184.0, 262.0, 371.0, 449.0, 465.0, 449.0, 429.0, 410.0, 388.0, 376.0, 384.0, 403.0, 418.0, 428.0, 433.0, 425.0, 391.0, 343.0, 308.0, 296.0, 297.0, 307.0, 332.0, 366.0], ""nitrogen_dioxide"": [4.6, 5.7, 7.1, 7.9, 7.3, 6.0, 4.9, 4.1, 3.4, 3.3, 3.9, 4.9, 6.2, 7.9, 9.9, 11.0, 10.7, 9.5, 8.4, 7.7, 7.1, 6.5, 5.6, 4.7, 4.5, 5.9, 8.0, 9.3, 8.9, 7.6, 6.4, 5.3, 4.3, 3.9, 4.4, 5.6, 7.1, 9.3, 11.9, 13.8, 14.5, 14.4, 13.7, 12.2, 10.2, 8.4, 6.9, 5.7, 5.3, 6.5, 8.6, 9.7, 8.7, 6.8, 5.2, 4.4, 4.0, 4.2, 5.1, 6.7, 8.8, 11.8, 15.3, 18.1, 19.8, 20.8, 20.7, 19.2, 16.7, 14.1, 11.2, 8.2, 6.5, 7.3, 9.5, 10.6, 9.5, 7.5, 5.8, 4.9, 4.4, 4.6, 5.6, 7.2, 9.6, 13.5, 18.1, 21.3, 21.8, 20.8, 19.6, 18.6, 17.4, 16.5, 15.9, 15.4, 15.4, 16.2, 17.3, 17.6, 16.4, 14.4, 12.4, 10.5, 8.7, 7.9, 8.4, 10.0, 12.3, 16.1, 20.8, 24.0, 24.9, 24.4, 23.2, 21.3, 18.7, 16.6, 15.4, 14.7], ""ozone"": [49.0, 49.0, 48.0, 52.0, 63.0, 77.0, 88.0, 92.0, 91.0, 88.0, 81.0, 71.0, 62.0, 55.0, 50.0, 46.0, 45.0, 46.0, 47.0, 47.0, 47.0, 47.0, 48.0, 49.0, 49.0, 48.0, 47.0, 47.0, 50.0, 55.0, 61.0, 68.0, 75.0, 79.0, 77.0, 71.0, 65.0, 59.0, 53.0, 48.0, 46.0, 46.0, 46.0, 47.0, 48.0, 49.0, 50.0, 51.0, 51.0, 50.0, 48.0, 50.0, 59.0, 72.0, 83.0, 91.0, 98.0, 99.0, 92.0, 80.0, 69.0, 60.0, 52.0, 46.0, 42.0, 41.0, 40.0, 41.0, 42.0, 45.0, 49.0, 53.0, 56.0, 56.0, 54.0, 57.0, 69.0, 85.0, 99.0, 110.0, 118.0, 121.0, 115.0, 102.0, 89.0, 75.0, 61.0, 50.0, 47.0, 47.0, 48.0, 48.0, 48.0, 47.0, 44.0, 40.0, 39.0, 41.0, 45.0, 52.0, 62.0, 75.0, 87.0, 101.0, 115.0, 121.0, 114.0, 98.0, 82.0, 67.0, 51.0, 39.0, 34.0, 33.0, 34.0, 35.0, 38.0, 40.0, 41.0, 41.0], ""sulphur_dioxide"": [4.7, 5.0, 5.5, 6.0, 6.5, 7.0, 7.1, 6.7, 5.9, 5.3, 5.1, 5.1, 5.1, 5.1, 5.0, 5.0, 5.0, 5.0, 5.0, 4.9, 4.7, 4.6, 4.5, 4.3, 4.3, 4.5, 4.7, 5.0, 5.2, 5.5, 5.6, 5.6, 5.4, 5.3, 5.2, 5.2, 5.2, 5.3, 5.5, 5.7, 5.9, 6.2, 6.2, 5.9, 5.3, 4.9, 4.6, 4.5, 4.5, 4.8, 5.2, 5.6, 5.8, 6.0, 6.1, 6.1, 6.0, 5.9, 5.8, 5.8, 5.8, 6.0, 6.3, 6.7, 7.3, 7.9, 8.2, 7.9, 7.3, 6.7, 6.2, 5.8, 5.6, 5.9, 6.4, 6.9, 7.2, 7.5, 7.6, 7.5, 7.3, 7.1, 7.0, 7.0, 7.1, 7.3, 7.6, 8.0, 8.5, 9.1, 9.5, 9.4, 9.0, 8.7, 8.3, 7.9, 8.0, 9.0, 10.6, 12.0, 13.2, 14.2, 14.9, 15.1, 14.9, 14.3, 13.2, 11.9, 10.7, 9.9, 9.3, 9.1, 9.5, 10.3, 10.9, 10.9, 10.6, 10.5, 10.7, 11.0], ""ammonia"": [null, null, null, null, null, null, null, null, null, null, null, null, null, null, null, null, null, null, null, null, null, null, null, null, null, null, null, null, null, null, null, null, null, null, null, null, null, null, null, null, null, null, null, null, null, null, null, null, null, null, null, null, null, null, null, null, null, null, null, null, null, null, null, null, null, null, null, null, null, null, null, null, null, null, null, null, null, null, null, null, null, null, null, null, null, null, null, null, null, null, null, null, null, null, null, null, null, null, null, null, null, null, null, null, null, null, null, null, null, null, null, null, null, null, null, null, null, null, null, null], ""us_aqi"": [82, 82, 82, 82, 82, 82, 83, 83, 83, 83, 84, 84, 84, 85, 85, 85, 86, 86, 87, 87, 87, 87, 87, 86, 86, 86, 86, 85, 85, 84, 84, 83, 82, 82, 81, 81, 81, 80, 80, 80, 80, 80, 79, 79, 79, 79, 79, 79, 79, 79, 79, 79, 79, 79, 79, 80, 80, 80, 80, 80, 80, 80, 80, 80, 79, 80, 80, 80, 80, 81, 81, 81, 81, 82, 82, 82, 83, 83, 83, 83, 83, 84, 84, 84, 85, 85, 85, 86, 86, 86, 87, 87, 87, 87, 87, 87, 88, 87, 88, 88, 88, 88, 89, 89, 89, 90, 90, 91, 91, 91, 91, 91, 91, 92, 92, 92, 92, 92, 92, 92]}}}"
2026-07-27T21:12:02.131191+00:00,Karachi,PK,24.8607,67.0011,,,,,,,,,,,,,,,,,aqicn,success,2.2611676999367774,"{""air_quality"": {""status"": ""error"", ""data"": ""Invalid key""}}"
2026-07-27T21:12:27.235085+00:00,Hyderabad,PK,25.396,68.3578,,,,,,,,,,,,,,,,,openweather,success,27.363795700017363,"{""weather"": null, ""air_quality"": null}"
2026-07-27T21:00,Hyderabad,PK,25.396,68.3578,27.9,81.0,997.3,17.2,225.0,11.0,0.0,87.0,17.7,33.2,122.0,,8.5,6.4,35.0,,openmeteo,success,2.982776000048034,"{""weather"": {""latitude"": 25.413004, ""longitude"": 68.353195, ""generationtime_ms"": 0.32770633697509766, ""utc_offset_seconds"": 0, ""timezone"": ""GMT"", ""timezone_abbreviation"": ""GMT"", ""elevation"": 29.0, ""current_units"": {""time"": ""iso8601"", ""interval"": ""seconds"", ""temperature_2m"": ""°C"", ""relative_humidity_2m"": ""%"", ""pressure_msl"": ""hPa"", ""wind_speed_10m"": ""km/h"", ""wind_direction_10m"": ""°"", ""cloud_cover"": ""%"", ""rain"": ""mm""}, ""current"": {""time"": ""2026-07-27T21:00"", ""interval"": 900, ""temperature_2m"": 27.9, ""relative_humidity_2m"": 81, ""pressure_msl"": 997.3, ""wind_speed_10m"": 17.2, ""wind_direction_10m"": 225, ""cloud_cover"": 11, ""rain"": 0.0}}, ""air_quality"": {""latitude"": 25.400002, ""longitude"": 68.40001, ""generationtime_ms"": 0.624537467956543, ""utc_offset_seconds"": 0, ""timezone"": ""GMT"", ""timezone_abbreviation"": ""GMT"", ""elevation"": 29.0, ""hourly_units"": {""time"": ""iso8601"", ""pm10"": ""μg/m³"", ""pm2_5"": ""μg/m³"", ""carbon_monoxide"": ""μg/m³"", ""nitrogen_dioxide"": ""μg/m³"", ""ozone"": ""μg/m³"", ""sulphur_dioxide"": ""μg/m³"", ""ammonia"": ""μg/m³"", ""us_aqi"": ""USAQI""}, ""hourly"": {""time"": [""2026-07-27T00:00"", ""2026-07-27T01:00"", ""2026-07-27T02:00"", ""2026-07-27T03:00"", ""2026-07-27T04:00"", ""2026-07-27T05:00"", ""2026-07-27T06:00"", ""2026-07-27T07:00"", ""2026-07-27T08:00"", ""2026-07-27T09:00"", ""2026-07-27T10:00"", ""2026-07-27T11:00"", ""2026-07-27T12:00"", ""2026-07-27T13:00"", ""2026-07-27T14:00"", ""2026-07-27T15:00"", ""2026-07-27T16:00"", ""2026-07-27T17:00"", ""2026-07-27T18:00"", ""2026-07-27T19:00"", ""2026-07-27T20:00"", ""2026-07-27T21:00"", ""2026-07-27T22:00"", ""2026-07-27T23:00"", ""2026-07-28T00:00"", ""2026-07-28T01:00"", ""2026-07-28T02:00"", ""2026-07-28T03:00"", ""2026-07-28T04:00"", ""2026-07-28T05:00"", ""2026-07-28T06:00"", ""2026-07-28T07:00"", ""2026-07-28T08:00"", ""2026-07-28T09:00"", ""2026-07-28T10:00"", ""2026-07-28T11:00"", ""2026-07-28T12:00"", ""2026-07-28T13:00"", ""2026-07-28T14:00"", ""2026-07-28T15:00"", ""2026-07-28T16:00"", ""2026-07-28T17:00"", ""2026-07-28T18:00"", ""2026-07-28T19:00"", ""2026-07-28T20:00"", ""2026-07-28T21:00"", ""2026-07-28T22:00"", ""2026-07-28T23:00"", ""2026-07-29T00:00"", ""2026-07-29T01:00"", ""2026-07-29T02:00"", ""2026-07-29T03:00"", ""2026-07-29T04:00"", ""2026-07-29T05:00"", ""2026-07-29T06:00"", ""2026-07-29T07:00"", ""2026-07-29T08:00"", ""2026-07-29T09:00"", ""2026-07-29T10:00"", ""2026-07-29T11:00"", ""2026-07-29T12:00"", ""2026-07-29T13:00"", ""2026-07-29T14:00"", ""2026-07-29T15:00"", ""2026-07-29T16:00"", ""2026-07-29T17:00"", ""2026-07-29T18:00"", ""2026-07-29T19:00"", ""2026-07-29T20:00"", ""2026-07-29T21:00"", ""2026-07-29T22:00"", ""2026-07-29T23:00"", ""2026-07-30T00:00"", ""2026-07-30T01:00"", ""2026-07-30T02:00"", ""2026-07-30T03:00"", ""2026-07-30T04:00"", ""2026-07-30T05:00"", ""2026-07-30T06:00"", ""2026-07-30T07:00"", ""2026-07-30T08:00"", ""2026-07-30T09:00"", ""2026-07-30T10:00"", ""2026-07-30T11:00"", ""2026-07-30T12:00"", ""2026-07-30T13:00"", ""2026-07-30T14:00"", ""2026-07-30T15:00"", ""2026-07-30T16:00"", ""2026-07-30T17:00"", ""2026-07-30T18:00"", ""2026-07-30T19:00"", ""2026-07-30T20:00"", ""2026-07-30T21:00"", ""2026-07-30T22:00"", ""2026-07-30T23:00"", ""2026-07-31T00:00"", ""2026-07-31T01:00"", ""2026-07-31T02:00"", ""2026-07-31T03:00"", ""2026-07-31T04:00"", ""2026-07-31T05:00"", ""2026-07-31T06:00"", ""2026-07-31T07:00"", ""2026-07-31T08:00"", ""2026-07-31T09:00"", ""2026-07-31T10:00"", ""2026-07-31T11:00"", ""2026-07-31T12:00"", ""2026-07-31T13:00"", ""2026-07-31T14:00"", ""2026-07-31T15:00"", ""2026-07-31T16:00"", ""2026-07-31T17:00"", ""2026-07-31T18:00"", ""2026-07-31T19:00"", ""2026-07-31T20:00"", ""2026-07-31T21:00"", ""2026-07-31T22:00"", ""2026-07-31T23:00""], ""pm10"": [33.2, 37.0, 39.3, 44.0, 51.7, 61.9, 76.4, 88.0, 98.3, 105.9, 108.3, 105.0, 97.3, 88.0, 79.2, 76.4, 73.1, 69.2, 64.3, 59.0, 57.7, 57.2, 53.0, 48.8, 43.2, 39.0, 39.2, 51.1, 65.9, 70.8, 77.5, 84.3, 89.6, 92.2, 91.7, 90.3, 88.9, 86.8, 80.1, 75.4, 68.9, 62.6, 55.1, 45.1, 38.5, 36.7, 38.4, 40.5, 40.6, 39.8, 43.8, 58.9, 68.0, 89.4, 106.2, 127.1, 146.2, 155.1, 157.4, 149.5, 134.1, 113.2, 88.7, 74.0, 65.7, 60.8, 55.5, 50.2, 45.6, 44.7, 46.3, 49.8, 51.2, 53.7, 80.6, 69.6, 77.3, 79.6, 85.7, 95.2, 105.5, 116.9, 125.7, 128.5, 128.1, 118.5, 96.6, 77.8, 68.2, 61.7, 59.1, 56.2, 54.0, 52.4, 49.6, 48.9, 47.3, 46.0, 50.3, 61.9, 78.9, 95.7, 109.0, 114.8, 115.7, 112.7, 108.0, 104.3, 102.2, 100.6, 89.6, 77.5, 75.9, 68.2, 62.6, 58.7, 56.9, 54.2, 51.9, 50.6], ""pm2_5"": [17.7, 18.0, 18.3, 19.4, 21.4, 24.4, 28.9, 33.3, 37.1, 39.8, 41.6, 41.7, 40.7, 39.0, 36.9, 35.0, 32.8, 30.5, 28.0, 25.7, 23.5, 22.0, 19.6, 18.0, 16.3, 15.3, 15.8, 19.4, 23.8, 26.4, 29.5, 32.4, 34.5, 35.6, 35.9, 35.6, 35.3, 34.9, 33.5, 31.5, 29.3, 27.2, 24.4, 20.6, 17.8, 16.9, 17.2, 17.6, 17.6, 17.3, 18.2, 22.8, 24.3, 29.5, 34.3, 40.2, 45.5, 48.9, 50.5, 50.1, 47.6, 43.4, 37.7, 32.8, 29.7, 27.8, 25.2, 22.6, 20.2, 19.4, 19.6, 20.2, 20.5, 21.4, 28.2, 24.2, 27.1, 29.0, 32.1, 35.9, 39.6, 43.0, 45.4, 46.6, 47.0, 45.9, 42.7, 38.4, 34.2, 31.4, 29.7, 27.6, 25.7, 24.2, 22.1, 21.1, 20.4, 20.1, 21.1, 23.6, 27.6, 31.8, 35.4, 37.1, 37.6, 36.9, 35.6, 34.7, 34.1, 33.9, 34.1, 34.6, 33.6, 31.9, 30.2, 28.6, 27.4, 25.8, 24.7, 23.9], ""carbon_monoxide"": [122.0, 170.0, 236.0, 277.0, 267.0, 232.0, 206.0, 202.0, 207.0, 217.0, 237.0, 262.0, 276.0, 270.0, 252.0, 233.0, 215.0, 196.0, 181.0, 173.0, 169.0, 165.0, 157.0, 150.0, 153.0, 177.0, 210.0, 234.0, 238.0, 231.0, 222.0, 212.0, 201.0, 193.0, 192.0, 195.0, 197.0, 197.0, 197.0, 195.0, 191.0, 184.0, 174.0, 155.0, 133.0, 119.0, 116.0, 121.0, 140.0, 187.0, 248.0, 288.0, 286.0, 263.0, 244.0, 237.0, 234.0, 241.0, 268.0, 304.0, 323.0, 308.0, 277.0, 256.0, 263.0, 280.0, 287.0, 271.0, 245.0, 225.0, 215.0, 210.0, 219.0, 252.0, 298.0, 328.0, 326.0, 307.0, 292.0, 286.0, 284.0, 289.0, 308.0, 334.0, 354.0, 363.0, 366.0, 363.0, 356.0, 344.0, 321.0, 279.0, 227.0, 188.0, 168.0, 160.0, 174.0, 227.0, 301.0, 349.0, 346.0, 317.0, 288.0, 266.0, 244.0, 232.0, 231.0, 240.0, 264.0, 315.0, 380.0, 427.0, 446.0, 446.0, 420.0, 349.0, 253.0, 182.0, 162.0, 169.0], ""nitrogen_dioxide"": [8.5, 8.1, 7.4, 6.6, 5.4, 4.0, 2.8, 2.1, 1.7, 1.5, 1.5, 1.8, 2.4, 3.5, 4.9, 6.1, 6.9, 7.5, 7.7, 7.3, 6.6, 5.9, 5.5, 5.2, 4.9, 4.6, 4.2, 3.8, 3.1, 2.4, 1.8, 1.5, 1.4, 1.4, 1.5, 1.8, 2.3, 3.2, 4.4, 5.4, 6.1, 6.6, 6.9, 6.8, 6.5, 6.2, 6.0, 5.8, 5.6, 5.3, 5.1, 4.6, 3.8, 2.9, 2.2, 1.8, 1.7, 1.7, 1.9, 2.2, 2.8, 3.8, 4.9, 6.1, 7.2, 8.3, 9.0, 9.1, 8.8, 8.4, 8.2, 7.9, 7.5, 6.9, 6.2, 5.4, 4.4, 3.2, 2.3, 1.8, 1.6, 1.6, 1.7, 2.0, 2.6, 3.9, 5.5, 6.9, 7.8, 8.5, 9.1, 9.8, 10.4, 10.7, 10.5, 9.9, 9.3, 8.7, 7.9, 7.0, 5.8, 4.4, 3.3, 2.6, 2.1, 1.8, 1.5, 1.5, 2.5, 5.5, 9.6, 12.1, 11.5, 9.4, 8.0, 8.2, 9.1, 10.2, 11.4, 12.7], ""ozone"": [35.0, 36.0, 37.0, 42.0, 51.0, 63.0, 76.0, 89.0, 103.0, 113.0, 119.0, 122.0, 118.0, 104.0, 85.0, 68.0, 58.0, 50.0, 45.0, 43.0, 43.0, 44.0, 44.0, 44.0, 44.0, 44.0, 45.0, 49.0, 58.0, 69.0, 80.0, 90.0, 99.0, 104.0, 105.0, 102.0, 96.0, 87.0, 75.0, 65.0, 58.0, 52.0, 48.0, 46.0, 47.0, 47.0, 46.0, 46.0, 46.0, 47.0, 48.0, 53.0, 63.0, 75.0, 88.0, 100.0, 112.0, 121.0, 127.0, 131.0, 129.0, 118.0, 101.0, 85.0, 72.0, 59.0, 50.0, 46.0, 46.0, 46.0, 45.0, 45.0, 46.0, 47.0, 50.0, 56.0, 68.0, 84.0, 98.0, 110.0, 121.0, 129.0, 133.0, 135.0, 133.0, 127.0, 118.0, 107.0, 93.0, 76.0, 63.0, 54.0, 48.0, 44.0, 42.0, 41.0, 42.0, 43.0, 46.0, 52.0, 64.0, 79.0, 92.0, 100.0, 106.0, 109.0, 111.0, 110.0, 106.0, 95.0, 80.0, 68.0, 62.0, 58.0, 54.0, 49.0, 44.0, 40.0, 36.0, 32.0], ""sulphur_dioxide"": [6.4, 6.3, 6.3, 6.3, 6.5, 6.9, 7.2, 7.4, 7.6, 7.8, 7.9, 7.9, 8.0, 8.1, 8.3, 8.3, 8.2, 8.0, 7.8, 7.5, 7.2, 6.9, 6.4, 6.0, 5.6, 5.5, 5.5, 5.6, 5.8, 6.1, 6.3, 6.4, 6.4, 6.4, 6.4, 6.4, 6.5, 6.8, 7.1, 7.3, 7.3, 7.2, 7.1, 7.0, 6.8, 6.6, 6.4, 6.2, 6.1, 6.0, 5.9, 6.0, 6.2, 6.5, 6.9, 7.3, 7.8, 8.2, 8.4, 8.6, 8.7, 8.8, 8.9, 8.9, 8.8, 8.7, 8.5, 8.4, 8.2, 8.1, 8.0, 7.8, 7.7, 7.6, 7.4, 7.4, 7.5, 7.7, 8.0, 8.3, 8.7, 9.0, 9.0, 8.9, 8.9, 9.0, 9.1, 9.3, 9.5, 9.8, 9.9, 9.7, 9.4, 9.1, 8.8, 8.4, 8.2, 8.3, 8.5, 8.8, 9.3, 9.8, 9.8, 8.8, 7.3, 6.1, 5.5, 5.3, 5.2, 5.1, 5.2, 5.8, 7.3, 9.2, 10.6, 11.0, 10.8, 10.6, 10.6, 10.7], ""ammonia"": [null, null, null, null, null, null, null, null, null, null, null, null, null, null, null, null, null, null, null, null, null, null, null, null, null, null, null, null, null, null, null, null, null, null, null, null, null, null, null, null, null, null, null, null, null, null, null, null, null, null, null, null, null, null, null, null, null, null, null, null, null, null, null, null, null, null, null, null, null, null, null, null, null, null, null, null, null, null, null, null, null, null, null, null, null, null, null, null, null, null, null, null, null, null, null, null, null, null, null, null, null, null, null, null, null, null, null, null, null, null, null, null, null, null, null, null, null, null, null, null], ""us_aqi"": [87, 87, 87, 87, 87, 87, 86, 86, 86, 86, 86, 86, 87, 87, 87, 87, 87, 86, 86, 87, 87, 87, 88, 88, 88, 87, 87, 87, 87, 87, 87, 87, 87, 87, 87, 86, 86, 85, 85, 85, 85, 84, 84, 84, 83, 83, 83, 82, 82, 82, 83, 83, 83, 83, 83, 84, 84, 85, 86, 87, 88, 89, 90, 90, 91, 91, 91, 91, 91, 91, 91, 91, 92, 92, 92, 93, 93, 93, 93, 93, 93, 92, 92, 91, 91, 91, 91, 92, 92, 92, 93, 93, 93, 94, 94, 95, 95, 95, 94, 94, 94, 94, 94, 94, 94, 94, 94, 93, 92, 91, 90, 89, 89, 89, 89, 89, 89, 89, 90, 90]}}}"
2026-07-27T21:12:01.311674+00:00,Hyderabad,PK,25.396,68.3578,,,,,,,,,,,,,,,,,aqicn,success,1.438324399990961,"{""air_quality"": {""status"": ""error"", ""data"": ""Invalid key""}}"
2026-07-27T21:12:26.434403+00:00,Sukkur,PK,27.7052,68.8484,,,,,,,,,,,,,,,,,openweather,success,26.56020389997866,"{""weather"": null, ""air_quality"": null}"
2026-07-27T21:00,Sukkur,PK,27.7052,68.8484,32.7,58.0,994.8,13.1,198.0,48.0,0.0,89.0,27.7,29.6,945.0,,18.3,4.7,38.0,,openmeteo,success,1.8087338999612257,"{""weather"": {""latitude"": 27.732864, ""longitude"": 68.865166, ""generationtime_ms"": 3.9118528366088867, ""utc_offset_seconds"": 0, ""timezone"": ""GMT"", ""timezone_abbreviation"": ""GMT"", ""elevation"": 61.0, ""current_units"": {""time"": ""iso8601"", ""interval"": ""seconds"", ""temperature_2m"": ""°C"", ""relative_humidity_2m"": ""%"", ""pressure_msl"": ""hPa"", ""wind_speed_10m"": ""km/h"", ""wind_direction_10m"": ""°"", ""cloud_cover"": ""%"", ""rain"": ""mm""}, ""current"": {""time"": ""2026-07-27T21:00"", ""interval"": 900, ""temperature_2m"": 32.7, ""relative_humidity_2m"": 58, ""pressure_msl"": 994.8, ""wind_speed_10m"": 13.1, ""wind_direction_10m"": 198, ""cloud_cover"": 48, ""rain"": 0.0}}, ""air_quality"": {""latitude"": 27.700005, ""longitude"": 68.8, ""generationtime_ms"": 0.42879581451416016, ""utc_offset_seconds"": 0, ""timezone"": ""GMT"", ""timezone_abbreviation"": ""GMT"", ""elevation"": 61.0, ""hourly_units"": {""time"": ""iso8601"", ""pm10"": ""μg/m³"", ""pm2_5"": ""μg/m³"", ""carbon_monoxide"": ""μg/m³"", ""nitrogen_dioxide"": ""μg/m³"", ""ozone"": ""μg/m³"", ""sulphur_dioxide"": ""μg/m³"", ""ammonia"": ""μg/m³"", ""us_aqi"": ""USAQI""}, ""hourly"": {""time"": [""2026-07-27T00:00"", ""2026-07-27T01:00"", ""2026-07-27T02:00"", ""2026-07-27T03:00"", ""2026-07-27T04:00"", ""2026-07-27T05:00"", ""2026-07-27T06:00"", ""2026-07-27T07:00"", ""2026-07-27T08:00"", ""2026-07-27T09:00"", ""2026-07-27T10:00"", ""2026-07-27T11:00"", ""2026-07-27T12:00"", ""2026-07-27T13:00"", ""2026-07-27T14:00"", ""2026-07-27T15:00"", ""2026-07-27T16:00"", ""2026-07-27T17:00"", ""2026-07-27T18:00"", ""2026-07-27T19:00"", ""2026-07-27T20:00"", ""2026-07-27T21:00"", ""2026-07-27T22:00"", ""2026-07-27T23:00"", ""2026-07-28T00:00"", ""2026-07-28T01:00"", ""2026-07-28T02:00"", ""2026-07-28T03:00"", ""2026-07-28T04:00"", ""2026-07-28T05:00"", ""2026-07-28T06:00"", ""2026-07-28T07:00"", ""2026-07-28T08:00"", ""2026-07-28T09:00"", ""2026-07-28T10:00"", ""2026-07-28T11:00"", ""2026-07-28T12:00"", ""2026-07-28T13:00"", ""2026-07-28T14:00"", ""2026-07-28T15:00"", ""2026-07-28T16:00"", ""2026-07-28T17:00"", ""2026-07-28T18:00"", ""2026-07-28T19:00"", ""2026-07-28T20:00"", ""2026-07-28T21:00"", ""2026-07-28T22:00"", ""2026-07-28T23:00"", ""2026-07-29T00:00"", ""2026-07-29T01:00"", ""2026-07-29T02:00"", ""2026-07-29T03:00"", ""2026-07-29T04:00"", ""2026-07-29T05:00"", ""2026-07-29T06:00"", ""2026-07-29T07:00"", ""2026-07-29T08:00"", ""2026-07-29T09:00"", ""2026-07-29T10:00"", ""2026-07-29T11:00"", ""2026-07-29T12:00"", ""2026-07-29T13:00"", ""2026-07-29T14:00"", ""2026-07-29T15:00"", ""2026-07-29T16:00"", ""2026-07-29T17:00"", ""2026-07-29T18:00"", ""2026-07-29T19:00"", ""2026-07-29T20:00"", ""2026-07-29T21:00"", ""2026-07-29T22:00"", ""2026-07-29T23:00"", ""2026-07-30T00:00"", ""2026-07-30T01:00"", ""2026-07-30T02:00"", ""2026-07-30T03:00"", ""2026-07-30T04:00"", ""2026-07-30T05:00"", ""2026-07-30T06:00"", ""2026-07-30T07:00"", ""2026-07-30T08:00"", ""2026-07-30T09:00"", ""2026-07-30T10:00"", ""2026-07-30T11:00"", ""2026-07-30T12:00"", ""2026-07-30T13:00"", ""2026-07-30T14:00"", ""2026-07-30T15:00"", ""2026-07-30T16:00"", ""2026-07-30T17:00"", ""2026-07-30T18:00"", ""2026-07-30T19:00"", ""2026-07-30T20:00"", ""2026-07-30T21:00"", ""2026-07-30T22:00"", ""2026-07-30T23:00"", ""2026-07-31T00:00"", ""2026-07-31T01:00"", ""2026-07-31T02:00"", ""2026-07-31T03:00"", ""2026-07-31T04:00"", ""2026-07-31T05:00"", ""2026-07-31T06:00"", ""2026-07-31T07:00"", ""2026-07-31T08:00"", ""2026-07-31T09:00"", ""2026-07-31T10:00"", ""2026-07-31T11:00"", ""2026-07-31T12:00"", ""2026-07-31T13:00"", ""2026-07-31T14:00"", ""2026-07-31T15:00"", ""2026-07-31T16:00"", ""2026-07-31T17:00"", ""2026-07-31T18:00"", ""2026-07-31T19:00"", ""2026-07-31T20:00"", ""2026-07-31T21:00"", ""2026-07-31T22:00"", ""2026-07-31T23:00""], ""pm10"": [29.6, 27.2, 25.1, 17.5, 15.8, 21.0, 28.9, 36.7, 44.9, 50.6, 57.4, 63.1, 65.7, 68.7, 66.6, 68.7, 72.6, 76.8, 99.9, 154.1, 206.3, 218.9, 209.5, 192.3, 165.3, 135.5, 105.5, 82.4, 78.7, 95.2, 111.5, 118.0, 124.3, 131.3, 141.6, 149.5, 157.4, 157.9, 135.5, 108.5, 88.2, 81.5, 105.7, 154.1, 177.0, 169.5, 144.4, 115.9, 85.2, 65.7, 54.0, 53.4, 61.0, 72.9, 89.6, 107.8, 122.5, 122.5, 114.3, 104.8, 95.7, 85.7, 73.1, 64.3, 58.9, 54.4, 52.5, 52.5, 52.6, 52.7, 53.8, 56.8, 62.4, 69.6, 79.6, 92.7, 107.6, 131.8, 157.4, 156.9, 156.5, 157.9, 161.1, 160.7, 155.5, 144.4, 118.3, 90.6, 73.8, 63.8, 61.0, 61.5, 62.9, 64.7, 65.4, 62.9, 59.6, 55.8, 54.7, 55.6, 66.4, 101.0, 135.0, 152.3, 157.4, 158.3, 158.3, 155.5, 156.9, 165.3, 166.2, 141.1, 151.3, 113.9, 95.5, 85.0, 88.7, 88.5, 80.6, 77.3], ""pm2_5"": [27.7, 26.1, 24.4, 16.6, 14.1, 15.0, 17.7, 20.3, 22.3, 23.7, 25.4, 27.3, 28.9, 31.1, 34.0, 37.1, 38.1, 38.6, 43.2, 55.6, 70.8, 79.4, 80.6, 76.1, 67.8, 57.2, 45.3, 34.9, 30.3, 31.4, 34.0, 35.3, 36.7, 38.6, 41.3, 43.9, 46.6, 48.4, 48.4, 46.2, 42.1, 39.8, 45.1, 57.2, 65.7, 65.7, 59.0, 49.7, 40.5, 32.8, 27.6, 25.7, 26.4, 28.7, 31.9, 35.3, 38.4, 39.3, 38.5, 37.1, 35.5, 34.0, 32.9, 32.4, 31.2, 30.2, 29.5, 28.8, 28.6, 28.6, 28.9, 30.0, 32.1, 34.9, 38.1, 40.5, 42.6, 46.6, 50.8, 49.9, 49.0, 48.8, 49.0, 49.0, 48.4, 47.1, 45.1, 41.8, 37.8, 34.6, 32.8, 31.9, 31.4, 31.2, 31.0, 30.5, 29.9, 29.5, 29.8, 30.7, 33.5, 37.7, 41.9, 44.7, 45.6, 45.6, 45.5, 44.8, 45.4, 48.3, 52.2, 55.3, 57.6, 52.0, 47.8, 44.7, 41.6, 37.3, 35.4, 34.8], ""carbon_monoxide"": [945.0, 802.0, 646.0, 518.0, 432.0, 373.0, 332.0, 315.0, 316.0, 314.0, 292.0, 266.0, 261.0, 305.0, 370.0, 401.0, 364.0, 293.0, 230.0, 189.0, 156.0, 132.0, 120.0, 117.0, 121.0, 135.0, 156.0, 170.0, 171.0, 166.0, 160.0, 153.0, 145.0, 141.0, 140.0, 143.0, 153.0, 179.0, 213.0, 234.0, 232.0, 217.0, 203.0, 193.0, 183.0, 176.0, 172.0, 171.0, 172.0, 177.0, 184.0, 188.0, 186.0, 181.0, 174.0, 165.0, 155.0, 148.0, 143.0, 140.0, 145.0, 165.0, 193.0, 209.0, 203.0, 185.0, 168.0, 153.0, 139.0, 129.0, 122.0, 118.0, 127.0, 159.0, 204.0, 234.0, 237.0, 225.0, 212.0, 199.0, 184.0, 174.0, 161.0, 152.0, 180.0, 293.0, 443.0, 516.0, 436.0, 280.0, 161.0, 129.0, 134.0, 141.0, 136.0, 133.0, 137.0, 156.0, 181.0, 196.0, 189.0, 171.0, 156.0, 149.0, 146.0, 146.0, 148.0, 154.0, 162.0, 177.0, 195.0, 205.0, 199.0, 185.0, 176.0, 181.0, 192.0, 198.0, 194.0, 185.0], ""nitrogen_dioxide"": [18.3, 15.0, 10.5, 6.7, 4.4, 2.9, 1.8, 1.2, 1.2, 1.2, 1.1, 1.2, 1.7, 3.4, 5.5, 6.8, 6.2, 4.8, 3.8, 3.9, 4.4, 4.9, 5.4, 5.9, 6.2, 6.1, 5.7, 5.1, 4.0, 2.6, 1.6, 1.1, 0.9, 0.9, 0.9, 1.0, 1.5, 2.7, 4.2, 5.2, 5.0, 4.3, 3.8, 4.0, 4.4, 4.9, 5.6, 6.3, 6.8, 6.9, 6.6, 6.0, 4.8, 3.2, 1.9, 1.3, 1.1, 1.0, 0.9, 1.0, 1.4, 2.4, 3.6, 4.4, 4.3, 3.7, 3.3, 3.4, 3.7, 4.0, 4.3, 4.7, 5.1, 5.7, 6.3, 6.3, 5.1, 3.3, 1.9, 1.3, 1.1, 1.0, 0.9, 1.0, 1.4, 2.5, 3.8, 4.6, 4.2, 3.1, 2.4, 2.3, 2.5, 2.7, 2.8, 3.0, 3.2, 3.5, 3.9, 3.9, 3.2, 2.1, 1.3, 0.9, 0.8, 0.8, 0.8, 0.9, 1.4, 2.6, 4.1, 5.3, 5.9, 6.1, 5.9, 5.1, 4.0, 3.2, 3.2, 3.5], ""ozone"": [38.0, 53.0, 74.0, 93.0, 109.0, 124.0, 135.0, 139.0, 139.0, 137.0, 135.0, 131.0, 125.0, 114.0, 100.0, 90.0, 88.0, 89.0, 86.0, 74.0, 58.0, 46.0, 40.0, 37.0, 36.0, 36.0, 38.0, 44.0, 57.0, 75.0, 88.0, 94.0, 96.0, 97.0, 98.0, 98.0, 97.0, 96.0, 93.0, 92.0, 93.0, 94.0, 92.0, 86.0, 77.0, 68.0, 60.0, 53.0, 48.0, 44.0, 43.0, 47.0, 61.0, 81.0, 96.0, 102.0, 104.0, 103.0, 101.0, 96.0, 91.0, 86.0, 80.0, 76.0, 75.0, 74.0, 73.0, 69.0, 64.0, 59.0, 55.0, 52.0, 50.0, 50.0, 51.0, 58.0, 75.0, 98.0, 114.0, 119.0, 118.0, 115.0, 113.0, 110.0, 105.0, 97.0, 88.0, 80.0, 76.0, 74.0, 71.0, 67.0, 62.0, 58.0, 54.0, 51.0, 50.0, 50.0, 51.0, 56.0, 69.0, 87.0, 99.0, 100.0, 95.0, 91.0, 89.0, 87.0, 85.0, 83.0, 81.0, 78.0, 71.0, 63.0, 57.0, 56.0, 56.0, 57.0, 56.0, 56.0], ""sulphur_dioxide"": [4.7, 4.8, 5.0, 5.3, 5.9, 6.7, 7.1, 6.8, 6.2, 5.6, 5.2, 4.8, 4.6, 4.6, 4.7, 4.9, 5.5, 6.2, 6.5, 5.9, 4.8, 4.0, 3.8, 4.0, 4.2, 4.5, 4.9, 5.2, 5.2, 5.0, 4.8, 4.6, 4.3, 4.1, 4.0, 4.0, 4.1, 4.5, 5.0, 5.4, 5.6, 5.8, 6.0, 6.4, 6.8, 7.3, 7.8, 8.3, 8.6, 8.8, 8.8, 8.6, 7.9, 6.9, 6.0, 5.3, 4.6, 4.1, 3.7, 3.4, 3.2, 3.2, 3.3, 3.3, 3.2, 3.1, 3.0, 2.8, 2.5, 2.4, 2.6, 3.0, 3.7, 5.1, 6.9, 8.1, 8.4, 8.2, 7.8, 7.1, 6.2, 5.5, 5.1, 4.8, 4.6, 4.5, 4.4, 4.2, 3.8, 3.4, 3.0, 2.8, 2.8, 2.7, 2.6, 2.5, 2.5, 2.8, 3.3, 3.7, 3.9, 4.0, 3.9, 3.5, 2.9, 2.5, 2.3, 2.2, 2.4, 3.0, 3.9, 4.3, 4.0, 3.3, 2.7, 2.4, 2.1, 1.9, 1.8, 1.7], ""ammonia"": [null, null, null, null, null, null, null, null, null, null, null, null, null, null, null, null, null, null, null, null, null, null, null, null, null, null, null, null, null, null, null, null, null, null, null, null, null, null, null, null, null, null, null, null, null, null, null, null, null, null, null, null, null, null, null, null, null, null, null, null, null, null, null, null, null, null, null, null, null, null, null, null, null, null, null, null, null, null, null, null, null, null, null, null, null, null, null, null, null, null, null, null, null, null, null, null, null, null, null, null, null, null, null, null, null, null, null, null, null, null, null, null, null, null, null, null, null, null, null, null], ""us_aqi"": [89, 89, 88, 88, 86, 84, 82, 81, 81, 81, 81, 82, 90, 93, 91, 86, 87, 87, 87, 87, 88, 90, 94, 98, 102, 106, 110, 112, 114, 115, 117, 119, 120, 122, 124, 125, 127, 129, 131, 132, 133, 133, 134, 134, 134, 133, 132, 130, 127, 124, 122, 120, 119, 118, 118, 118, 118, 118, 118, 118, 117, 116, 114, 113, 111, 110, 109, 108, 105, 101, 98, 95, 94, 93, 93, 94, 95, 97, 98, 99, 101, 102, 103, 104, 105, 107, 108, 109, 110, 111, 111, 112, 112, 112, 113, 113, 113, 113, 112, 111, 110, 109, 108, 107, 107, 106, 106, 106, 105, 105, 105, 106, 107, 109, 111, 113, 114, 115, 116, 116]}}}"
2026-07-27T21:12:24.261984+00:00,Sukkur,PK,27.7052,68.8484,,,,,,,,,,,,,,,,,aqicn,success,24.38606729998719,"{""air_quality"": {""status"": ""error"", ""data"": ""Invalid key""}}"
2026-07-27T21:12:25.062564+00:00,Khairpur Mir's,PK,27.5295,68.7592,,,,,,,,,,,,,,,,,openweather,success,25.1858805998927,"{""weather"": null, ""air_quality"": null}"
2026-07-27T21:00,Khairpur Mir's,PK,27.5295,68.7592,32.3,58.0,994.8,12.5,184.0,58.0,0.0,89.0,27.7,29.6,560.0,,18.3,4.7,38.0,,openmeteo,success,6.38101979997009,"{""weather"": {""latitude"": 27.521967, ""longitude"": 68.734604, ""generationtime_ms"": 0.6929636001586914, ""utc_offset_seconds"": 0, ""timezone"": ""GMT"", ""timezone_abbreviation"": ""GMT"", ""elevation"": 60.0, ""current_units"": {""time"": ""iso8601"", ""interval"": ""seconds"", ""temperature_2m"": ""°C"", ""relative_humidity_2m"": ""%"", ""pressure_msl"": ""hPa"", ""wind_speed_10m"": ""km/h"", ""wind_direction_10m"": ""°"", ""cloud_cover"": ""%"", ""rain"": ""mm""}, ""current"": {""time"": ""2026-07-27T21:00"", ""interval"": 900, ""temperature_2m"": 32.3, ""relative_humidity_2m"": 58, ""pressure_msl"": 994.8, ""wind_speed_10m"": 12.5, ""wind_direction_10m"": 184, ""cloud_cover"": 58, ""rain"": 0.0}}, ""air_quality"": {""latitude"": 27.5, ""longitude"": 68.8, ""generationtime_ms"": 0.3039836883544922, ""utc_offset_seconds"": 0, ""timezone"": ""GMT"", ""timezone_abbreviation"": ""GMT"", ""elevation"": 60.0, ""hourly_units"": {""time"": ""iso8601"", ""pm10"": ""μg/m³"", ""pm2_5"": ""μg/m³"", ""carbon_monoxide"": ""μg/m³"", ""nitrogen_dioxide"": ""μg/m³"", ""ozone"": ""μg/m³"", ""sulphur_dioxide"": ""μg/m³"", ""ammonia"": ""μg/m³"", ""us_aqi"": ""USAQI""}, ""hourly"": {""time"": [""2026-07-27T00:00"", ""2026-07-27T01:00"", ""2026-07-27T02:00"", ""2026-07-27T03:00"", ""2026-07-27T04:00"", ""2026-07-27T05:00"", ""2026-07-27T06:00"", ""2026-07-27T07:00"", ""2026-07-27T08:00"", ""2026-07-27T09:00"", ""2026-07-27T10:00"", ""2026-07-27T11:00"", ""2026-07-27T12:00"", ""2026-07-27T13:00"", ""2026-07-27T14:00"", ""2026-07-27T15:00"", ""2026-07-27T16:00"", ""2026-07-27T17:00"", ""2026-07-27T18:00"", ""2026-07-27T19:00"", ""2026-07-27T20:00"", ""2026-07-27T21:00"", ""2026-07-27T22:00"", ""2026-07-27T23:00"", ""2026-07-28T00:00"", ""2026-07-28T01:00"", ""2026-07-28T02:00"", ""2026-07-28T03:00"", ""2026-07-28T04:00"", ""2026-07-28T05:00"", ""2026-07-28T06:00"", ""2026-07-28T07:00"", ""2026-07-28T08:00"", ""2026-07-28T09:00"", ""2026-07-28T10:00"", ""2026-07-28T11:00"", ""2026-07-28T12:00"", ""2026-07-28T13:00"", ""2026-07-28T14:00"", ""2026-07-28T15:00"", ""2026-07-28T16:00"", ""2026-07-28T17:00"", ""2026-07-28T18:00"", ""2026-07-28T19:00"", ""2026-07-28T20:00"", ""2026-07-28T21:00"", ""2026-07-28T22:00"", ""2026-07-28T23:00"", ""2026-07-29T00:00"", ""2026-07-29T01:00"", ""2026-07-29T02:00"", ""2026-07-29T03:00"", ""2026-07-29T04:00"", ""2026-07-29T05:00"", ""2026-07-29T06:00"", ""2026-07-29T07:00"", ""2026-07-29T08:00"", ""2026-07-29T09:00"", ""2026-07-29T10:00"", ""2026-07-29T11:00"", ""2026-07-29T12:00"", ""2026-07-29T13:00"", ""2026-07-29T14:00"", ""2026-07-29T15:00"", ""2026-07-29T16:00"", ""2026-07-29T17:00"", ""2026-07-29T18:00"", ""2026-07-29T19:00"", ""2026-07-29T20:00"", ""2026-07-29T21:00"", ""2026-07-29T22:00"", ""2026-07-29T23:00"", ""2026-07-30T00:00"", ""2026-07-30T01:00"", ""2026-07-30T02:00"", ""2026-07-30T03:00"", ""2026-07-30T04:00"", ""2026-07-30T05:00"", ""2026-07-30T06:00"", ""2026-07-30T07:00"", ""2026-07-30T08:00"", ""2026-07-30T09:00"", ""2026-07-30T10:00"", ""2026-07-30T11:00"", ""2026-07-30T12:00"", ""2026-07-30T13:00"", ""2026-07-30T14:00"", ""2026-07-30T15:00"", ""2026-07-30T16:00"", ""2026-07-30T17:00"", ""2026-07-30T18:00"", ""2026-07-30T19:00"", ""2026-07-30T20:00"", ""2026-07-30T21:00"", ""2026-07-30T22:00"", ""2026-07-30T23:00"", ""2026-07-31T00:00"", ""2026-07-31T01:00"", ""2026-07-31T02:00"", ""2026-07-31T03:00"", ""2026-07-31T04:00"", ""2026-07-31T05:00"", ""2026-07-31T06:00"", ""2026-07-31T07:00"", ""2026-07-31T08:00"", ""2026-07-31T09:00"", ""2026-07-31T10:00"", ""2026-07-31T11:00"", ""2026-07-31T12:00"", ""2026-07-31T13:00"", ""2026-07-31T14:00"", ""2026-07-31T15:00"", ""2026-07-31T16:00"", ""2026-07-31T17:00"", ""2026-07-31T18:00"", ""2026-07-31T19:00"", ""2026-07-31T20:00"", ""2026-07-31T21:00"", ""2026-07-31T22:00"", ""2026-07-31T23:00""], ""pm10"": [29.6, 27.2, 25.1, 17.5, 15.8, 21.0, 28.9, 36.7, 44.9, 50.6, 57.4, 63.1, 65.7, 68.7, 66.6, 68.7, 72.6, 76.8, 99.9, 154.1, 206.3, 218.9, 209.5, 192.3, 165.3, 135.5, 105.5, 82.4, 78.7, 95.2, 111.5, 118.0, 124.3, 131.3, 141.6, 149.5, 157.4, 157.9, 135.5, 108.5, 88.2, 81.5, 105.7, 154.1, 177.0, 169.5, 144.4, 115.9, 85.2, 65.7, 54.0, 53.4, 61.0, 72.9, 89.6, 107.8, 122.5, 122.5, 114.3, 104.8, 95.7, 85.7, 73.1, 64.3, 58.9, 54.4, 52.5, 52.5, 52.6, 52.7, 53.8, 56.8, 62.4, 69.6, 79.6, 92.7, 107.6, 131.8, 157.4, 156.9, 156.5, 157.9, 161.1, 160.7, 155.5, 144.4, 118.3, 90.6, 73.8, 63.8, 61.0, 61.5, 62.9, 64.7, 65.4, 62.9, 59.6, 55.8, 54.7, 55.6, 66.4, 101.0, 135.0, 152.3, 157.4, 158.3, 158.3, 155.5, 156.9, 165.3, 166.2, 141.1, 151.3, 113.9, 95.5, 85.0, 88.7, 88.5, 80.6, 77.3], ""pm2_5"": [27.7, 26.1, 24.4, 16.6, 14.1, 15.0, 17.7, 20.3, 22.3, 23.7, 25.4, 27.3, 28.9, 31.1, 34.0, 37.1, 38.1, 38.6, 43.2, 55.6, 70.8, 79.4, 80.6, 76.1, 67.8, 57.2, 45.3, 34.9, 30.3, 31.4, 34.0, 35.3, 36.7, 38.6, 41.3, 43.9, 46.6, 48.4, 48.4, 46.2, 42.1, 39.8, 45.1, 57.2, 65.7, 65.7, 59.0, 49.7, 40.5, 32.8, 27.6, 25.7, 26.4, 28.7, 31.9, 35.3, 38.4, 39.3, 38.5, 37.1, 35.5, 34.0, 32.9, 32.4, 31.2, 30.2, 29.5, 28.8, 28.6, 28.6, 28.9, 30.0, 32.1, 34.9, 38.1, 40.5, 42.6, 46.6, 50.8, 49.9, 49.0, 48.8, 49.0, 49.0, 48.4, 47.1, 45.1, 41.8, 37.8, 34.6, 32.8, 31.9, 31.4, 31.2, 31.0, 30.5, 29.9, 29.5, 29.8, 30.7, 33.5, 37.7, 41.9, 44.7, 45.6, 45.6, 45.5, 44.8, 45.4, 48.3, 52.2, 55.3, 57.6, 52.0, 47.8, 44.7, 41.6, 37.3, 35.4, 34.8], ""carbon_monoxide"": [560.0, 482.0, 428.0, 385.0, 353.0, 331.0, 311.0, 289.0, 268.0, 246.0, 213.0, 179.0, 175.0, 234.0, 322.0, 368.0, 332.0, 253.0, 187.0, 151.0, 126.0, 110.0, 102.0, 102.0, 106.0, 116.0, 130.0, 139.0, 139.0, 135.0, 131.0, 131.0, 131.0, 132.0, 133.0, 134.0, 137.0, 144.0, 154.0, 163.0, 171.0, 178.0, 182.0, 181.0, 176.0, 171.0, 166.0, 161.0, 158.0, 158.0, 159.0, 159.0, 155.0, 150.0, 144.0, 138.0, 132.0, 128.0, 126.0, 125.0, 127.0, 134.0, 143.0, 149.0, 148.0, 144.0, 138.0, 129.0, 118.0, 111.0, 109.0, 111.0, 123.0, 157.0, 202.0, 229.0, 222.0, 198.0, 177.0, 166.0, 157.0, 152.0, 146.0, 142.0, 152.0, 194.0, 249.0, 276.0, 246.0, 187.0, 141.0, 126.0, 123.0, 123.0, 120.0, 119.0, 121.0, 130.0, 143.0, 151.0, 148.0, 140.0, 134.0, 133.0, 134.0, 136.0, 138.0, 141.0, 145.0, 153.0, 162.0, 167.0, 164.0, 158.0, 153.0, 153.0, 155.0, 157.0, 157.0, 156.0], ""nitrogen_dioxide"": [18.3, 15.0, 10.5, 6.7, 4.4, 2.9, 1.8, 1.2, 1.2, 1.2, 1.1, 1.2, 1.7, 3.4, 5.5, 6.8, 6.2, 4.8, 3.8, 3.9, 4.4, 4.9, 5.4, 5.9, 6.2, 6.1, 5.7, 5.1, 4.0, 2.6, 1.6, 1.1, 0.9, 0.9, 0.9, 1.0, 1.5, 2.7, 4.2, 5.2, 5.0, 4.3, 3.8, 4.0, 4.4, 4.9, 5.6, 6.3, 6.8, 6.9, 6.6, 6.0, 4.8, 3.2, 1.9, 1.3, 1.1, 1.0, 0.9, 1.0, 1.4, 2.4, 3.6, 4.4, 4.3, 3.7, 3.3, 3.4, 3.7, 4.0, 4.3, 4.7, 5.1, 5.7, 6.3, 6.3, 5.1, 3.3, 1.9, 1.3, 1.1, 1.0, 0.9, 1.0, 1.4, 2.5, 3.8, 4.6, 4.2, 3.1, 2.4, 2.3, 2.5, 2.7, 2.8, 3.0, 3.2, 3.5, 3.9, 3.9, 3.2, 2.1, 1.3, 0.9, 0.8, 0.8, 0.8, 0.9, 1.4, 2.6, 4.1, 5.3, 5.9, 6.1, 5.9, 5.1, 4.0, 3.2, 3.2, 3.5], ""ozone"": [38.0, 53.0, 74.0, 93.0, 109.0, 124.0, 135.0, 139.0, 139.0, 137.0, 135.0, 131.0, 125.0, 114.0, 100.0, 90.0, 88.0, 89.0, 86.0, 74.0, 58.0, 46.0, 40.0, 37.0, 36.0, 36.0, 38.0, 44.0, 57.0, 75.0, 88.0, 94.0, 96.0, 97.0, 98.0, 98.0, 97.0, 96.0, 93.0, 92.0, 93.0, 94.0, 92.0, 86.0, 77.0, 68.0, 60.0, 53.0, 48.0, 44.0, 43.0, 47.0, 61.0, 81.0, 96.0, 102.0, 104.0, 103.0, 101.0, 96.0, 91.0, 86.0, 80.0, 76.0, 75.0, 74.0, 73.0, 69.0, 64.0, 59.0, 55.0, 52.0, 50.0, 50.0, 51.0, 58.0, 75.0, 98.0, 114.0, 119.0, 118.0, 115.0, 113.0, 110.0, 105.0, 97.0, 88.0, 80.0, 76.0, 74.0, 71.0, 67.0, 62.0, 58.0, 54.0, 51.0, 50.0, 50.0, 51.0, 56.0, 69.0, 87.0, 99.0, 100.0, 95.0, 91.0, 89.0, 87.0, 85.0, 83.0, 81.0, 78.0, 71.0, 63.0, 57.0, 56.0, 56.0, 57.0, 56.0, 56.0], ""sulphur_dioxide"": [4.7, 4.8, 5.0, 5.3, 5.9, 6.7, 7.1, 6.8, 6.2, 5.6, 5.2, 4.8, 4.6, 4.6, 4.7, 4.9, 5.5, 6.2, 6.5, 5.9, 4.8, 4.0, 3.8, 4.0, 4.2, 4.5, 4.9, 5.2, 5.2, 5.0, 4.8, 4.6, 4.3, 4.1, 4.0, 4.0, 4.1, 4.5, 5.0, 5.4, 5.6, 5.8, 6.0, 6.4, 6.8, 7.3, 7.8, 8.3, 8.6, 8.8, 8.8, 8.6, 7.9, 6.9, 6.0, 5.3, 4.6, 4.1, 3.7, 3.4, 3.2, 3.2, 3.3, 3.3, 3.2, 3.1, 3.0, 2.8, 2.5, 2.4, 2.6, 3.0, 3.7, 5.1, 6.9, 8.1, 8.4, 8.2, 7.8, 7.1, 6.2, 5.5, 5.1, 4.8, 4.6, 4.5, 4.4, 4.2, 3.8, 3.4, 3.0, 2.8, 2.8, 2.7, 2.6, 2.5, 2.5, 2.8, 3.3, 3.7, 3.9, 4.0, 3.9, 3.5, 2.9, 2.5, 2.3, 2.2, 2.4, 3.0, 3.9, 4.3, 4.0, 3.3, 2.7, 2.4, 2.1, 1.9, 1.8, 1.7], ""ammonia"": [null, null, null, null, null, null, null, null, null, null, null, null, null, null, null, null, null, null, null, null, null, null, null, null, null, null, null, null, null, null, null, null, null, null, null, null, null, null, null, null, null, null, null, null, null, null, null, null, null, null, null, null, null, null, null, null, null, null, null, null, null, null, null, null, null, null, null, null, null, null, null, null, null, null, null, null, null, null, null, null, null, null, null, null, null, null, null, null, null, null, null, null, null, null, null, null, null, null, null, null, null, null, null, null, null, null, null, null, null, null, null, null, null, null, null, null, null, null, null, null], ""us_aqi"": [89, 89, 88, 88, 86, 84, 82, 81, 81, 81, 81, 82, 90, 93, 91, 86, 87, 87, 87, 87, 88, 90, 94, 98, 102, 106, 110, 112, 114, 115, 117, 119, 120, 122, 124, 125, 127, 129, 131, 132, 133, 133, 134, 134, 134, 133, 132, 130, 127, 124, 122, 120, 119, 118, 118, 118, 118, 118, 118, 118, 117, 116, 114, 113, 111, 110, 109, 108, 105, 101, 98, 95, 94, 93, 93, 94, 95, 97, 98, 99, 101, 102, 103, 104, 105, 107, 108, 109, 110, 111, 111, 112, 112, 112, 113, 113, 113, 113, 112, 111, 110, 109, 108, 107, 107, 106, 106, 106, 105, 105, 105, 106, 107, 109, 111, 113, 114, 115, 116, 116]}}}"
2026-07-27T21:12:02.630351+00:00,Khairpur Mir's,PK,27.5295,68.7592,,,,,,,,,,,,,,,,,aqicn,success,2.7520463000983,"{""air_quality"": {""status"": ""error"", ""data"": ""Invalid key""}}"
2026-07-27T21:12:46.845147+00:00,Larkana,PK,27.5598,68.212,,,,,,,,,,,,,,,,,openweather,success,21.782323999912478,"{""weather"": null, ""air_quality"": null}"
2026-07-27T21:00,Larkana,PK,27.5598,68.212,32.3,59.0,994.5,10.9,174.0,14.0,0.0,116.0,52.2,60.3,598.0,,31.1,7.2,31.0,,openmeteo,success,2.682069900096394,"{""weather"": {""latitude"": 27.592266, ""longitude"": 68.206276, ""generationtime_ms"": 2.4611949920654297, ""utc_offset_seconds"": 0, ""timezone"": ""GMT"", ""timezone_abbreviation"": ""GMT"", ""elevation"": 51.0, ""current_units"": {""time"": ""iso8601"", ""interval"": ""seconds"", ""temperature_2m"": ""°C"", ""relative_humidity_2m"": ""%"", ""pressure_msl"": ""hPa"", ""wind_speed_10m"": ""km/h"", ""wind_direction_10m"": ""°"", ""cloud_cover"": ""%"", ""rain"": ""mm""}, ""current"": {""time"": ""2026-07-27T21:00"", ""interval"": 900, ""temperature_2m"": 32.3, ""relative_humidity_2m"": 59, ""pressure_msl"": 994.5, ""wind_speed_10m"": 10.9, ""wind_direction_10m"": 174, ""cloud_cover"": 14, ""rain"": 0.0}}, ""air_quality"": {""latitude"": 27.599998, ""longitude"": 68.2, ""generationtime_ms"": 0.5195140838623047, ""utc_offset_seconds"": 0, ""timezone"": ""GMT"", ""timezone_abbreviation"": ""GMT"", ""elevation"": 51.0, ""hourly_units"": {""time"": ""iso8601"", ""pm10"": ""μg/m³"", ""pm2_5"": ""μg/m³"", ""carbon_monoxide"": ""μg/m³"", ""nitrogen_dioxide"": ""μg/m³"", ""ozone"": ""μg/m³"", ""sulphur_dioxide"": ""μg/m³"", ""ammonia"": ""μg/m³"", ""us_aqi"": ""USAQI""}, ""hourly"": {""time"": [""2026-07-27T00:00"", ""2026-07-27T01:00"", ""2026-07-27T02:00"", ""2026-07-27T03:00"", ""2026-07-27T04:00"", ""2026-07-27T05:00"", ""2026-07-27T06:00"", ""2026-07-27T07:00"", ""2026-07-27T08:00"", ""2026-07-27T09:00"", ""2026-07-27T10:00"", ""2026-07-27T11:00"", ""2026-07-27T12:00"", ""2026-07-27T13:00"", ""2026-07-27T14:00"", ""2026-07-27T15:00"", ""2026-07-27T16:00"", ""2026-07-27T17:00"", ""2026-07-27T18:00"", ""2026-07-27T19:00"", ""2026-07-27T20:00"", ""2026-07-27T21:00"", ""2026-07-27T22:00"", ""2026-07-27T23:00"", ""2026-07-28T00:00"", ""2026-07-28T01:00"", ""2026-07-28T02:00"", ""2026-07-28T03:00"", ""2026-07-28T04:00"", ""2026-07-28T05:00"", ""2026-07-28T06:00"", ""2026-07-28T07:00"", ""2026-07-28T08:00"", ""2026-07-28T09:00"", ""2026-07-28T10:00"", ""2026-07-28T11:00"", ""2026-07-28T12:00"", ""2026-07-28T13:00"", ""2026-07-28T14:00"", ""2026-07-28T15:00"", ""2026-07-28T16:00"", ""2026-07-28T17:00"", ""2026-07-28T18:00"", ""2026-07-28T19:00"", ""2026-07-28T20:00"", ""2026-07-28T21:00"", ""2026-07-28T22:00"", ""2026-07-28T23:00"", ""2026-07-29T00:00"", ""2026-07-29T01:00"", ""2026-07-29T02:00"", ""2026-07-29T03:00"", ""2026-07-29T04:00"", ""2026-07-29T05:00"", ""2026-07-29T06:00"", ""2026-07-29T07:00"", ""2026-07-29T08:00"", ""2026-07-29T09:00"", ""2026-07-29T10:00"", ""2026-07-29T11:00"", ""2026-07-29T12:00"", ""2026-07-29T13:00"", ""2026-07-29T14:00"", ""2026-07-29T15:00"", ""2026-07-29T16:00"", ""2026-07-29T17:00"", ""2026-07-29T18:00"", ""2026-07-29T19:00"", ""2026-07-29T20:00"", ""2026-07-29T21:00"", ""2026-07-29T22:00"", ""2026-07-29T23:00"", ""2026-07-30T00:00"", ""2026-07-30T01:00"", ""2026-07-30T02:00"", ""2026-07-30T03:00"", ""2026-07-30T04:00"", ""2026-07-30T05:00"", ""2026-07-30T06:00"", ""2026-07-30T07:00"", ""2026-07-30T08:00"", ""2026-07-30T09:00"", ""2026-07-30T10:00"", ""2026-07-30T11:00"", ""2026-07-30T12:00"", ""2026-07-30T13:00"", ""2026-07-30T14:00"", ""2026-07-30T15:00"", ""2026-07-30T16:00"", ""2026-07-30T17:00"", ""2026-07-30T18:00"", ""2026-07-30T19:00"", ""2026-07-30T20:00"", ""2026-07-30T21:00"", ""2026-07-30T22:00"", ""2026-07-30T23:00"", ""2026-07-31T00:00"", ""2026-07-31T01:00"", ""2026-07-31T02:00"", ""2026-07-31T03:00"", ""2026-07-31T04:00"", ""2026-07-31T05:00"", ""2026-07-31T06:00"", ""2026-07-31T07:00"", ""2026-07-31T08:00"", ""2026-07-31T09:00"", ""2026-07-31T10:00"", ""2026-07-31T11:00"", ""2026-07-31T12:00"", ""2026-07-31T13:00"", ""2026-07-31T14:00"", ""2026-07-31T15:00"", ""2026-07-31T16:00"", ""2026-07-31T17:00"", ""2026-07-31T18:00"", ""2026-07-31T19:00"", ""2026-07-31T20:00"", ""2026-07-31T21:00"", ""2026-07-31T22:00"", ""2026-07-31T23:00""], ""pm10"": [60.3, 54.4, 47.6, 32.8, 21.2, 24.5, 32.2, 41.3, 52.0, 63.6, 71.0, 74.5, 76.6, 75.2, 80.1, 94.3, 95.0, 94.1, 122.9, 166.7, 201.2, 217.0, 223.1, 217.9, 204.4, 187.2, 175.6, 166.7, 167.6, 183.5, 191.4, 189.1, 184.4, 182.5, 185.3, 190.5, 198.4, 205.4, 176.5, 181.6, 177.0, 152.7, 168.1, 215.1, 236.1, 241.2, 226.3, 196.0, 156.9, 128.5, 111.3, 107.6, 112.5, 122.9, 131.8, 143.4, 160.7, 168.1, 159.3, 146.2, 134.6, 120.6, 92.4, 81.7, 65.9, 53.3, 49.7, 47.0, 46.2, 51.8, 60.3, 68.9, 78.2, 88.0, 102.2, 143.4, 168.1, 190.0, 207.2, 208.6, 204.9, 202.1, 199.8, 197.0, 188.6, 171.4, 129.5, 115.3, 90.1, 65.0, 55.9, 53.7, 54.7, 57.3, 58.2, 56.7, 53.9, 50.9, 50.3, 53.6, 67.8, 99.2, 122.5, 131.8, 144.4, 154.6, 163.4, 166.7, 169.0, 171.4, 149.0, 143.0, 136.9, 121.1, 102.4, 85.2, 77.3, 74.5, 69.4, 67.1], ""pm2_5"": [52.2, 48.5, 44.5, 31.1, 19.2, 18.9, 21.8, 24.6, 27.0, 29.9, 32.4, 33.6, 34.7, 36.7, 43.2, 54.4, 57.9, 51.3, 54.9, 65.0, 76.4, 85.0, 89.6, 89.9, 86.8, 81.3, 73.8, 64.0, 57.7, 56.8, 56.8, 55.9, 54.2, 53.3, 53.3, 54.6, 56.9, 59.8, 64.5, 73.6, 78.9, 73.8, 71.5, 80.3, 88.5, 91.5, 88.0, 79.6, 69.2, 58.8, 49.6, 44.0, 42.3, 42.6, 43.1, 43.7, 45.5, 47.1, 46.4, 44.5, 42.5, 40.5, 40.2, 41.6, 38.0, 33.5, 31.3, 29.5, 28.9, 30.2, 32.0, 34.2, 37.4, 41.4, 47.4, 56.1, 61.7, 65.2, 66.1, 63.8, 61.2, 59.5, 58.1, 56.9, 55.3, 52.7, 51.3, 53.4, 48.3, 38.5, 33.4, 31.1, 30.2, 29.8, 29.7, 29.5, 29.2, 29.3, 30.3, 32.4, 37.1, 42.4, 43.7, 44.4, 46.3, 47.5, 48.4, 48.5, 48.9, 49.7, 53.2, 58.8, 59.0, 55.5, 47.8, 41.3, 37.6, 34.7, 32.6, 31.8], ""carbon_monoxide"": [598.0, 608.0, 627.0, 604.0, 494.0, 342.0, 226.0, 185.0, 181.0, 178.0, 159.0, 141.0, 140.0, 171.0, 219.0, 259.0, 287.0, 306.0, 306.0, 272.0, 217.0, 177.0, 165.0, 167.0, 170.0, 171.0, 174.0, 175.0, 173.0, 168.0, 163.0, 156.0, 147.0, 141.0, 132.0, 125.0, 138.0, 197.0, 276.0, 318.0, 284.0, 213.0, 162.0, 158.0, 174.0, 189.0, 193.0, 196.0, 200.0, 210.0, 221.0, 224.0, 212.0, 193.0, 176.0, 165.0, 157.0, 151.0, 143.0, 136.0, 140.0, 166.0, 204.0, 228.0, 228.0, 216.0, 201.0, 184.0, 165.0, 152.0, 147.0, 147.0, 155.0, 175.0, 203.0, 221.0, 223.0, 216.0, 208.0, 200.0, 191.0, 183.0, 175.0, 169.0, 174.0, 202.0, 242.0, 264.0, 254.0, 226.0, 200.0, 179.0, 159.0, 146.0, 142.0, 145.0, 150.0, 159.0, 170.0, 178.0, 179.0, 176.0, 172.0, 167.0, 161.0, 155.0, 149.0, 143.0, 145.0, 162.0, 187.0, 204.0, 205.0, 199.0, 191.0, 182.0, 171.0, 165.0, 168.0, 176.0], ""nitrogen_dioxide"": [31.1, 25.5, 17.7, 11.2, 7.2, 4.4, 2.5, 1.5, 1.4, 1.5, 1.1, 0.9, 1.9, 5.6, 10.6, 13.6, 12.6, 9.7, 7.3, 6.4, 6.1, 6.1, 6.6, 7.4, 7.8, 7.4, 6.5, 5.5, 4.3, 2.9, 1.8, 1.3, 1.1, 1.1, 0.8, 0.5, 1.6, 5.3, 10.3, 13.5, 13.5, 11.8, 10.0, 8.4, 6.8, 5.9, 6.4, 7.6, 8.4, 8.4, 8.0, 7.2, 5.7, 3.8, 2.3, 1.6, 1.2, 1.1, 0.9, 0.9, 1.5, 3.5, 6.2, 7.8, 7.1, 5.4, 4.1, 3.9, 4.2, 4.7, 5.3, 6.1, 6.7, 7.1, 7.3, 6.9, 5.6, 3.7, 2.2, 1.5, 1.2, 1.1, 0.9, 0.8, 1.5, 3.9, 7.1, 8.8, 7.6, 4.9, 2.9, 2.5, 2.8, 3.2, 3.7, 4.3, 4.7, 5.0, 5.1, 4.9, 4.0, 2.6, 1.6, 1.2, 1.0, 1.0, 0.8, 0.8, 1.5, 3.9, 7.1, 8.9, 8.2, 6.1, 4.5, 4.0, 4.0, 4.0, 4.0, 4.0], ""ozone"": [31.0, 45.0, 64.0, 83.0, 102.0, 120.0, 133.0, 138.0, 138.0, 137.0, 136.0, 133.0, 127.0, 114.0, 98.0, 84.0, 77.0, 73.0, 68.0, 59.0, 49.0, 41.0, 36.0, 33.0, 32.0, 33.0, 36.0, 43.0, 58.0, 77.0, 92.0, 100.0, 103.0, 105.0, 105.0, 103.0, 99.0, 90.0, 79.0, 71.0, 68.0, 68.0, 67.0, 64.0, 60.0, 56.0, 52.0, 47.0, 44.0, 42.0, 41.0, 46.0, 63.0, 85.0, 103.0, 111.0, 115.0, 115.0, 113.0, 109.0, 102.0, 91.0, 78.0, 69.0, 69.0, 73.0, 76.0, 74.0, 71.0, 67.0, 61.0, 55.0, 51.0, 50.0, 51.0, 58.0, 76.0, 100.0, 118.0, 125.0, 127.0, 126.0, 125.0, 123.0, 117.0, 104.0, 87.0, 75.0, 72.0, 74.0, 75.0, 72.0, 68.0, 63.0, 57.0, 51.0, 48.0, 48.0, 52.0, 60.0, 77.0, 99.0, 114.0, 116.0, 110.0, 105.0, 104.0, 102.0, 99.0, 91.0, 80.0, 72.0, 68.0, 66.0, 63.0, 59.0, 54.0, 51.0, 50.0, 50.0], ""sulphur_dioxide"": [7.2, 7.0, 6.7, 6.6, 6.9, 7.4, 7.7, 7.5, 7.0, 6.5, 6.0, 5.6, 5.4, 5.8, 6.6, 7.1, 7.1, 6.8, 6.4, 5.8, 5.0, 4.4, 4.1, 4.0, 4.0, 4.1, 4.3, 4.6, 5.1, 5.7, 6.1, 6.0, 5.7, 5.4, 5.0, 4.6, 4.5, 5.2, 6.2, 6.9, 7.1, 7.0, 6.7, 6.1, 5.3, 5.0, 5.4, 6.3, 7.1, 7.8, 8.5, 8.8, 8.6, 7.9, 7.3, 6.7, 6.0, 5.4, 4.8, 4.3, 4.0, 4.0, 4.3, 4.4, 4.3, 4.1, 3.9, 3.7, 3.5, 3.4, 3.5, 3.7, 4.2, 5.2, 6.6, 7.5, 7.8, 7.7, 7.5, 7.1, 6.6, 6.1, 5.7, 5.3, 5.1, 5.2, 5.5, 5.5, 5.0, 4.2, 3.5, 3.2, 3.0, 2.9, 2.8, 2.8, 3.0, 3.6, 4.4, 5.1, 5.6, 5.9, 5.9, 5.3, 4.3, 3.5, 3.1, 2.9, 2.9, 3.4, 4.3, 4.7, 4.4, 3.7, 3.1, 2.7, 2.3, 2.0, 1.9, 1.9], ""ammonia"": [null, null, null, null, null, null, null, null, null, null, null, null, null, null, null, null, null, null, null, null, null, null, null, null, null, null, null, null, null, null, null, null, null, null, null, null, null, null, null, null, null, null, null, null, null, null, null, null, null, null, null, null, null, null, null, null, null, null, null, null, null, null, null, null, null, null, null, null, null, null, null, null, null, null, null, null, null, null, null, null, null, null, null, null, null, null, null, null, null, null, null, null, null, null, null, null, null, null, null, null, null, null, null, null, null, null, null, null, null, null, null, null, null, null, null, null, null, null, null, null], ""us_aqi"": [116, 118, 119, 120, 120, 118, 116, 115, 115, 114, 115, 115, 116, 117, 119, 120, 121, 121, 119, 117, 117, 118, 121, 124, 128, 132, 135, 138, 142, 146, 150, 151, 152, 153, 153, 154, 155, 155, 156, 157, 157, 158, 158, 159, 159, 160, 160, 160, 160, 159, 158, 158, 157, 157, 156, 156, 155, 155, 155, 155, 155, 154, 154, 153, 152, 151, 148, 144, 138, 132, 126, 120, 115, 112, 110, 110, 111, 113, 116, 118, 120, 122, 123, 124, 126, 127, 128, 129, 131, 132, 132, 132, 133, 133, 133, 132, 132, 131, 130, 128, 126, 123, 121, 118, 116, 115, 113, 112, 112, 111, 111, 111, 111, 112, 114, 116, 117, 118, 118, 118]}}}"
2026-07-27T21:12:02.279800+00:00,Larkana,PK,27.5598,68.212,,,,,,,,,,,,,,,,,aqicn,success,0.967724799993448,"{""air_quality"": {""status"": ""error"", ""data"": ""Invalid key""}}"
2026-07-27T21:12:49.909692+00:00,Gambat,PK,27.3517,68.5247,,,,,,,,,,,,,,,,,openweather,success,23.475050700013526,"{""weather"": null, ""air_quality"": null}"
2026-07-27T21:00,Gambat,PK,27.3517,68.5247,31.3,63.0,994.8,13.9,175.0,30.0,0.0,122.0,35.4,37.5,879.0,,16.6,4.9,36.0,,openmeteo,success,2.2661215000553057,"{""weather"": {""latitude"": 27.311071, ""longitude"": 68.50446, ""generationtime_ms"": 3.562450408935547, ""utc_offset_seconds"": 0, ""timezone"": ""GMT"", ""timezone_abbreviation"": ""GMT"", ""elevation"": 52.0, ""current_units"": {""time"": ""iso8601"", ""interval"": ""seconds"", ""temperature_2m"": ""°C"", ""relative_humidity_2m"": ""%"", ""pressure_msl"": ""hPa"", ""wind_speed_10m"": ""km/h"", ""wind_direction_10m"": ""°"", ""cloud_cover"": ""%"", ""rain"": ""mm""}, ""current"": {""time"": ""2026-07-27T21:00"", ""interval"": 900, ""temperature_2m"": 31.3, ""relative_humidity_2m"": 63, ""pressure_msl"": 994.8, ""wind_speed_10m"": 13.9, ""wind_direction_10m"": 175, ""cloud_cover"": 30, ""rain"": 0.0}}, ""air_quality"": {""latitude"": 27.400002, ""longitude"": 68.5, ""generationtime_ms"": 0.3085136413574219, ""utc_offset_seconds"": 0, ""timezone"": ""GMT"", ""timezone_abbreviation"": ""GMT"", ""elevation"": 52.0, ""hourly_units"": {""time"": ""iso8601"", ""pm10"": ""μg/m³"", ""pm2_5"": ""μg/m³"", ""carbon_monoxide"": ""μg/m³"", ""nitrogen_dioxide"": ""μg/m³"", ""ozone"": ""μg/m³"", ""sulphur_dioxide"": ""μg/m³"", ""ammonia"": ""μg/m³"", ""us_aqi"": ""USAQI""}, ""hourly"": {""time"": [""2026-07-27T00:00"", ""2026-07-27T01:00"", ""2026-07-27T02:00"", ""2026-07-27T03:00"", ""2026-07-27T04:00"", ""2026-07-27T05:00"", ""2026-07-27T06:00"", ""2026-07-27T07:00"", ""2026-07-27T08:00"", ""2026-07-27T09:00"", ""2026-07-27T10:00"", ""2026-07-27T11:00"", ""2026-07-27T12:00"", ""2026-07-27T13:00"", ""2026-07-27T14:00"", ""2026-07-27T15:00"", ""2026-07-27T16:00"", ""2026-07-27T17:00"", ""2026-07-27T18:00"", ""2026-07-27T19:00"", ""2026-07-27T20:00"", ""2026-07-27T21:00"", ""2026-07-27T22:00"", ""2026-07-27T23:00"", ""2026-07-28T00:00"", ""2026-07-28T01:00"", ""2026-07-28T02:00"", ""2026-07-28T03:00"", ""2026-07-28T04:00"", ""2026-07-28T05:00"", ""2026-07-28T06:00"", ""2026-07-28T07:00"", ""2026-07-28T08:00"", ""2026-07-28T09:00"", ""2026-07-28T10:00"", ""2026-07-28T11:00"", ""2026-07-28T12:00"", ""2026-07-28T13:00"", ""2026-07-28T14:00"", ""2026-07-28T15:00"", ""2026-07-28T16:00"", ""2026-07-28T17:00"", ""2026-07-28T18:00"", ""2026-07-28T19:00"", ""2026-07-28T20:00"", ""2026-07-28T21:00"", ""2026-07-28T22:00"", ""2026-07-28T23:00"", ""2026-07-29T00:00"", ""2026-07-29T01:00"", ""2026-07-29T02:00"", ""2026-07-29T03:00"", ""2026-07-29T04:00"", ""2026-07-29T05:00"", ""2026-07-29T06:00"", ""2026-07-29T07:00"", ""2026-07-29T08:00"", ""2026-07-29T09:00"", ""2026-07-29T10:00"", ""2026-07-29T11:00"", ""2026-07-29T12:00"", ""2026-07-29T13:00"", ""2026-07-29T14:00"", ""2026-07-29T15:00"", ""2026-07-29T16:00"", ""2026-07-29T17:00"", ""2026-07-29T18:00"", ""2026-07-29T19:00"", ""2026-07-29T20:00"", ""2026-07-29T21:00"", ""2026-07-29T22:00"", ""2026-07-29T23:00"", ""2026-07-30T00:00"", ""2026-07-30T01:00"", ""2026-07-30T02:00"", ""2026-07-30T03:00"", ""2026-07-30T04:00"", ""2026-07-30T05:00"", ""2026-07-30T06:00"", ""2026-07-30T07:00"", ""2026-07-30T08:00"", ""2026-07-30T09:00"", ""2026-07-30T10:00"", ""2026-07-30T11:00"", ""2026-07-30T12:00"", ""2026-07-30T13:00"", ""2026-07-30T14:00"", ""2026-07-30T15:00"", ""2026-07-30T16:00"", ""2026-07-30T17:00"", ""2026-07-30T18:00"", ""2026-07-30T19:00"", ""2026-07-30T20:00"", ""2026-07-30T21:00"", ""2026-07-30T22:00"", ""2026-07-30T23:00"", ""2026-07-31T00:00"", ""2026-07-31T01:00"", ""2026-07-31T02:00"", ""2026-07-31T03:00"", ""2026-07-31T04:00"", ""2026-07-31T05:00"", ""2026-07-31T06:00"", ""2026-07-31T07:00"", ""2026-07-31T08:00"", ""2026-07-31T09:00"", ""2026-07-31T10:00"", ""2026-07-31T11:00"", ""2026-07-31T12:00"", ""2026-07-31T13:00"", ""2026-07-31T14:00"", ""2026-07-31T15:00"", ""2026-07-31T16:00"", ""2026-07-31T17:00"", ""2026-07-31T18:00"", ""2026-07-31T19:00"", ""2026-07-31T20:00"", ""2026-07-31T21:00"", ""2026-07-31T22:00"", ""2026-07-31T23:00""], ""pm10"": [37.5, 34.2, 31.5, 28.0, 22.1, 25.8, 36.4, 48.9, 62.9, 73.6, 82.9, 93.6, 106.9, 127.1, 123.9, 126.2, 127.6, 170.9, 235.6, 276.6, 293.4, 287.8, 272.9, 244.0, 214.2, 190.0, 172.8, 178.8, 198.8, 219.8, 233.8, 237.0, 244.0, 255.2, 270.1, 282.2, 294.3, 303.6, 261.7, 251.5, 231.9, 265.4, 349.2, 348.3, 311.1, 288.7, 245.9, 198.4, 159.3, 129.9, 117.8, 122.5, 124.8, 127.6, 127.6, 131.8, 140.2, 138.3, 129.0, 119.7, 115.0, 111.1, 102.2, 81.3, 68.2, 58.1, 57.0, 68.9, 92.9, 120.6, 143.0, 158.3, 165.8, 175.6, 176.0, 174.6, 176.0, 181.1, 196.5, 210.0, 204.4, 196.5, 188.1, 178.8, 167.2, 149.9, 126.7, 96.6, 79.2, 67.5, 60.1, 57.2, 56.9, 56.8, 54.4, 50.4, 47.0, 47.4, 54.9, 67.8, 85.0, 112.7, 137.8, 141.1, 143.9, 144.8, 143.4, 141.6, 142.0, 140.2, 133.2, 109.4, 87.5, 62.9, 50.4, 46.0, 47.4, 52.2, 53.7, 53.3], ""pm2_5"": [35.4, 32.9, 31.1, 26.5, 19.6, 20.0, 23.1, 26.2, 29.7, 32.5, 34.9, 37.6, 40.4, 44.7, 48.7, 54.2, 55.1, 62.2, 77.8, 90.3, 98.3, 101.5, 99.0, 91.5, 82.2, 73.1, 64.7, 58.6, 58.1, 60.5, 62.9, 63.6, 64.5, 66.6, 69.6, 71.9, 74.0, 75.9, 75.0, 77.1, 76.4, 81.7, 96.4, 102.2, 101.5, 97.3, 87.5, 75.0, 63.1, 53.2, 47.4, 44.7, 43.3, 42.6, 41.4, 40.6, 41.2, 41.2, 40.0, 38.6, 38.1, 38.0, 38.0, 37.8, 35.7, 33.3, 32.6, 34.7, 40.0, 46.8, 53.3, 58.7, 62.6, 66.1, 67.1, 64.7, 61.7, 60.1, 59.5, 59.6, 57.4, 55.3, 53.4, 51.8, 49.9, 47.6, 45.2, 42.6, 38.6, 35.0, 32.5, 30.7, 29.9, 29.6, 29.1, 28.6, 28.5, 29.5, 32.5, 36.9, 42.4, 46.9, 47.5, 46.1, 45.5, 44.7, 43.5, 42.6, 42.6, 42.4, 42.0, 44.5, 39.2, 30.9, 26.3, 24.7, 24.5, 25.8, 26.8, 27.3], ""carbon_monoxide"": [879.0, 746.0, 558.0, 408.0, 335.0, 300.0, 271.0, 240.0, 215.0, 194.0, 169.0, 148.0, 148.0, 189.0, 252.0, 295.0, 303.0, 293.0, 270.0, 229.0, 176.0, 137.0, 125.0, 127.0, 131.0, 134.0, 140.0, 144.0, 146.0, 146.0, 144.0, 137.0, 128.0, 121.0, 117.0, 115.0, 122.0, 145.0, 175.0, 197.0, 201.0, 195.0, 190.0, 188.0, 187.0, 187.0, 188.0, 189.0, 190.0, 191.0, 192.0, 190.0, 182.0, 171.0, 161.0, 152.0, 144.0, 137.0, 130.0, 125.0, 127.0, 145.0, 171.0, 188.0, 186.0, 175.0, 163.0, 151.0, 138.0, 131.0, 129.0, 133.0, 149.0, 191.0, 246.0, 278.0, 267.0, 233.0, 203.0, 184.0, 167.0, 156.0, 147.0, 143.0, 153.0, 196.0, 253.0, 281.0, 252.0, 194.0, 149.0, 133.0, 131.0, 130.0, 128.0, 128.0, 133.0, 147.0, 166.0, 177.0, 174.0, 164.0, 155.0, 150.0, 145.0, 143.0, 142.0, 143.0, 147.0, 158.0, 173.0, 180.0, 173.0, 159.0, 149.0, 149.0, 152.0, 155.0, 155.0, 154.0], ""nitrogen_dioxide"": [16.6, 14.0, 10.2, 7.0, 4.7, 2.9, 1.6, 1.0, 1.0, 1.0, 0.8, 0.7, 1.2, 2.8, 5.0, 6.4, 6.2, 5.1, 4.3, 4.2, 4.3, 4.6, 5.1, 5.8, 6.1, 5.8, 5.1, 4.3, 3.3, 2.1, 1.2, 0.8, 0.8, 0.8, 0.7, 0.6, 1.0, 2.5, 4.5, 5.7, 5.3, 4.2, 3.6, 4.1, 5.1, 6.1, 7.2, 8.3, 8.9, 8.5, 7.6, 6.4, 4.9, 3.1, 1.7, 1.1, 0.9, 0.8, 0.7, 0.7, 0.9, 1.6, 2.6, 3.2, 3.1, 2.7, 2.6, 3.0, 3.8, 4.6, 5.6, 6.6, 7.4, 7.9, 8.2, 7.8, 6.2, 3.8, 2.0, 1.2, 0.9, 0.7, 0.6, 0.7, 0.9, 1.4, 2.0, 2.4, 2.4, 2.1, 2.0, 2.2, 2.5, 2.9, 3.4, 3.9, 4.4, 5.1, 5.7, 5.7, 4.6, 2.8, 1.4, 0.8, 0.7, 0.6, 0.5, 0.5, 0.9, 2.2, 3.8, 4.7, 4.1, 2.8, 1.7, 1.4, 1.3, 1.4, 1.6, 1.8], ""ozone"": [36.0, 46.0, 59.0, 75.0, 94.0, 115.0, 130.0, 134.0, 132.0, 129.0, 127.0, 125.0, 119.0, 108.0, 94.0, 81.0, 71.0, 62.0, 55.0, 49.0, 44.0, 41.0, 38.0, 37.0, 37.0, 38.0, 40.0, 45.0, 57.0, 73.0, 85.0, 91.0, 95.0, 97.0, 99.0, 100.0, 99.0, 95.0, 88.0, 82.0, 77.0, 73.0, 69.0, 64.0, 58.0, 53.0, 47.0, 42.0, 39.0, 38.0, 39.0, 45.0, 61.0, 81.0, 97.0, 104.0, 105.0, 105.0, 104.0, 100.0, 97.0, 94.0, 91.0, 88.0, 87.0, 88.0, 86.0, 81.0, 74.0, 67.0, 60.0, 54.0, 49.0, 46.0, 45.0, 50.0, 68.0, 92.0, 110.0, 117.0, 118.0, 117.0, 116.0, 113.0, 109.0, 104.0, 97.0, 91.0, 87.0, 83.0, 78.0, 72.0, 64.0, 58.0, 53.0, 48.0, 47.0, 49.0, 54.0, 63.0, 82.0, 106.0, 121.0, 120.0, 111.0, 103.0, 100.0, 97.0, 93.0, 85.0, 75.0, 68.0, 65.0, 63.0, 63.0, 64.0, 66.0, 67.0, 66.0, 65.0], ""sulphur_dioxide"": [4.9, 4.7, 4.4, 4.3, 4.6, 5.2, 5.5, 5.4, 5.1, 4.8, 4.6, 4.5, 4.5, 4.9, 5.5, 5.9, 5.8, 5.4, 4.9, 4.4, 3.7, 3.3, 3.2, 3.2, 3.3, 3.4, 3.6, 3.9, 4.4, 5.0, 5.3, 5.2, 4.9, 4.6, 4.5, 4.4, 4.4, 4.7, 5.2, 5.4, 5.1, 4.7, 4.4, 4.6, 5.0, 5.5, 6.3, 7.3, 8.0, 8.2, 8.2, 7.9, 7.4, 6.6, 5.9, 5.3, 4.7, 4.2, 3.8, 3.6, 3.5, 3.7, 4.0, 4.2, 4.2, 4.0, 4.0, 4.2, 4.4, 4.8, 5.3, 5.8, 6.4, 7.2, 8.0, 8.4, 8.0, 7.1, 6.3, 5.9, 5.7, 5.4, 5.1, 4.8, 4.5, 4.3, 4.2, 4.0, 3.6, 3.2, 2.9, 2.8, 2.8, 2.9, 2.9, 3.0, 3.5, 4.7, 6.2, 7.4, 7.9, 8.0, 7.7, 6.7, 5.3, 4.2, 3.6, 3.4, 3.2, 3.2, 3.3, 3.2, 2.8, 2.4, 2.0, 1.9, 1.9, 2.0, 2.1, 2.2], ""ammonia"": [null, null, null, null, null, null, null, null, null, null, null, null, null, null, null, null, null, null, null, null, null, null, null, null, null, null, null, null, null, null, null, null, null, null, null, null, null, null, null, null, null, null, null, null, null, null, null, null, null, null, null, null, null, null, null, null, null, null, null, null, null, null, null, null, null, null, null, null, null, null, null, null, null, null, null, null, null, null, null, null, null, null, null, null, null, null, null, null, null, null, null, null, null, null, null, null, null, null, null, null, null, null, null, null, null, null, null, null, null, null, null, null, null, null, null, null, null, null, null, null], ""us_aqi"": [122, 118, 116, 113, 112, 110, 108, 106, 106, 106, 106, 107, 108, 110, 112, 114, 116, 117, 117, 118, 120, 124, 128, 133, 138, 143, 147, 150, 151, 152, 153, 155, 156, 157, 158, 159, 160, 161, 162, 162, 163, 164, 164, 165, 165, 165, 165, 165, 164, 164, 163, 163, 162, 162, 161, 161, 160, 159, 159, 158, 157, 156, 155, 153, 152, 151, 149, 142, 135, 128, 123, 120, 118, 118, 119, 121, 123, 125, 127, 129, 131, 133, 134, 136, 137, 138, 139, 140, 140, 141, 141, 141, 140, 139, 138, 135, 132, 128, 125, 121, 118, 116, 115, 113, 112, 111, 110, 109, 108, 107, 106, 106, 106, 106, 106, 105, 105, 104, 104, 103]}}}"
2026-07-27T21:12:03.566791+00:00,Gambat,PK,27.3517,68.5247,,,,,,,,,,,,,,,,,aqicn,success,1.4350760000525042,"{""air_quality"": {""status"": ""error"", ""data"": ""Invalid key""}}"
2026-07-27T21:12:49.692761+00:00,Lahore,PK,31.5204,74.3587,,,,,,,,,,,,,,,,,openweather,success,22.457304399926215,"{""weather"": null, ""air_quality"": null}"
2026-07-27T21:00,Lahore,PK,31.5204,74.3587,30.2,90.0,996.2,0.6,72.0,97.0,0.0,157.0,90.1,91.3,2230.0,,40.7,21.9,60.0,,openmeteo,success,2.465578299947083,"{""weather"": {""latitude"": 31.528997, ""longitude"": 74.38995, ""generationtime_ms"": 0.0845193862915039, ""utc_offset_seconds"": 0, ""timezone"": ""GMT"", ""timezone_abbreviation"": ""GMT"", ""elevation"": 220.0, ""current_units"": {""time"": ""iso8601"", ""interval"": ""seconds"", ""temperature_2m"": ""°C"", ""relative_humidity_2m"": ""%"", ""pressure_msl"": ""hPa"", ""wind_speed_10m"": ""km/h"", ""wind_direction_10m"": ""°"", ""cloud_cover"": ""%"", ""rain"": ""mm""}, ""current"": {""time"": ""2026-07-27T21:00"", ""interval"": 900, ""temperature_2m"": 30.2, ""relative_humidity_2m"": 90, ""pressure_msl"": 996.2, ""wind_speed_10m"": 0.6, ""wind_direction_10m"": 72, ""cloud_cover"": 97, ""rain"": 0.0}}, ""air_quality"": {""latitude"": 31.5, ""longitude"": 74.40001, ""generationtime_ms"": 0.545501708984375, ""utc_offset_seconds"": 0, ""timezone"": ""GMT"", ""timezone_abbreviation"": ""GMT"", ""elevation"": 220.0, ""hourly_units"": {""time"": ""iso8601"", ""pm10"": ""μg/m³"", ""pm2_5"": ""μg/m³"", ""carbon_monoxide"": ""μg/m³"", ""nitrogen_dioxide"": ""μg/m³"", ""ozone"": ""μg/m³"", ""sulphur_dioxide"": ""μg/m³"", ""ammonia"": ""μg/m³"", ""us_aqi"": ""USAQI""}, ""hourly"": {""time"": [""2026-07-27T00:00"", ""2026-07-27T01:00"", ""2026-07-27T02:00"", ""2026-07-27T03:00"", ""2026-07-27T04:00"", ""2026-07-27T05:00"", ""2026-07-27T06:00"", ""2026-07-27T07:00"", ""2026-07-27T08:00"", ""2026-07-27T09:00"", ""2026-07-27T10:00"", ""2026-07-27T11:00"", ""2026-07-27T12:00"", ""2026-07-27T13:00"", ""2026-07-27T14:00"", ""2026-07-27T15:00"", ""2026-07-27T16:00"", ""2026-07-27T17:00"", ""2026-07-27T18:00"", ""2026-07-27T19:00"", ""2026-07-27T20:00"", ""2026-07-27T21:00"", ""2026-07-27T22:00"", ""2026-07-27T23:00"", ""2026-07-28T00:00"", ""2026-07-28T01:00"", ""2026-07-28T02:00"", ""2026-07-28T03:00"", ""2026-07-28T04:00"", ""2026-07-28T05:00"", ""2026-07-28T06:00"", ""2026-07-28T07:00"", ""2026-07-28T08:00"", ""2026-07-28T09:00"", ""2026-07-28T10:00"", ""2026-07-28T11:00"", ""2026-07-28T12:00"", ""2026-07-28T13:00"", ""2026-07-28T14:00"", ""2026-07-28T15:00"", ""2026-07-28T16:00"", ""2026-07-28T17:00"", ""2026-07-28T18:00"", ""2026-07-28T19:00"", ""2026-07-28T20:00"", ""2026-07-28T21:00"", ""2026-07-28T22:00"", ""2026-07-28T23:00"", ""2026-07-29T00:00"", ""2026-07-29T01:00"", ""2026-07-29T02:00"", ""2026-07-29T03:00"", ""2026-07-29T04:00"", ""2026-07-29T05:00"", ""2026-07-29T06:00"", ""2026-07-29T07:00"", ""2026-07-29T08:00"", ""2026-07-29T09:00"", ""2026-07-29T10:00"", ""2026-07-29T11:00"", ""2026-07-29T12:00"", ""2026-07-29T13:00"", ""2026-07-29T14:00"", ""2026-07-29T15:00"", ""2026-07-29T16:00"", ""2026-07-29T17:00"", ""2026-07-29T18:00"", ""2026-07-29T19:00"", ""2026-07-29T20:00"", ""2026-07-29T21:00"", ""2026-07-29T22:00"", ""2026-07-29T23:00"", ""2026-07-30T00:00"", ""2026-07-30T01:00"", ""2026-07-30T02:00"", ""2026-07-30T03:00"", ""2026-07-30T04:00"", ""2026-07-30T05:00"", ""2026-07-30T06:00"", ""2026-07-30T07:00"", ""2026-07-30T08:00"", ""2026-07-30T09:00"", ""2026-07-30T10:00"", ""2026-07-30T11:00"", ""2026-07-30T12:00"", ""2026-07-30T13:00"", ""2026-07-30T14:00"", ""2026-07-30T15:00"", ""2026-07-30T16:00"", ""2026-07-30T17:00"", ""2026-07-30T18:00"", ""2026-07-30T19:00"", ""2026-07-30T20:00"", ""2026-07-30T21:00"", ""2026-07-30T22:00"", ""2026-07-30T23:00"", ""2026-07-31T00:00"", ""2026-07-31T01:00"", ""2026-07-31T02:00"", ""2026-07-31T03:00"", ""2026-07-31T04:00"", ""2026-07-31T05:00"", ""2026-07-31T06:00"", ""2026-07-31T07:00"", ""2026-07-31T08:00"", ""2026-07-31T09:00"", ""2026-07-31T10:00"", ""2026-07-31T11:00"", ""2026-07-31T12:00"", ""2026-07-31T13:00"", ""2026-07-31T14:00"", ""2026-07-31T15:00"", ""2026-07-31T16:00"", ""2026-07-31T17:00"", ""2026-07-31T18:00"", ""2026-07-31T19:00"", ""2026-07-31T20:00"", ""2026-07-31T21:00"", ""2026-07-31T22:00"", ""2026-07-31T23:00""], ""pm10"": [91.3, 91.3, 79.9, 61.0, 53.1, 51.5, 55.6, 59.1, 58.3, 57.5, 57.4, 56.8, 59.5, 65.9, 78.5, 99.9, 112.0, 89.2, 80.1, 75.9, 69.6, 59.8, 51.1, 47.8, 42.6, 34.8, 30.2, 28.6, 30.4, 32.5, 33.5, 37.0, 40.0, 40.4, 40.4, 41.0, 40.4, 40.5, 44.0, 44.7, 49.6, 57.2, 57.7, 57.5, 58.7, 58.7, 53.0, 47.1, 40.3, 30.7, 26.9, 22.0, 22.7, 23.9, 24.8, 27.0, 30.2, 33.4, 37.8, 38.9, 39.8, 41.3, 59.1, 76.6, 80.3, 67.1, 58.4, 52.4, 48.9, 47.1, 42.7, 40.5, 36.2, 31.8, 25.4, 20.7, 18.5, 16.8, 18.6, 15.4, 16.6, 19.0, 21.7, 23.3, 25.6, 29.2, 32.4, 40.7, 47.1, 52.6, 56.0, 50.4, 48.8, 49.4, 46.0, 39.7, 35.5, 29.3, 26.2, 25.8, 28.3, 25.3, 27.0, 25.2, 23.7, 25.3, 25.9, 26.1, 26.4, 28.9, 36.8, 44.8, 51.5, 51.1, 53.2, 53.8, 52.9, 52.7, 51.0, 48.7], ""pm2_5"": [90.1, 90.1, 78.7, 59.6, 51.7, 50.2, 54.1, 57.4, 56.0, 54.5, 53.4, 52.0, 53.8, 61.0, 74.5, 95.2, 107.8, 85.9, 77.5, 74.0, 67.8, 57.5, 49.7, 46.8, 41.3, 33.9, 29.1, 27.1, 27.9, 28.9, 29.2, 31.8, 33.9, 34.2, 34.2, 34.6, 34.5, 35.5, 40.9, 42.4, 47.6, 55.2, 55.5, 55.1, 56.1, 55.6, 49.1, 43.8, 36.8, 27.9, 24.6, 19.4, 18.3, 19.0, 19.2, 21.8, 23.1, 25.5, 29.4, 30.5, 31.7, 33.9, 53.7, 71.5, 76.1, 63.6, 55.3, 49.9, 47.0, 45.6, 40.7, 38.0, 34.2, 30.6, 24.6, 20.1, 18.1, 16.5, 18.3, 15.2, 16.2, 18.5, 21.0, 22.7, 24.9, 28.6, 32.0, 40.4, 46.9, 52.4, 55.8, 50.3, 48.5, 49.2, 45.8, 39.3, 35.3, 28.9, 25.8, 25.4, 27.8, 24.0, 25.7, 24.6, 23.4, 25.1, 25.8, 26.0, 26.3, 28.8, 36.8, 44.7, 51.3, 51.0, 53.1, 53.7, 52.7, 52.6, 50.9, 48.5], ""carbon_monoxide"": [2230.0, 2063.0, 1820.0, 1572.0, 1325.0, 1073.0, 869.0, 733.0, 646.0, 598.0, 504.0, 451.0, 688.0, 1559.0, 2721.0, 3395.0, 3126.0, 2369.0, 1712.0, 1374.0, 1136.0, 928.0, 709.0, 519.0, 409.0, 436.0, 544.0, 609.0, 569.0, 487.0, 432.0, 426.0, 448.0, 500.0, 603.0, 736.0, 845.0, 915.0, 960.0, 964.0, 906.0, 807.0, 712.0, 630.0, 551.0, 493.0, 460.0, 449.0, 463.0, 526.0, 614.0, 666.0, 640.0, 577.0, 537.0, 536.0, 557.0, 615.0, 663.0, 747.0, 1015.0, 1733.0, 2634.0, 3074.0, 2619.0, 1702.0, 972.0, 695.0, 606.0, 558.0, 509.0, 501.0, 513.0, 553.0, 613.0, 645.0, 621.0, 570.0, 529.0, 509.0, 500.0, 508.0, 544.0, 598.0, 645.0, 678.0, 703.0, 720.0, 729.0, 730.0, 715.0, 674.0, 618.0, 569.0, 526.0, 490.0, 494.0, 581.0, 708.0, 775.0, 705.0, 574.0, 515.0, 614.0, 784.0, 897.0, 872.0, 790.0, 760.0, 859.0, 1009.0, 1090.0, 1036.0, 913.0, 796.0, 703.0, 615.0, 551.0, 525.0, 522.0], ""nitrogen_dioxide"": [40.7, 36.8, 31.1, 25.1, 18.5, 11.5, 6.6, 4.9, 5.2, 6.3, 4.4, 3.2, 13.4, 48.1, 94.1, 122.2, 116.2, 92.4, 69.6, 53.6, 38.8, 27.2, 20.1, 16.3, 14.5, 15.3, 18.0, 19.2, 16.8, 12.8, 9.6, 7.9, 7.0, 6.9, 6.9, 7.7, 11.9, 22.4, 36.2, 47.4, 54.3, 58.6, 58.8, 53.1, 43.5, 34.3, 26.2, 18.6, 14.2, 15.9, 21.0, 23.6, 20.9, 15.7, 11.6, 9.5, 8.4, 8.5, 7.3, 7.3, 16.6, 45.3, 83.1, 107.7, 107.6, 94.1, 79.1, 65.0, 49.3, 36.1, 26.6, 19.5, 15.3, 15.6, 18.7, 20.4, 18.6, 15.3, 12.4, 10.1, 8.2, 7.4, 6.8, 7.3, 12.3, 25.6, 43.3, 57.1, 64.6, 68.1, 66.6, 57.0, 42.3, 30.2, 23.5, 19.4, 17.6, 19.5, 23.6, 25.2, 21.3, 14.8, 9.8, 7.4, 6.6, 8.1, 12.3, 18.8, 27.2, 39.4, 53.4, 63.4, 66.6, 65.7, 62.5, 56.5, 48.1, 40.4, 34.1, 28.6], ""ozone"": [60.0, 78.0, 103.0, 134.0, 174.0, 220.0, 252.0, 262.0, 259.0, 251.0, 244.0, 233.0, 207.0, 152.0, 84.0, 37.0, 32.0, 49.0, 66.0, 76.0, 85.0, 91.0, 91.0, 88.0, 86.0, 87.0, 89.0, 95.0, 108.0, 124.0, 142.0, 161.0, 181.0, 195.0, 205.0, 210.0, 201.0, 169.0, 124.0, 87.0, 66.0, 53.0, 46.0, 45.0, 49.0, 56.0, 66.0, 79.0, 88.0, 87.0, 81.0, 82.0, 95.0, 114.0, 131.0, 145.0, 158.0, 168.0, 180.0, 189.0, 181.0, 140.0, 83.0, 40.0, 28.0, 31.0, 36.0, 40.0, 47.0, 55.0, 65.0, 77.0, 87.0, 92.0, 95.0, 100.0, 109.0, 120.0, 131.0, 143.0, 156.0, 166.0, 175.0, 180.0, 173.0, 143.0, 101.0, 67.0, 49.0, 39.0, 36.0, 40.0, 51.0, 60.0, 66.0, 70.0, 73.0, 71.0, 68.0, 72.0, 91.0, 117.0, 138.0, 149.0, 154.0, 152.0, 141.0, 124.0, 105.0, 84.0, 61.0, 43.0, 33.0, 29.0, 27.0, 28.0, 32.0, 36.0, 41.0, 46.0], ""sulphur_dioxide"": [21.9, 23.0, 24.6, 26.1, 27.7, 29.3, 29.6, 27.7, 24.4, 21.7, 19.8, 18.3, 18.1, 20.2, 23.6, 25.8, 25.9, 24.9, 23.2, 20.7, 17.6, 14.6, 11.8, 9.2, 7.6, 7.6, 8.5, 9.4, 10.0, 10.6, 11.0, 11.2, 11.3, 11.5, 12.0, 12.7, 13.1, 13.0, 12.6, 12.4, 12.7, 13.3, 13.6, 13.5, 13.2, 12.5, 10.9, 8.8, 7.6, 8.1, 9.4, 10.6, 11.3, 11.8, 12.3, 12.6, 12.7, 13.1, 13.8, 14.6, 15.9, 18.1, 20.7, 22.0, 21.1, 18.9, 16.6, 14.4, 12.1, 10.1, 8.4, 7.1, 6.6, 7.5, 9.3, 10.7, 11.3, 11.7, 11.9, 12.1, 12.1, 12.3, 12.7, 13.3, 13.5, 13.2, 12.5, 12.2, 12.5, 13.2, 13.4, 13.0, 12.2, 11.2, 9.9, 8.5, 7.7, 7.8, 8.6, 9.5, 10.8, 12.4, 13.3, 13.2, 12.5, 11.5, 10.0, 8.2, 7.3, 8.1, 9.7, 11.0, 11.5, 11.6, 11.5, 11.2, 10.6, 10.0, 9.2, 8.4], ""ammonia"": [null, null, null, null, null, null, null, null, null, null, null, null, null, null, null, null, null, null, null, null, null, null, null, null, null, null, null, null, null, null, null, null, null, null, null, null, null, null, null, null, null, null, null, null, null, null, null, null, null, null, null, null, null, null, null, null, null, null, null, null, null, null, null, null, null, null, null, null, null, null, null, null, null, null, null, null, null, null, null, null, null, null, null, null, null, null, null, null, null, null, null, null, null, null, null, null, null, null, null, null, null, null, null, null, null, null, null, null, null, null, null, null, null, null, null, null, null, null, null, null], ""us_aqi"": [157, 158, 159, 160, 160, 160, 160, 161, 162, 174, 201, 210, 217, 219, 214, 203, 171, 167, 167, 166, 165, 164, 162, 160, 158, 157, 155, 153, 152, 152, 151, 150, 148, 146, 144, 142, 149, 164, 171, 168, 156, 134, 117, 115, 113, 112, 111, 111, 111, 111, 110, 109, 109, 108, 107, 106, 104, 103, 102, 102, 118, 136, 141, 131, 109, 108, 109, 109, 109, 108, 107, 106, 105, 105, 105, 105, 105, 105, 105, 105, 104, 104, 103, 102, 118, 131, 136, 130, 113, 93, 93, 93, 93, 93, 93, 93, 94, 94, 94, 94, 94, 95, 95, 96, 97, 97, 98, 98, 98, 99, 99, 99, 99, 100, 99, 99, 100, 100, 100, 101]}}}"
2026-07-27T21:12:04.523267+00:00,Lahore,PK,31.5204,74.3587,,,,,,,,,,,,,,,,,aqicn,success,2.242825400084257,"{""air_quality"": {""status"": ""error"", ""data"": ""Invalid key""}}"
2026-07-27T21:17:59.988086+00:00,Karachi,PK,24.8607,67.0011,27.26,81.0,999.0,7.48,259.0,98.0,,4.0,24.33,113.32,67.44,0.0,0.1,0.52,42.05,0.0,openweather,success,6.894210100057535,"{""weather"": {""coord"": {""lon"": 67.0011, ""lat"": 24.8607}, ""weather"": [{""id"": 804, ""main"": ""Clouds"", ""description"": ""overcast clouds"", ""icon"": ""04n""}], ""base"": ""stations"", ""main"": {""temp"": 27.26, ""feels_like"": 30.44, ""temp_min"": 27.26, ""temp_max"": 27.26, ""pressure"": 999, ""humidity"": 81, ""sea_level"": 999, ""grnd_level"": 997}, ""visibility"": 10000, ""wind"": {""speed"": 7.48, ""deg"": 259, ""gust"": 8.51}, ""clouds"": {""all"": 98}, ""dt"": 1785187074, ""sys"": {""country"": ""PK"", ""sunrise"": 1785200258, ""sunset"": 1785248347}, ""timezone"": 18000, ""id"": 1174872, ""name"": ""Karachi"", ""cod"": 200}, ""air_quality"": {""coord"": {""lon"": 67.0011, ""lat"": 24.8607}, ""list"": [{""main"": {""aqi"": 4}, ""components"": {""co"": 67.44, ""no"": 0, ""no2"": 0.1, ""o3"": 42.05, ""so2"": 0.52, ""pm2_5"": 24.33, ""pm10"": 113.32, ""nh3"": 0}, ""dt"": 1785187079}]}}"
2026-07-27T21:15,Karachi,PK,24.8607,67.0011,27.9,83.0,998.7,15.2,256.0,74.0,0.0,82.0,20.8,58.9,121.0,,4.6,4.7,49.0,,openmeteo,success,3.657342799939215,"{""weather"": {""latitude"": 24.850615, ""longitude"": 66.992485, ""generationtime_ms"": 0.1226663589477539, ""utc_offset_seconds"": 0, ""timezone"": ""GMT"", ""timezone_abbreviation"": ""GMT"", ""elevation"": 7.0, ""current_units"": {""time"": ""iso8601"", ""interval"": ""seconds"", ""temperature_2m"": ""°C"", ""relative_humidity_2m"": ""%"", ""pressure_msl"": ""hPa"", ""wind_speed_10m"": ""km/h"", ""wind_direction_10m"": ""°"", ""cloud_cover"": ""%"", ""rain"": ""mm""}, ""current"": {""time"": ""2026-07-27T21:15"", ""interval"": 900, ""temperature_2m"": 27.9, ""relative_humidity_2m"": 83, ""pressure_msl"": 998.7, ""wind_speed_10m"": 15.2, ""wind_direction_10m"": 256, ""cloud_cover"": 74, ""rain"": 0.0}}, ""air_quality"": {""latitude"": 24.900002, ""longitude"": 67.0, ""generationtime_ms"": 0.3116130828857422, ""utc_offset_seconds"": 0, ""timezone"": ""GMT"", ""timezone_abbreviation"": ""GMT"", ""elevation"": 7.0, ""hourly_units"": {""time"": ""iso8601"", ""pm10"": ""μg/m³"", ""pm2_5"": ""μg/m³"", ""carbon_monoxide"": ""μg/m³"", ""nitrogen_dioxide"": ""μg/m³"", ""ozone"": ""μg/m³"", ""sulphur_dioxide"": ""μg/m³"", ""ammonia"": ""μg/m³"", ""us_aqi"": ""USAQI""}, ""hourly"": {""time"": [""2026-07-27T00:00"", ""2026-07-27T01:00"", ""2026-07-27T02:00"", ""2026-07-27T03:00"", ""2026-07-27T04:00"", ""2026-07-27T05:00"", ""2026-07-27T06:00"", ""2026-07-27T07:00"", ""2026-07-27T08:00"", ""2026-07-27T09:00"", ""2026-07-27T10:00"", ""2026-07-27T11:00"", ""2026-07-27T12:00"", ""2026-07-27T13:00"", ""2026-07-27T14:00"", ""2026-07-27T15:00"", ""2026-07-27T16:00"", ""2026-07-27T17:00"", ""2026-07-27T18:00"", ""2026-07-27T19:00"", ""2026-07-27T20:00"", ""2026-07-27T21:00"", ""2026-07-27T22:00"", ""2026-07-27T23:00"", ""2026-07-28T00:00"", ""2026-07-28T01:00"", ""2026-07-28T02:00"", ""2026-07-28T03:00"", ""2026-07-28T04:00"", ""2026-07-28T05:00"", ""2026-07-28T06:00"", ""2026-07-28T07:00"", ""2026-07-28T08:00"", ""2026-07-28T09:00"", ""2026-07-28T10:00"", ""2026-07-28T11:00"", ""2026-07-28T12:00"", ""2026-07-28T13:00"", ""2026-07-28T14:00"", ""2026-07-28T15:00"", ""2026-07-28T16:00"", ""2026-07-28T17:00"", ""2026-07-28T18:00"", ""2026-07-28T19:00"", ""2026-07-28T20:00"", ""2026-07-28T21:00"", ""2026-07-28T22:00"", ""2026-07-28T23:00"", ""2026-07-29T00:00"", ""2026-07-29T01:00"", ""2026-07-29T02:00"", ""2026-07-29T03:00"", ""2026-07-29T04:00"", ""2026-07-29T05:00"", ""2026-07-29T06:00"", ""2026-07-29T07:00"", ""2026-07-29T08:00"", ""2026-07-29T09:00"", ""2026-07-29T10:00"", ""2026-07-29T11:00"", ""2026-07-29T12:00"", ""2026-07-29T13:00"", ""2026-07-29T14:00"", ""2026-07-29T15:00"", ""2026-07-29T16:00"", ""2026-07-29T17:00"", ""2026-07-29T18:00"", ""2026-07-29T19:00"", ""2026-07-29T20:00"", ""2026-07-29T21:00"", ""2026-07-29T22:00"", ""2026-07-29T23:00"", ""2026-07-30T00:00"", ""2026-07-30T01:00"", ""2026-07-30T02:00"", ""2026-07-30T03:00"", ""2026-07-30T04:00"", ""2026-07-30T05:00"", ""2026-07-30T06:00"", ""2026-07-30T07:00"", ""2026-07-30T08:00"", ""2026-07-30T09:00"", ""2026-07-30T10:00"", ""2026-07-30T11:00"", ""2026-07-30T12:00"", ""2026-07-30T13:00"", ""2026-07-30T14:00"", ""2026-07-30T15:00"", ""2026-07-30T16:00"", ""2026-07-30T17:00"", ""2026-07-30T18:00"", ""2026-07-30T19:00"", ""2026-07-30T20:00"", ""2026-07-30T21:00"", ""2026-07-30T22:00"", ""2026-07-30T23:00"", ""2026-07-31T00:00"", ""2026-07-31T01:00"", ""2026-07-31T02:00"", ""2026-07-31T03:00"", ""2026-07-31T04:00"", ""2026-07-31T05:00"", ""2026-07-31T06:00"", ""2026-07-31T07:00"", ""2026-07-31T08:00"", ""2026-07-31T09:00"", ""2026-07-31T10:00"", ""2026-07-31T11:00"", ""2026-07-31T12:00"", ""2026-07-31T13:00"", ""2026-07-31T14:00"", ""2026-07-31T15:00"", ""2026-07-31T16:00"", ""2026-07-31T17:00"", ""2026-07-31T18:00"", ""2026-07-31T19:00"", ""2026-07-31T20:00"", ""2026-07-31T21:00"", ""2026-07-31T22:00"", ""2026-07-31T23:00""], ""pm10"": [58.9, 61.7, 78.2, 105.0, 106.4, 120.1, 121.5, 118.3, 113.4, 113.2, 110.6, 103.6, 95.0, 85.0, 77.1, 73.3, 73.8, 76.1, 74.3, 61.9, 55.5, 57.7, 49.2, 46.6, 53.3, 47.3, 52.7, 64.3, 69.2, 75.0, 78.2, 81.7, 85.0, 89.6, 86.4, 85.4, 77.5, 77.1, 64.5, 59.1, 47.6, 43.5, 43.1, 41.9, 40.0, 39.3, 40.0, 40.5, 41.9, 40.9, 45.6, 56.5, 73.8, 84.1, 92.7, 86.6, 79.4, 77.3, 77.8, 76.6, 70.8, 65.0, 57.5, 51.1, 50.6, 50.4, 50.3, 50.4, 50.5, 50.6, 51.7, 56.0, 61.9, 61.5, 65.7, 75.9, 93.6, 93.8, 93.4, 93.8, 90.8, 88.0, 87.1, 85.9, 84.1, 79.2, 73.6, 66.6, 63.8, 63.6, 63.8, 63.8, 62.2, 57.7, 53.0, 51.3, 51.0, 53.7, 75.2, 96.9, 112.2, 117.6, 118.3, 118.5, 117.1, 111.5, 103.1, 95.2, 88.9, 84.8, 82.7, 80.8, 78.2, 77.1, 75.7, 75.9, 75.4, 75.2, 73.6, 71.7], ""pm2_5"": [20.8, 21.4, 24.3, 30.7, 31.4, 35.6, 37.4, 37.7, 36.8, 36.6, 36.1, 34.8, 32.9, 30.3, 28.2, 27.0, 26.6, 26.2, 25.1, 21.2, 19.3, 19.8, 17.5, 17.0, 19.3, 17.9, 19.3, 24.2, 25.9, 27.3, 27.9, 29.2, 30.3, 31.9, 31.4, 31.2, 29.0, 29.3, 26.3, 26.0, 21.4, 20.4, 20.4, 20.1, 19.3, 18.6, 18.3, 18.3, 18.6, 18.6, 20.3, 22.5, 28.3, 30.9, 33.5, 33.2, 32.0, 31.1, 30.9, 30.0, 28.6, 27.5, 25.1, 22.9, 22.7, 22.9, 23.5, 23.7, 23.1, 22.1, 21.5, 21.8, 22.7, 22.8, 24.0, 26.4, 32.2, 33.4, 34.8, 36.0, 35.9, 35.2, 34.6, 33.9, 33.1, 31.7, 30.2, 27.2, 25.8, 25.7, 25.8, 25.9, 25.4, 24.4, 23.3, 22.7, 22.4, 23.2, 27.3, 31.1, 34.6, 37.0, 39.1, 41.1, 42.5, 42.1, 39.8, 36.9, 34.3, 32.1, 30.6, 29.7, 27.9, 27.1, 26.5, 26.0, 25.2, 25.0, 24.6, 24.2], ""carbon_monoxide"": [121.0, 165.0, 225.0, 262.0, 256.0, 228.0, 205.0, 196.0, 192.0, 193.0, 203.0, 217.0, 226.0, 224.0, 215.0, 205.0, 193.0, 179.0, 165.0, 149.0, 133.0, 121.0, 112.0, 108.0, 120.0, 167.0, 231.0, 269.0, 257.0, 219.0, 191.0, 186.0, 191.0, 200.0, 215.0, 235.0, 247.0, 246.0, 238.0, 230.0, 225.0, 219.0, 208.0, 187.0, 162.0, 144.0, 132.0, 128.0, 142.0, 195.0, 267.0, 311.0, 297.0, 255.0, 222.0, 212.0, 213.0, 221.0, 241.0, 268.0, 292.0, 310.0, 325.0, 331.0, 324.0, 308.0, 286.0, 253.0, 213.0, 182.0, 160.0, 146.0, 154.0, 204.0, 275.0, 318.0, 304.0, 262.0, 231.0, 224.0, 227.0, 240.0, 263.0, 295.0, 331.0, 373.0, 419.0, 454.0, 482.0, 499.0, 481.0, 400.0, 284.0, 198.0, 163.0, 158.0, 184.0, 262.0, 371.0, 449.0, 465.0, 449.0, 429.0, 410.0, 388.0, 376.0, 384.0, 403.0, 418.0, 428.0, 433.0, 425.0, 391.0, 343.0, 308.0, 296.0, 297.0, 307.0, 332.0, 366.0], ""nitrogen_dioxide"": [4.6, 5.7, 7.1, 7.9, 7.3, 6.0, 4.9, 4.1, 3.4, 3.3, 3.9, 4.9, 6.2, 7.9, 9.9, 11.0, 10.7, 9.5, 8.4, 7.7, 7.1, 6.5, 5.6, 4.7, 4.5, 5.9, 8.0, 9.3, 8.9, 7.6, 6.4, 5.3, 4.3, 3.9, 4.4, 5.6, 7.1, 9.3, 11.9, 13.8, 14.5, 14.4, 13.7, 12.2, 10.2, 8.4, 6.9, 5.7, 5.3, 6.5, 8.6, 9.7, 8.7, 6.8, 5.2, 4.4, 4.0, 4.2, 5.1, 6.7, 8.8, 11.8, 15.3, 18.1, 19.8, 20.8, 20.7, 19.2, 16.7, 14.1, 11.2, 8.2, 6.5, 7.3, 9.5, 10.6, 9.5, 7.5, 5.8, 4.9, 4.4, 4.6, 5.6, 7.2, 9.6, 13.5, 18.1, 21.3, 21.8, 20.8, 19.6, 18.6, 17.4, 16.5, 15.9, 15.4, 15.4, 16.2, 17.3, 17.6, 16.4, 14.4, 12.4, 10.5, 8.7, 7.9, 8.4, 10.0, 12.3, 16.1, 20.8, 24.0, 24.9, 24.4, 23.2, 21.3, 18.7, 16.6, 15.4, 14.7], ""ozone"": [49.0, 49.0, 48.0, 52.0, 63.0, 77.0, 88.0, 92.0, 91.0, 88.0, 81.0, 71.0, 62.0, 55.0, 50.0, 46.0, 45.0, 46.0, 47.0, 47.0, 47.0, 47.0, 48.0, 49.0, 49.0, 48.0, 47.0, 47.0, 50.0, 55.0, 61.0, 68.0, 75.0, 79.0, 77.0, 71.0, 65.0, 59.0, 53.0, 48.0, 46.0, 46.0, 46.0, 47.0, 48.0, 49.0, 50.0, 51.0, 51.0, 50.0, 48.0, 50.0, 59.0, 72.0, 83.0, 91.0, 98.0, 99.0, 92.0, 80.0, 69.0, 60.0, 52.0, 46.0, 42.0, 41.0, 40.0, 41.0, 42.0, 45.0, 49.0, 53.0, 56.0, 56.0, 54.0, 57.0, 69.0, 85.0, 99.0, 110.0, 118.0, 121.0, 115.0, 102.0, 89.0, 75.0, 61.0, 50.0, 47.0, 47.0, 48.0, 48.0, 48.0, 47.0, 44.0, 40.0, 39.0, 41.0, 45.0, 52.0, 62.0, 75.0, 87.0, 101.0, 115.0, 121.0, 114.0, 98.0, 82.0, 67.0, 51.0, 39.0, 34.0, 33.0, 34.0, 35.0, 38.0, 40.0, 41.0, 41.0], ""sulphur_dioxide"": [4.7, 5.0, 5.5, 6.0, 6.5, 7.0, 7.1, 6.7, 5.9, 5.3, 5.1, 5.1, 5.1, 5.1, 5.0, 5.0, 5.0, 5.0, 5.0, 4.9, 4.7, 4.6, 4.5, 4.3, 4.3, 4.5, 4.7, 5.0, 5.2, 5.5, 5.6, 5.6, 5.4, 5.3, 5.2, 5.2, 5.2, 5.3, 5.5, 5.7, 5.9, 6.2, 6.2, 5.9, 5.3, 4.9, 4.6, 4.5, 4.5, 4.8, 5.2, 5.6, 5.8, 6.0, 6.1, 6.1, 6.0, 5.9, 5.8, 5.8, 5.8, 6.0, 6.3, 6.7, 7.3, 7.9, 8.2, 7.9, 7.3, 6.7, 6.2, 5.8, 5.6, 5.9, 6.4, 6.9, 7.2, 7.5, 7.6, 7.5, 7.3, 7.1, 7.0, 7.0, 7.1, 7.3, 7.6, 8.0, 8.5, 9.1, 9.5, 9.4, 9.0, 8.7, 8.3, 7.9, 8.0, 9.0, 10.6, 12.0, 13.2, 14.2, 14.9, 15.1, 14.9, 14.3, 13.2, 11.9, 10.7, 9.9, 9.3, 9.1, 9.5, 10.3, 10.9, 10.9, 10.6, 10.5, 10.7, 11.0], ""ammonia"": [null, null, null, null, null, null, null, null, null, null, null, null, null, null, null, null, null, null, null, null, null, null, null, null, null, null, null, null, null, null, null, null, null, null, null, null, null, null, null, null, null, null, null, null, null, null, null, null, null, null, null, null, null, null, null, null, null, null, null, null, null, null, null, null, null, null, null, null, null, null, null, null, null, null, null, null, null, null, null, null, null, null, null, null, null, null, null, null, null, null, null, null, null, null, null, null, null, null, null, null, null, null, null, null, null, null, null, null, null, null, null, null, null, null, null, null, null, null, null, null], ""us_aqi"": [82, 82, 82, 82, 82, 82, 83, 83, 83, 83, 84, 84, 84, 85, 85, 85, 86, 86, 87, 87, 87, 87, 87, 86, 86, 86, 86, 85, 85, 84, 84, 83, 82, 82, 81, 81, 81, 80, 80, 80, 80, 80, 79, 79, 79, 79, 79, 79, 79, 79, 79, 79, 79, 79, 79, 80, 80, 80, 80, 80, 80, 80, 80, 80, 79, 80, 80, 80, 80, 81, 81, 81, 81, 82, 82, 82, 83, 83, 83, 83, 83, 84, 84, 84, 85, 85, 85, 86, 86, 86, 87, 87, 87, 87, 87, 87, 88, 87, 88, 88, 88, 88, 89, 89, 89, 90, 90, 91, 91, 91, 91, 91, 91, 92, 92, 92, 92, 92, 92, 92]}}}"
2026-07-27T21:17:55.398474+00:00,Karachi,PK,24.8607,67.0011,,,,,,,,,,,,,,,,,aqicn,success,2.297163899987936,"{""air_quality"": {""status"": ""error"", ""data"": ""Invalid key""}}"
2026-07-27T21:17:54.490726+00:00,Hyderabad,PK,25.396,68.3578,28.38,72.0,997.0,9.65,231.0,61.0,,3.0,20.02,85.93,75.69,0.0,1.01,1.88,41.64,0.42,openweather,success,1.3884685999946669,"{""weather"": {""coord"": {""lon"": 68.3578, ""lat"": 25.396}, ""weather"": [{""id"": 803, ""main"": ""Clouds"", ""description"": ""broken clouds"", ""icon"": ""04n""}], ""base"": ""stations"", ""main"": {""temp"": 28.38, ""feels_like"": 31.73, ""temp_min"": 28.38, ""temp_max"": 28.38, ""pressure"": 997, ""humidity"": 72, ""sea_level"": 997, ""grnd_level"": 993}, ""visibility"": 10000, ""wind"": {""speed"": 9.65, ""deg"": 231, ""gust"": 13.05}, ""clouds"": {""all"": 61}, ""dt"": 1785187073, ""sys"": {""country"": ""PK"", ""sunrise"": 1785199876, ""sunset"": 1785248078}, ""timezone"": 18000, ""id"": 1176734, ""name"": ""Hyderābād"", ""cod"": 200}, ""air_quality"": {""coord"": {""lon"": 68.3578, ""lat"": 25.396}, ""list"": [{""main"": {""aqi"": 3}, ""components"": {""co"": 75.69, ""no"": 0, ""no2"": 1.01, ""o3"": 41.64, ""so2"": 1.88, ""pm2_5"": 20.02, ""pm10"": 85.93, ""nh3"": 0.42}, ""dt"": 1785187073}]}}"
2026-07-27T21:15,Hyderabad,PK,25.396,68.3578,27.9,81.0,997.2,17.2,224.0,11.0,0.0,87.0,17.7,33.2,122.0,,8.5,6.4,35.0,,openmeteo,success,1.8324436999391764,"{""weather"": {""latitude"": 25.413004, ""longitude"": 68.353195, ""generationtime_ms"": 0.4709959030151367, ""utc_offset_seconds"": 0, ""timezone"": ""GMT"", ""timezone_abbreviation"": ""GMT"", ""elevation"": 29.0, ""current_units"": {""time"": ""iso8601"", ""interval"": ""seconds"", ""temperature_2m"": ""°C"", ""relative_humidity_2m"": ""%"", ""pressure_msl"": ""hPa"", ""wind_speed_10m"": ""km/h"", ""wind_direction_10m"": ""°"", ""cloud_cover"": ""%"", ""rain"": ""mm""}, ""current"": {""time"": ""2026-07-27T21:15"", ""interval"": 900, ""temperature_2m"": 27.9, ""relative_humidity_2m"": 81, ""pressure_msl"": 997.2, ""wind_speed_10m"": 17.2, ""wind_direction_10m"": 224, ""cloud_cover"": 11, ""rain"": 0.0}}, ""air_quality"": {""latitude"": 25.400002, ""longitude"": 68.40001, ""generationtime_ms"": 0.5408525466918945, ""utc_offset_seconds"": 0, ""timezone"": ""GMT"", ""timezone_abbreviation"": ""GMT"", ""elevation"": 29.0, ""hourly_units"": {""time"": ""iso8601"", ""pm10"": ""μg/m³"", ""pm2_5"": ""μg/m³"", ""carbon_monoxide"": ""μg/m³"", ""nitrogen_dioxide"": ""μg/m³"", ""ozone"": ""μg/m³"", ""sulphur_dioxide"": ""μg/m³"", ""ammonia"": ""μg/m³"", ""us_aqi"": ""USAQI""}, ""hourly"": {""time"": [""2026-07-27T00:00"", ""2026-07-27T01:00"", ""2026-07-27T02:00"", ""2026-07-27T03:00"", ""2026-07-27T04:00"", ""2026-07-27T05:00"", ""2026-07-27T06:00"", ""2026-07-27T07:00"", ""2026-07-27T08:00"", ""2026-07-27T09:00"", ""2026-07-27T10:00"", ""2026-07-27T11:00"", ""2026-07-27T12:00"", ""2026-07-27T13:00"", ""2026-07-27T14:00"", ""2026-07-27T15:00"", ""2026-07-27T16:00"", ""2026-07-27T17:00"", ""2026-07-27T18:00"", ""2026-07-27T19:00"", ""2026-07-27T20:00"", ""2026-07-27T21:00"", ""2026-07-27T22:00"", ""2026-07-27T23:00"", ""2026-07-28T00:00"", ""2026-07-28T01:00"", ""2026-07-28T02:00"", ""2026-07-28T03:00"", ""2026-07-28T04:00"", ""2026-07-28T05:00"", ""2026-07-28T06:00"", ""2026-07-28T07:00"", ""2026-07-28T08:00"", ""2026-07-28T09:00"", ""2026-07-28T10:00"", ""2026-07-28T11:00"", ""2026-07-28T12:00"", ""2026-07-28T13:00"", ""2026-07-28T14:00"", ""2026-07-28T15:00"", ""2026-07-28T16:00"", ""2026-07-28T17:00"", ""2026-07-28T18:00"", ""2026-07-28T19:00"", ""2026-07-28T20:00"", ""2026-07-28T21:00"", ""2026-07-28T22:00"", ""2026-07-28T23:00"", ""2026-07-29T00:00"", ""2026-07-29T01:00"", ""2026-07-29T02:00"", ""2026-07-29T03:00"", ""2026-07-29T04:00"", ""2026-07-29T05:00"", ""2026-07-29T06:00"", ""2026-07-29T07:00"", ""2026-07-29T08:00"", ""2026-07-29T09:00"", ""2026-07-29T10:00"", ""2026-07-29T11:00"", ""2026-07-29T12:00"", ""2026-07-29T13:00"", ""2026-07-29T14:00"", ""2026-07-29T15:00"", ""2026-07-29T16:00"", ""2026-07-29T17:00"", ""2026-07-29T18:00"", ""2026-07-29T19:00"", ""2026-07-29T20:00"", ""2026-07-29T21:00"", ""2026-07-29T22:00"", ""2026-07-29T23:00"", ""2026-07-30T00:00"", ""2026-07-30T01:00"", ""2026-07-30T02:00"", ""2026-07-30T03:00"", ""2026-07-30T04:00"", ""2026-07-30T05:00"", ""2026-07-30T06:00"", ""2026-07-30T07:00"", ""2026-07-30T08:00"", ""2026-07-30T09:00"", ""2026-07-30T10:00"", ""2026-07-30T11:00"", ""2026-07-30T12:00"", ""2026-07-30T13:00"", ""2026-07-30T14:00"", ""2026-07-30T15:00"", ""2026-07-30T16:00"", ""2026-07-30T17:00"", ""2026-07-30T18:00"", ""2026-07-30T19:00"", ""2026-07-30T20:00"", ""2026-07-30T21:00"", ""2026-07-30T22:00"", ""2026-07-30T23:00"", ""2026-07-31T00:00"", ""2026-07-31T01:00"", ""2026-07-31T02:00"", ""2026-07-31T03:00"", ""2026-07-31T04:00"", ""2026-07-31T05:00"", ""2026-07-31T06:00"", ""2026-07-31T07:00"", ""2026-07-31T08:00"", ""2026-07-31T09:00"", ""2026-07-31T10:00"", ""2026-07-31T11:00"", ""2026-07-31T12:00"", ""2026-07-31T13:00"", ""2026-07-31T14:00"", ""2026-07-31T15:00"", ""2026-07-31T16:00"", ""2026-07-31T17:00"", ""2026-07-31T18:00"", ""2026-07-31T19:00"", ""2026-07-31T20:00"", ""2026-07-31T21:00"", ""2026-07-31T22:00"", ""2026-07-31T23:00""], ""pm10"": [33.2, 37.0, 39.3, 44.0, 51.7, 61.9, 76.4, 88.0, 98.3, 105.9, 108.3, 105.0, 97.3, 88.0, 79.2, 76.4, 73.1, 69.2, 64.3, 59.0, 57.7, 57.2, 53.0, 48.8, 43.2, 39.0, 39.2, 51.1, 65.9, 70.8, 77.5, 84.3, 89.6, 92.2, 91.7, 90.3, 88.9, 86.8, 80.1, 75.4, 68.9, 62.6, 55.1, 45.1, 38.5, 36.7, 38.4, 40.5, 40.6, 39.8, 43.8, 58.9, 68.0, 89.4, 106.2, 127.1, 146.2, 155.1, 157.4, 149.5, 134.1, 113.2, 88.7, 74.0, 65.7, 60.8, 55.5, 50.2, 45.6, 44.7, 46.3, 49.8, 51.2, 53.7, 80.6, 69.6, 77.3, 79.6, 85.7, 95.2, 105.5, 116.9, 125.7, 128.5, 128.1, 118.5, 96.6, 77.8, 68.2, 61.7, 59.1, 56.2, 54.0, 52.4, 49.6, 48.9, 47.3, 46.0, 50.3, 61.9, 78.9, 95.7, 109.0, 114.8, 115.7, 112.7, 108.0, 104.3, 102.2, 100.6, 89.6, 77.5, 75.9, 68.2, 62.6, 58.7, 56.9, 54.2, 51.9, 50.6], ""pm2_5"": [17.7, 18.0, 18.3, 19.4, 21.4, 24.4, 28.9, 33.3, 37.1, 39.8, 41.6, 41.7, 40.7, 39.0, 36.9, 35.0, 32.8, 30.5, 28.0, 25.7, 23.5, 22.0, 19.6, 18.0, 16.3, 15.3, 15.8, 19.4, 23.8, 26.4, 29.5, 32.4, 34.5, 35.6, 35.9, 35.6, 35.3, 34.9, 33.5, 31.5, 29.3, 27.2, 24.4, 20.6, 17.8, 16.9, 17.2, 17.6, 17.6, 17.3, 18.2, 22.8, 24.3, 29.5, 34.3, 40.2, 45.5, 48.9, 50.5, 50.1, 47.6, 43.4, 37.7, 32.8, 29.7, 27.8, 25.2, 22.6, 20.2, 19.4, 19.6, 20.2, 20.5, 21.4, 28.2, 24.2, 27.1, 29.0, 32.1, 35.9, 39.6, 43.0, 45.4, 46.6, 47.0, 45.9, 42.7, 38.4, 34.2, 31.4, 29.7, 27.6, 25.7, 24.2, 22.1, 21.1, 20.4, 20.1, 21.1, 23.6, 27.6, 31.8, 35.4, 37.1, 37.6, 36.9, 35.6, 34.7, 34.1, 33.9, 34.1, 34.6, 33.6, 31.9, 30.2, 28.6, 27.4, 25.8, 24.7, 23.9], ""carbon_monoxide"": [122.0, 170.0, 236.0, 277.0, 267.0, 232.0, 206.0, 202.0, 207.0, 217.0, 237.0, 262.0, 276.0, 270.0, 252.0, 233.0, 215.0, 196.0, 181.0, 173.0, 169.0, 165.0, 157.0, 150.0, 153.0, 177.0, 210.0, 234.0, 238.0, 231.0, 222.0, 212.0, 201.0, 193.0, 192.0, 195.0, 197.0, 197.0, 197.0, 195.0, 191.0, 184.0, 174.0, 155.0, 133.0, 119.0, 116.0, 121.0, 140.0, 187.0, 248.0, 288.0, 286.0, 263.0, 244.0, 237.0, 234.0, 241.0, 268.0, 304.0, 323.0, 308.0, 277.0, 256.0, 263.0, 280.0, 287.0, 271.0, 245.0, 225.0, 215.0, 210.0, 219.0, 252.0, 298.0, 328.0, 326.0, 307.0, 292.0, 286.0, 284.0, 289.0, 308.0, 334.0, 354.0, 363.0, 366.0, 363.0, 356.0, 344.0, 321.0, 279.0, 227.0, 188.0, 168.0, 160.0, 174.0, 227.0, 301.0, 349.0, 346.0, 317.0, 288.0, 266.0, 244.0, 232.0, 231.0, 240.0, 264.0, 315.0, 380.0, 427.0, 446.0, 446.0, 420.0, 349.0, 253.0, 182.0, 162.0, 169.0], ""nitrogen_dioxide"": [8.5, 8.1, 7.4, 6.6, 5.4, 4.0, 2.8, 2.1, 1.7, 1.5, 1.5, 1.8, 2.4, 3.5, 4.9, 6.1, 6.9, 7.5, 7.7, 7.3, 6.6, 5.9, 5.5, 5.2, 4.9, 4.6, 4.2, 3.8, 3.1, 2.4, 1.8, 1.5, 1.4, 1.4, 1.5, 1.8, 2.3, 3.2, 4.4, 5.4, 6.1, 6.6, 6.9, 6.8, 6.5, 6.2, 6.0, 5.8, 5.6, 5.3, 5.1, 4.6, 3.8, 2.9, 2.2, 1.8, 1.7, 1.7, 1.9, 2.2, 2.8, 3.8, 4.9, 6.1, 7.2, 8.3, 9.0, 9.1, 8.8, 8.4, 8.2, 7.9, 7.5, 6.9, 6.2, 5.4, 4.4, 3.2, 2.3, 1.8, 1.6, 1.6, 1.7, 2.0, 2.6, 3.9, 5.5, 6.9, 7.8, 8.5, 9.1, 9.8, 10.4, 10.7, 10.5, 9.9, 9.3, 8.7, 7.9, 7.0, 5.8, 4.4, 3.3, 2.6, 2.1, 1.8, 1.5, 1.5, 2.5, 5.5, 9.6, 12.1, 11.5, 9.4, 8.0, 8.2, 9.1, 10.2, 11.4, 12.7], ""ozone"": [35.0, 36.0, 37.0, 42.0, 51.0, 63.0, 76.0, 89.0, 103.0, 113.0, 119.0, 122.0, 118.0, 104.0, 85.0, 68.0, 58.0, 50.0, 45.0, 43.0, 43.0, 44.0, 44.0, 44.0, 44.0, 44.0, 45.0, 49.0, 58.0, 69.0, 80.0, 90.0, 99.0, 104.0, 105.0, 102.0, 96.0, 87.0, 75.0, 65.0, 58.0, 52.0, 48.0, 46.0, 47.0, 47.0, 46.0, 46.0, 46.0, 47.0, 48.0, 53.0, 63.0, 75.0, 88.0, 100.0, 112.0, 121.0, 127.0, 131.0, 129.0, 118.0, 101.0, 85.0, 72.0, 59.0, 50.0, 46.0, 46.0, 46.0, 45.0, 45.0, 46.0, 47.0, 50.0, 56.0, 68.0, 84.0, 98.0, 110.0, 121.0, 129.0, 133.0, 135.0, 133.0, 127.0, 118.0, 107.0, 93.0, 76.0, 63.0, 54.0, 48.0, 44.0, 42.0, 41.0, 42.0, 43.0, 46.0, 52.0, 64.0, 79.0, 92.0, 100.0, 106.0, 109.0, 111.0, 110.0, 106.0, 95.0, 80.0, 68.0, 62.0, 58.0, 54.0, 49.0, 44.0, 40.0, 36.0, 32.0], ""sulphur_dioxide"": [6.4, 6.3, 6.3, 6.3, 6.5, 6.9, 7.2, 7.4, 7.6, 7.8, 7.9, 7.9, 8.0, 8.1, 8.3, 8.3, 8.2, 8.0, 7.8, 7.5, 7.2, 6.9, 6.4, 6.0, 5.6, 5.5, 5.5, 5.6, 5.8, 6.1, 6.3, 6.4, 6.4, 6.4, 6.4, 6.4, 6.5, 6.8, 7.1, 7.3, 7.3, 7.2, 7.1, 7.0, 6.8, 6.6, 6.4, 6.2, 6.1, 6.0, 5.9, 6.0, 6.2, 6.5, 6.9, 7.3, 7.8, 8.2, 8.4, 8.6, 8.7, 8.8, 8.9, 8.9, 8.8, 8.7, 8.5, 8.4, 8.2, 8.1, 8.0, 7.8, 7.7, 7.6, 7.4, 7.4, 7.5, 7.7, 8.0, 8.3, 8.7, 9.0, 9.0, 8.9, 8.9, 9.0, 9.1, 9.3, 9.5, 9.8, 9.9, 9.7, 9.4, 9.1, 8.8, 8.4, 8.2, 8.3, 8.5, 8.8, 9.3, 9.8, 9.8, 8.8, 7.3, 6.1, 5.5, 5.3, 5.2, 5.1, 5.2, 5.8, 7.3, 9.2, 10.6, 11.0, 10.8, 10.6, 10.6, 10.7], ""ammonia"": [null, null, null, null, null, null, null, null, null, null, null, null, null, null, null, null, null, null, null, null, null, null, null, null, null, null, null, null, null, null, null, null, null, null, null, null, null, null, null, null, null, null, null, null, null, null, null, null, null, null, null, null, null, null, null, null, null, null, null, null, null, null, null, null, null, null, null, null, null, null, null, null, null, null, null, null, null, null, null, null, null, null, null, null, null, null, null, null, null, null, null, null, null, null, null, null, null, null, null, null, null, null, null, null, null, null, null, null, null, null, null, null, null, null, null, null, null, null, null, null], ""us_aqi"": [87, 87, 87, 87, 87, 87, 86, 86, 86, 86, 86, 86, 87, 87, 87, 87, 87, 86, 86, 87, 87, 87, 88, 88, 88, 87, 87, 87, 87, 87, 87, 87, 87, 87, 87, 86, 86, 85, 85, 85, 85, 84, 84, 84, 83, 83, 83, 82, 82, 82, 83, 83, 83, 83, 83, 84, 84, 85, 86, 87, 88, 89, 90, 90, 91, 91, 91, 91, 91, 91, 91, 91, 92, 92, 92, 93, 93, 93, 93, 93, 93, 92, 92, 91, 91, 91, 91, 92, 92, 92, 93, 93, 93, 94, 94, 95, 95, 95, 94, 94, 94, 94, 94, 94, 94, 94, 94, 93, 92, 91, 90, 89, 89, 89, 89, 89, 89, 89, 90, 90]}}}"
2026-07-27T21:17:54.674155+00:00,Hyderabad,PK,25.396,68.3578,,,,,,,,,,,,,,,,,aqicn,success,1.5701492000371218,"{""air_quality"": {""status"": ""error"", ""data"": ""Invalid key""}}"
2026-07-27T21:17:55.617403+00:00,Sukkur,PK,27.7052,68.8484,34.87,48.0,994.0,6.86,189.0,11.0,,4.0,27.94,115.26,106.38,0.0,1.83,1.58,42.9,4.99,openweather,success,2.512638399959542,"{""weather"": {""coord"": {""lon"": 68.8484, ""lat"": 27.7052}, ""weather"": [{""id"": 801, ""main"": ""Clouds"", ""description"": ""few clouds"", ""icon"": ""02n""}], ""base"": ""stations"", ""main"": {""temp"": 34.87, ""feels_like"": 39.62, ""temp_min"": 34.87, ""temp_max"": 34.87, ""pressure"": 994, ""humidity"": 48, ""sea_level"": 994, ""grnd_level"": 987}, ""visibility"": 10000, ""wind"": {""speed"": 6.86, ""deg"": 189, ""gust"": 9.79}, ""clouds"": {""all"": 11}, ""dt"": 1785187074, ""sys"": {""country"": ""PK"", ""sunrise"": 1785199510, ""sunset"": 1785248208}, ""timezone"": 18000, ""id"": 1164408, ""name"": ""Sukkur"", ""cod"": 200}, ""air_quality"": {""coord"": {""lon"": 68.8484, ""lat"": 27.7052}, ""list"": [{""main"": {""aqi"": 4}, ""components"": {""co"": 106.38, ""no"": 0, ""no2"": 1.83, ""o3"": 42.9, ""so2"": 1.58, ""pm2_5"": 27.94, ""pm10"": 115.26, ""nh3"": 4.99}, ""dt"": 1785187074}]}}"
2026-07-27T21:15,Sukkur,PK,27.7052,68.8484,32.5,58.0,994.8,12.6,197.0,42.0,0.0,89.0,27.7,29.6,945.0,,18.3,4.7,38.0,,openmeteo,success,8.444387799943797,"{""weather"": {""latitude"": 27.732864, ""longitude"": 68.865166, ""generationtime_ms"": 2.1812915802001953, ""utc_offset_seconds"": 0, ""timezone"": ""GMT"", ""timezone_abbreviation"": ""GMT"", ""elevation"": 61.0, ""current_units"": {""time"": ""iso8601"", ""interval"": ""seconds"", ""temperature_2m"": ""°C"", ""relative_humidity_2m"": ""%"", ""pressure_msl"": ""hPa"", ""wind_speed_10m"": ""km/h"", ""wind_direction_10m"": ""°"", ""cloud_cover"": ""%"", ""rain"": ""mm""}, ""current"": {""time"": ""2026-07-27T21:15"", ""interval"": 900, ""temperature_2m"": 32.5, ""relative_humidity_2m"": 58, ""pressure_msl"": 994.8, ""wind_speed_10m"": 12.6, ""wind_direction_10m"": 197, ""cloud_cover"": 42, ""rain"": 0.0}}, ""air_quality"": {""latitude"": 27.700005, ""longitude"": 68.8, ""generationtime_ms"": 0.8502006530761719, ""utc_offset_seconds"": 0, ""timezone"": ""GMT"", ""timezone_abbreviation"": ""GMT"", ""elevation"": 61.0, ""hourly_units"": {""time"": ""iso8601"", ""pm10"": ""μg/m³"", ""pm2_5"": ""μg/m³"", ""carbon_monoxide"": ""μg/m³"", ""nitrogen_dioxide"": ""μg/m³"", ""ozone"": ""μg/m³"", ""sulphur_dioxide"": ""μg/m³"", ""ammonia"": ""μg/m³"", ""us_aqi"": ""USAQI""}, ""hourly"": {""time"": [""2026-07-27T00:00"", ""2026-07-27T01:00"", ""2026-07-27T02:00"", ""2026-07-27T03:00"", ""2026-07-27T04:00"", ""2026-07-27T05:00"", ""2026-07-27T06:00"", ""2026-07-27T07:00"", ""2026-07-27T08:00"", ""2026-07-27T09:00"", ""2026-07-27T10:00"", ""2026-07-27T11:00"", ""2026-07-27T12:00"", ""2026-07-27T13:00"", ""2026-07-27T14:00"", ""2026-07-27T15:00"", ""2026-07-27T16:00"", ""2026-07-27T17:00"", ""2026-07-27T18:00"", ""2026-07-27T19:00"", ""2026-07-27T20:00"", ""2026-07-27T21:00"", ""2026-07-27T22:00"", ""2026-07-27T23:00"", ""2026-07-28T00:00"", ""2026-07-28T01:00"", ""2026-07-28T02:00"", ""2026-07-28T03:00"", ""2026-07-28T04:00"", ""2026-07-28T05:00"", ""2026-07-28T06:00"", ""2026-07-28T07:00"", ""2026-07-28T08:00"", ""2026-07-28T09:00"", ""2026-07-28T10:00"", ""2026-07-28T11:00"", ""2026-07-28T12:00"", ""2026-07-28T13:00"", ""2026-07-28T14:00"", ""2026-07-28T15:00"", ""2026-07-28T16:00"", ""2026-07-28T17:00"", ""2026-07-28T18:00"", ""2026-07-28T19:00"", ""2026-07-28T20:00"", ""2026-07-28T21:00"", ""2026-07-28T22:00"", ""2026-07-28T23:00"", ""2026-07-29T00:00"", ""2026-07-29T01:00"", ""2026-07-29T02:00"", ""2026-07-29T03:00"", ""2026-07-29T04:00"", ""2026-07-29T05:00"", ""2026-07-29T06:00"", ""2026-07-29T07:00"", ""2026-07-29T08:00"", ""2026-07-29T09:00"", ""2026-07-29T10:00"", ""2026-07-29T11:00"", ""2026-07-29T12:00"", ""2026-07-29T13:00"", ""2026-07-29T14:00"", ""2026-07-29T15:00"", ""2026-07-29T16:00"", ""2026-07-29T17:00"", ""2026-07-29T18:00"", ""2026-07-29T19:00"", ""2026-07-29T20:00"", ""2026-07-29T21:00"", ""2026-07-29T22:00"", ""2026-07-29T23:00"", ""2026-07-30T00:00"", ""2026-07-30T01:00"", ""2026-07-30T02:00"", ""2026-07-30T03:00"", ""2026-07-30T04:00"", ""2026-07-30T05:00"", ""2026-07-30T06:00"", ""2026-07-30T07:00"", ""2026-07-30T08:00"", ""2026-07-30T09:00"", ""2026-07-30T10:00"", ""2026-07-30T11:00"", ""2026-07-30T12:00"", ""2026-07-30T13:00"", ""2026-07-30T14:00"", ""2026-07-30T15:00"", ""2026-07-30T16:00"", ""2026-07-30T17:00"", ""2026-07-30T18:00"", ""2026-07-30T19:00"", ""2026-07-30T20:00"", ""2026-07-30T21:00"", ""2026-07-30T22:00"", ""2026-07-30T23:00"", ""2026-07-31T00:00"", ""2026-07-31T01:00"", ""2026-07-31T02:00"", ""2026-07-31T03:00"", ""2026-07-31T04:00"", ""2026-07-31T05:00"", ""2026-07-31T06:00"", ""2026-07-31T07:00"", ""2026-07-31T08:00"", ""2026-07-31T09:00"", ""2026-07-31T10:00"", ""2026-07-31T11:00"", ""2026-07-31T12:00"", ""2026-07-31T13:00"", ""2026-07-31T14:00"", ""2026-07-31T15:00"", ""2026-07-31T16:00"", ""2026-07-31T17:00"", ""2026-07-31T18:00"", ""2026-07-31T19:00"", ""2026-07-31T20:00"", ""2026-07-31T21:00"", ""2026-07-31T22:00"", ""2026-07-31T23:00""], ""pm10"": [29.6, 27.2, 25.1, 17.5, 15.8, 21.0, 28.9, 36.7, 44.9, 50.6, 57.4, 63.1, 65.7, 68.7, 66.6, 68.7, 72.6, 76.8, 99.9, 154.1, 206.3, 218.9, 209.5, 192.3, 165.3, 135.5, 105.5, 82.4, 78.7, 95.2, 111.5, 118.0, 124.3, 131.3, 141.6, 149.5, 157.4, 157.9, 135.5, 108.5, 88.2, 81.5, 105.7, 154.1, 177.0, 169.5, 144.4, 115.9, 85.2, 65.7, 54.0, 53.4, 61.0, 72.9, 89.6, 107.8, 122.5, 122.5, 114.3, 104.8, 95.7, 85.7, 73.1, 64.3, 58.9, 54.4, 52.5, 52.5, 52.6, 52.7, 53.8, 56.8, 62.4, 69.6, 79.6, 92.7, 107.6, 131.8, 157.4, 156.9, 156.5, 157.9, 161.1, 160.7, 155.5, 144.4, 118.3, 90.6, 73.8, 63.8, 61.0, 61.5, 62.9, 64.7, 65.4, 62.9, 59.6, 55.8, 54.7, 55.6, 66.4, 101.0, 135.0, 152.3, 157.4, 158.3, 158.3, 155.5, 156.9, 165.3, 166.2, 141.1, 151.3, 113.9, 95.5, 85.0, 88.7, 88.5, 80.6, 77.3], ""pm2_5"": [27.7, 26.1, 24.4, 16.6, 14.1, 15.0, 17.7, 20.3, 22.3, 23.7, 25.4, 27.3, 28.9, 31.1, 34.0, 37.1, 38.1, 38.6, 43.2, 55.6, 70.8, 79.4, 80.6, 76.1, 67.8, 57.2, 45.3, 34.9, 30.3, 31.4, 34.0, 35.3, 36.7, 38.6, 41.3, 43.9, 46.6, 48.4, 48.4, 46.2, 42.1, 39.8, 45.1, 57.2, 65.7, 65.7, 59.0, 49.7, 40.5, 32.8, 27.6, 25.7, 26.4, 28.7, 31.9, 35.3, 38.4, 39.3, 38.5, 37.1, 35.5, 34.0, 32.9, 32.4, 31.2, 30.2, 29.5, 28.8, 28.6, 28.6, 28.9, 30.0, 32.1, 34.9, 38.1, 40.5, 42.6, 46.6, 50.8, 49.9, 49.0, 48.8, 49.0, 49.0, 48.4, 47.1, 45.1, 41.8, 37.8, 34.6, 32.8, 31.9, 31.4, 31.2, 31.0, 30.5, 29.9, 29.5, 29.8, 30.7, 33.5, 37.7, 41.9, 44.7, 45.6, 45.6, 45.5, 44.8, 45.4, 48.3, 52.2, 55.3, 57.6, 52.0, 47.8, 44.7, 41.6, 37.3, 35.4, 34.8], ""carbon_monoxide"": [945.0, 802.0, 646.0, 518.0, 432.0, 373.0, 332.0, 315.0, 316.0, 314.0, 292.0, 266.0, 261.0, 305.0, 370.0, 401.0, 364.0, 293.0, 230.0, 189.0, 156.0, 132.0, 120.0, 117.0, 121.0, 135.0, 156.0, 170.0, 171.0, 166.0, 160.0, 153.0, 145.0, 141.0, 140.0, 143.0, 153.0, 179.0, 213.0, 234.0, 232.0, 217.0, 203.0, 193.0, 183.0, 176.0, 172.0, 171.0, 172.0, 177.0, 184.0, 188.0, 186.0, 181.0, 174.0, 165.0, 155.0, 148.0, 143.0, 140.0, 145.0, 165.0, 193.0, 209.0, 203.0, 185.0, 168.0, 153.0, 139.0, 129.0, 122.0, 118.0, 127.0, 159.0, 204.0, 234.0, 237.0, 225.0, 212.0, 199.0, 184.0, 174.0, 161.0, 152.0, 180.0, 293.0, 443.0, 516.0, 436.0, 280.0, 161.0, 129.0, 134.0, 141.0, 136.0, 133.0, 137.0, 156.0, 181.0, 196.0, 189.0, 171.0, 156.0, 149.0, 146.0, 146.0, 148.0, 154.0, 162.0, 177.0, 195.0, 205.0, 199.0, 185.0, 176.0, 181.0, 192.0, 198.0, 194.0, 185.0], ""nitrogen_dioxide"": [18.3, 15.0, 10.5, 6.7, 4.4, 2.9, 1.8, 1.2, 1.2, 1.2, 1.1, 1.2, 1.7, 3.4, 5.5, 6.8, 6.2, 4.8, 3.8, 3.9, 4.4, 4.9, 5.4, 5.9, 6.2, 6.1, 5.7, 5.1, 4.0, 2.6, 1.6, 1.1, 0.9, 0.9, 0.9, 1.0, 1.5, 2.7, 4.2, 5.2, 5.0, 4.3, 3.8, 4.0, 4.4, 4.9, 5.6, 6.3, 6.8, 6.9, 6.6, 6.0, 4.8, 3.2, 1.9, 1.3, 1.1, 1.0, 0.9, 1.0, 1.4, 2.4, 3.6, 4.4, 4.3, 3.7, 3.3, 3.4, 3.7, 4.0, 4.3, 4.7, 5.1, 5.7, 6.3, 6.3, 5.1, 3.3, 1.9, 1.3, 1.1, 1.0, 0.9, 1.0, 1.4, 2.5, 3.8, 4.6, 4.2, 3.1, 2.4, 2.3, 2.5, 2.7, 2.8, 3.0, 3.2, 3.5, 3.9, 3.9, 3.2, 2.1, 1.3, 0.9, 0.8, 0.8, 0.8, 0.9, 1.4, 2.6, 4.1, 5.3, 5.9, 6.1, 5.9, 5.1, 4.0, 3.2, 3.2, 3.5], ""ozone"": [38.0, 53.0, 74.0, 93.0, 109.0, 124.0, 135.0, 139.0, 139.0, 137.0, 135.0, 131.0, 125.0, 114.0, 100.0, 90.0, 88.0, 89.0, 86.0, 74.0, 58.0, 46.0, 40.0, 37.0, 36.0, 36.0, 38.0, 44.0, 57.0, 75.0, 88.0, 94.0, 96.0, 97.0, 98.0, 98.0, 97.0, 96.0, 93.0, 92.0, 93.0, 94.0, 92.0, 86.0, 77.0, 68.0, 60.0, 53.0, 48.0, 44.0, 43.0, 47.0, 61.0, 81.0, 96.0, 102.0, 104.0, 103.0, 101.0, 96.0, 91.0, 86.0, 80.0, 76.0, 75.0, 74.0, 73.0, 69.0, 64.0, 59.0, 55.0, 52.0, 50.0, 50.0, 51.0, 58.0, 75.0, 98.0, 114.0, 119.0, 118.0, 115.0, 113.0, 110.0, 105.0, 97.0, 88.0, 80.0, 76.0, 74.0, 71.0, 67.0, 62.0, 58.0, 54.0, 51.0, 50.0, 50.0, 51.0, 56.0, 69.0, 87.0, 99.0, 100.0, 95.0, 91.0, 89.0, 87.0, 85.0, 83.0, 81.0, 78.0, 71.0, 63.0, 57.0, 56.0, 56.0, 57.0, 56.0, 56.0], ""sulphur_dioxide"": [4.7, 4.8, 5.0, 5.3, 5.9, 6.7, 7.1, 6.8, 6.2, 5.6, 5.2, 4.8, 4.6, 4.6, 4.7, 4.9, 5.5, 6.2, 6.5, 5.9, 4.8, 4.0, 3.8, 4.0, 4.2, 4.5, 4.9, 5.2, 5.2, 5.0, 4.8, 4.6, 4.3, 4.1, 4.0, 4.0, 4.1, 4.5, 5.0, 5.4, 5.6, 5.8, 6.0, 6.4, 6.8, 7.3, 7.8, 8.3, 8.6, 8.8, 8.8, 8.6, 7.9, 6.9, 6.0, 5.3, 4.6, 4.1, 3.7, 3.4, 3.2, 3.2, 3.3, 3.3, 3.2, 3.1, 3.0, 2.8, 2.5, 2.4, 2.6, 3.0, 3.7, 5.1, 6.9, 8.1, 8.4, 8.2, 7.8, 7.1, 6.2, 5.5, 5.1, 4.8, 4.6, 4.5, 4.4, 4.2, 3.8, 3.4, 3.0, 2.8, 2.8, 2.7, 2.6, 2.5, 2.5, 2.8, 3.3, 3.7, 3.9, 4.0, 3.9, 3.5, 2.9, 2.5, 2.3, 2.2, 2.4, 3.0, 3.9, 4.3, 4.0, 3.3, 2.7, 2.4, 2.1, 1.9, 1.8, 1.7], ""ammonia"": [null, null, null, null, null, null, null, null, null, null, null, null, null, null, null, null, null, null, null, null, null, null, null, null, null, null, null, null, null, null, null, null, null, null, null, null, null, null, null, null, null, null, null, null, null, null, null, null, null, null, null, null, null, null, null, null, null, null, null, null, null, null, null, null, null, null, null, null, null, null, null, null, null, null, null, null, null, null, null, null, null, null, null, null, null, null, null, null, null, null, null, null, null, null, null, null, null, null, null, null, null, null, null, null, null, null, null, null, null, null, null, null, null, null, null, null, null, null, null, null], ""us_aqi"": [89, 89, 88, 88, 86, 84, 82, 81, 81, 81, 81, 82, 90, 93, 91, 86, 87, 87, 87, 87, 88, 90, 94, 98, 102, 106, 110, 112, 114, 115, 117, 119, 120, 122, 124, 125, 127, 129, 131, 132, 133, 133, 134, 134, 134, 133, 132, 130, 127, 124, 122, 120, 119, 118, 118, 118, 118, 118, 118, 118, 117, 116, 114, 113, 111, 110, 109, 108, 105, 101, 98, 95, 94, 93, 93, 94, 95, 97, 98, 99, 101, 102, 103, 104, 105, 107, 108, 109, 110, 111, 111, 112, 112, 112, 113, 113, 113, 113, 112, 111, 110, 109, 108, 107, 107, 106, 106, 106, 105, 105, 105, 106, 107, 109, 111, 113, 114, 115, 116, 116]}}}"
2026-07-27T21:18:06.302964+00:00,Sukkur,PK,27.7052,68.8484,,,,,,,,,,,,,,,,,aqicn,success,13.196607899968512,"{""air_quality"": {""status"": ""error"", ""data"": ""Invalid key""}}"
2026-07-27T21:17:55.309492+00:00,Khairpur Mir's,PK,27.5295,68.7592,33.62,52.0,994.0,6.94,182.0,19.0,,4.0,28.57,123.67,93.55,0.0,1.41,1.63,42.36,3.74,openweather,success,2.2019805000163615,"{""weather"": {""coord"": {""lon"": 68.7592, ""lat"": 27.5295}, ""weather"": [{""id"": 801, ""main"": ""Clouds"", ""description"": ""few clouds"", ""icon"": ""02n""}], ""base"": ""stations"", ""main"": {""temp"": 33.62, ""feels_like"": 38.22, ""temp_min"": 33.62, ""temp_max"": 33.62, ""pressure"": 994, ""humidity"": 52, ""sea_level"": 994, ""grnd_level"": 988}, ""visibility"": 10000, ""wind"": {""speed"": 6.94, ""deg"": 182, ""gust"": 10.65}, ""clouds"": {""all"": 19}, ""dt"": 1785187073, ""sys"": {""country"": ""PK"", ""sunrise"": 1785199551, ""sunset"": 1785248211}, ""timezone"": 18000, ""id"": 1162004, ""name"": ""Khairpur"", ""cod"": 200}, ""air_quality"": {""coord"": {""lon"": 68.7592, ""lat"": 27.5295}, ""list"": [{""main"": {""aqi"": 4}, ""components"": {""co"": 93.55, ""no"": 0, ""no2"": 1.41, ""o3"": 42.36, ""so2"": 1.63, ""pm2_5"": 28.57, ""pm10"": 123.67, ""nh3"": 3.74}, ""dt"": 1785187074}]}}"
2026-07-27T21:15,Khairpur Mir's,PK,27.5295,68.7592,32.2,59.0,994.7,12.1,183.0,50.0,0.0,89.0,27.7,29.6,560.0,,18.3,4.7,38.0,,openmeteo,success,3.6566471999976784,"{""weather"": {""latitude"": 27.521967, ""longitude"": 68.734604, ""generationtime_ms"": 1.5810728073120117, ""utc_offset_seconds"": 0, ""timezone"": ""GMT"", ""timezone_abbreviation"": ""GMT"", ""elevation"": 60.0, ""current_units"": {""time"": ""iso8601"", ""interval"": ""seconds"", ""temperature_2m"": ""°C"", ""relative_humidity_2m"": ""%"", ""pressure_msl"": ""hPa"", ""wind_speed_10m"": ""km/h"", ""wind_direction_10m"": ""°"", ""cloud_cover"": ""%"", ""rain"": ""mm""}, ""current"": {""time"": ""2026-07-27T21:15"", ""interval"": 900, ""temperature_2m"": 32.2, ""relative_humidity_2m"": 59, ""pressure_msl"": 994.7, ""wind_speed_10m"": 12.1, ""wind_direction_10m"": 183, ""cloud_cover"": 50, ""rain"": 0.0}}, ""air_quality"": {""latitude"": 27.5, ""longitude"": 68.8, ""generationtime_ms"": 0.33855438232421875, ""utc_offset_seconds"": 0, ""timezone"": ""GMT"", ""timezone_abbreviation"": ""GMT"", ""elevation"": 60.0, ""hourly_units"": {""time"": ""iso8601"", ""pm10"": ""μg/m³"", ""pm2_5"": ""μg/m³"", ""carbon_monoxide"": ""μg/m³"", ""nitrogen_dioxide"": ""μg/m³"", ""ozone"": ""μg/m³"", ""sulphur_dioxide"": ""μg/m³"", ""ammonia"": ""μg/m³"", ""us_aqi"": ""USAQI""}, ""hourly"": {""time"": [""2026-07-27T00:00"", ""2026-07-27T01:00"", ""2026-07-27T02:00"", ""2026-07-27T03:00"", ""2026-07-27T04:00"", ""2026-07-27T05:00"", ""2026-07-27T06:00"", ""2026-07-27T07:00"", ""2026-07-27T08:00"", ""2026-07-27T09:00"", ""2026-07-27T10:00"", ""2026-07-27T11:00"", ""2026-07-27T12:00"", ""2026-07-27T13:00"", ""2026-07-27T14:00"", ""2026-07-27T15:00"", ""2026-07-27T16:00"", ""2026-07-27T17:00"", ""2026-07-27T18:00"", ""2026-07-27T19:00"", ""2026-07-27T20:00"", ""2026-07-27T21:00"", ""2026-07-27T22:00"", ""2026-07-27T23:00"", ""2026-07-28T00:00"", ""2026-07-28T01:00"", ""2026-07-28T02:00"", ""2026-07-28T03:00"", ""2026-07-28T04:00"", ""2026-07-28T05:00"", ""2026-07-28T06:00"", ""2026-07-28T07:00"", ""2026-07-28T08:00"", ""2026-07-28T09:00"", ""2026-07-28T10:00"", ""2026-07-28T11:00"", ""2026-07-28T12:00"", ""2026-07-28T13:00"", ""2026-07-28T14:00"", ""2026-07-28T15:00"", ""2026-07-28T16:00"", ""2026-07-28T17:00"", ""2026-07-28T18:00"", ""2026-07-28T19:00"", ""2026-07-28T20:00"", ""2026-07-28T21:00"", ""2026-07-28T22:00"", ""2026-07-28T23:00"", ""2026-07-29T00:00"", ""2026-07-29T01:00"", ""2026-07-29T02:00"", ""2026-07-29T03:00"", ""2026-07-29T04:00"", ""2026-07-29T05:00"", ""2026-07-29T06:00"", ""2026-07-29T07:00"", ""2026-07-29T08:00"", ""2026-07-29T09:00"", ""2026-07-29T10:00"", ""2026-07-29T11:00"", ""2026-07-29T12:00"", ""2026-07-29T13:00"", ""2026-07-29T14:00"", ""2026-07-29T15:00"", ""2026-07-29T16:00"", ""2026-07-29T17:00"", ""2026-07-29T18:00"", ""2026-07-29T19:00"", ""2026-07-29T20:00"", ""2026-07-29T21:00"", ""2026-07-29T22:00"", ""2026-07-29T23:00"", ""2026-07-30T00:00"", ""2026-07-30T01:00"", ""2026-07-30T02:00"", ""2026-07-30T03:00"", ""2026-07-30T04:00"", ""2026-07-30T05:00"", ""2026-07-30T06:00"", ""2026-07-30T07:00"", ""2026-07-30T08:00"", ""2026-07-30T09:00"", ""2026-07-30T10:00"", ""2026-07-30T11:00"", ""2026-07-30T12:00"", ""2026-07-30T13:00"", ""2026-07-30T14:00"", ""2026-07-30T15:00"", ""2026-07-30T16:00"", ""2026-07-30T17:00"", ""2026-07-30T18:00"", ""2026-07-30T19:00"", ""2026-07-30T20:00"", ""2026-07-30T21:00"", ""2026-07-30T22:00"", ""2026-07-30T23:00"", ""2026-07-31T00:00"", ""2026-07-31T01:00"", ""2026-07-31T02:00"", ""2026-07-31T03:00"", ""2026-07-31T04:00"", ""2026-07-31T05:00"", ""2026-07-31T06:00"", ""2026-07-31T07:00"", ""2026-07-31T08:00"", ""2026-07-31T09:00"", ""2026-07-31T10:00"", ""2026-07-31T11:00"", ""2026-07-31T12:00"", ""2026-07-31T13:00"", ""2026-07-31T14:00"", ""2026-07-31T15:00"", ""2026-07-31T16:00"", ""2026-07-31T17:00"", ""2026-07-31T18:00"", ""2026-07-31T19:00"", ""2026-07-31T20:00"", ""2026-07-31T21:00"", ""2026-07-31T22:00"", ""2026-07-31T23:00""], ""pm10"": [29.6, 27.2, 25.1, 17.5, 15.8, 21.0, 28.9, 36.7, 44.9, 50.6, 57.4, 63.1, 65.7, 68.7, 66.6, 68.7, 72.6, 76.8, 99.9, 154.1, 206.3, 218.9, 209.5, 192.3, 165.3, 135.5, 105.5, 82.4, 78.7, 95.2, 111.5, 118.0, 124.3, 131.3, 141.6, 149.5, 157.4, 157.9, 135.5, 108.5, 88.2, 81.5, 105.7, 154.1, 177.0, 169.5, 144.4, 115.9, 85.2, 65.7, 54.0, 53.4, 61.0, 72.9, 89.6, 107.8, 122.5, 122.5, 114.3, 104.8, 95.7, 85.7, 73.1, 64.3, 58.9, 54.4, 52.5, 52.5, 52.6, 52.7, 53.8, 56.8, 62.4, 69.6, 79.6, 92.7, 107.6, 131.8, 157.4, 156.9, 156.5, 157.9, 161.1, 160.7, 155.5, 144.4, 118.3, 90.6, 73.8, 63.8, 61.0, 61.5, 62.9, 64.7, 65.4, 62.9, 59.6, 55.8, 54.7, 55.6, 66.4, 101.0, 135.0, 152.3, 157.4, 158.3, 158.3, 155.5, 156.9, 165.3, 166.2, 141.1, 151.3, 113.9, 95.5, 85.0, 88.7, 88.5, 80.6, 77.3], ""pm2_5"": [27.7, 26.1, 24.4, 16.6, 14.1, 15.0, 17.7, 20.3, 22.3, 23.7, 25.4, 27.3, 28.9, 31.1, 34.0, 37.1, 38.1, 38.6, 43.2, 55.6, 70.8, 79.4, 80.6, 76.1, 67.8, 57.2, 45.3, 34.9, 30.3, 31.4, 34.0, 35.3, 36.7, 38.6, 41.3, 43.9, 46.6, 48.4, 48.4, 46.2, 42.1, 39.8, 45.1, 57.2, 65.7, 65.7, 59.0, 49.7, 40.5, 32.8, 27.6, 25.7, 26.4, 28.7, 31.9, 35.3, 38.4, 39.3, 38.5, 37.1, 35.5, 34.0, 32.9, 32.4, 31.2, 30.2, 29.5, 28.8, 28.6, 28.6, 28.9, 30.0, 32.1, 34.9, 38.1, 40.5, 42.6, 46.6, 50.8, 49.9, 49.0, 48.8, 49.0, 49.0, 48.4, 47.1, 45.1, 41.8, 37.8, 34.6, 32.8, 31.9, 31.4, 31.2, 31.0, 30.5, 29.9, 29.5, 29.8, 30.7, 33.5, 37.7, 41.9, 44.7, 45.6, 45.6, 45.5, 44.8, 45.4, 48.3, 52.2, 55.3, 57.6, 52.0, 47.8, 44.7, 41.6, 37.3, 35.4, 34.8], ""carbon_monoxide"": [560.0, 482.0, 428.0, 385.0, 353.0, 331.0, 311.0, 289.0, 268.0, 246.0, 213.0, 179.0, 175.0, 234.0, 322.0, 368.0, 332.0, 253.0, 187.0, 151.0, 126.0, 110.0, 102.0, 102.0, 106.0, 116.0, 130.0, 139.0, 139.0, 135.0, 131.0, 131.0, 131.0, 132.0, 133.0, 134.0, 137.0, 144.0, 154.0, 163.0, 171.0, 178.0, 182.0, 181.0, 176.0, 171.0, 166.0, 161.0, 158.0, 158.0, 159.0, 159.0, 155.0, 150.0, 144.0, 138.0, 132.0, 128.0, 126.0, 125.0, 127.0, 134.0, 143.0, 149.0, 148.0, 144.0, 138.0, 129.0, 118.0, 111.0, 109.0, 111.0, 123.0, 157.0, 202.0, 229.0, 222.0, 198.0, 177.0, 166.0, 157.0, 152.0, 146.0, 142.0, 152.0, 194.0, 249.0, 276.0, 246.0, 187.0, 141.0, 126.0, 123.0, 123.0, 120.0, 119.0, 121.0, 130.0, 143.0, 151.0, 148.0, 140.0, 134.0, 133.0, 134.0, 136.0, 138.0, 141.0, 145.0, 153.0, 162.0, 167.0, 164.0, 158.0, 153.0, 153.0, 155.0, 157.0, 157.0, 156.0], ""nitrogen_dioxide"": [18.3, 15.0, 10.5, 6.7, 4.4, 2.9, 1.8, 1.2, 1.2, 1.2, 1.1, 1.2, 1.7, 3.4, 5.5, 6.8, 6.2, 4.8, 3.8, 3.9, 4.4, 4.9, 5.4, 5.9, 6.2, 6.1, 5.7, 5.1, 4.0, 2.6, 1.6, 1.1, 0.9, 0.9, 0.9, 1.0, 1.5, 2.7, 4.2, 5.2, 5.0, 4.3, 3.8, 4.0, 4.4, 4.9, 5.6, 6.3, 6.8, 6.9, 6.6, 6.0, 4.8, 3.2, 1.9, 1.3, 1.1, 1.0, 0.9, 1.0, 1.4, 2.4, 3.6, 4.4, 4.3, 3.7, 3.3, 3.4, 3.7, 4.0, 4.3, 4.7, 5.1, 5.7, 6.3, 6.3, 5.1, 3.3, 1.9, 1.3, 1.1, 1.0, 0.9, 1.0, 1.4, 2.5, 3.8, 4.6, 4.2, 3.1, 2.4, 2.3, 2.5, 2.7, 2.8, 3.0, 3.2, 3.5, 3.9, 3.9, 3.2, 2.1, 1.3, 0.9, 0.8, 0.8, 0.8, 0.9, 1.4, 2.6, 4.1, 5.3, 5.9, 6.1, 5.9, 5.1, 4.0, 3.2, 3.2, 3.5], ""ozone"": [38.0, 53.0, 74.0, 93.0, 109.0, 124.0, 135.0, 139.0, 139.0, 137.0, 135.0, 131.0, 125.0, 114.0, 100.0, 90.0, 88.0, 89.0, 86.0, 74.0, 58.0, 46.0, 40.0, 37.0, 36.0, 36.0, 38.0, 44.0, 57.0, 75.0, 88.0, 94.0, 96.0, 97.0, 98.0, 98.0, 97.0, 96.0, 93.0, 92.0, 93.0, 94.0, 92.0, 86.0, 77.0, 68.0, 60.0, 53.0, 48.0, 44.0, 43.0, 47.0, 61.0, 81.0, 96.0, 102.0, 104.0, 103.0, 101.0, 96.0, 91.0, 86.0, 80.0, 76.0, 75.0, 74.0, 73.0, 69.0, 64.0, 59.0, 55.0, 52.0, 50.0, 50.0, 51.0, 58.0, 75.0, 98.0, 114.0, 119.0, 118.0, 115.0, 113.0, 110.0, 105.0, 97.0, 88.0, 80.0, 76.0, 74.0, 71.0, 67.0, 62.0, 58.0, 54.0, 51.0, 50.0, 50.0, 51.0, 56.0, 69.0, 87.0, 99.0, 100.0, 95.0, 91.0, 89.0, 87.0, 85.0, 83.0, 81.0, 78.0, 71.0, 63.0, 57.0, 56.0, 56.0, 57.0, 56.0, 56.0], ""sulphur_dioxide"": [4.7, 4.8, 5.0, 5.3, 5.9, 6.7, 7.1, 6.8, 6.2, 5.6, 5.2, 4.8, 4.6, 4.6, 4.7, 4.9, 5.5, 6.2, 6.5, 5.9, 4.8, 4.0, 3.8, 4.0, 4.2, 4.5, 4.9, 5.2, 5.2, 5.0, 4.8, 4.6, 4.3, 4.1, 4.0, 4.0, 4.1, 4.5, 5.0, 5.4, 5.6, 5.8, 6.0, 6.4, 6.8, 7.3, 7.8, 8.3, 8.6, 8.8, 8.8, 8.6, 7.9, 6.9, 6.0, 5.3, 4.6, 4.1, 3.7, 3.4, 3.2, 3.2, 3.3, 3.3, 3.2, 3.1, 3.0, 2.8, 2.5, 2.4, 2.6, 3.0, 3.7, 5.1, 6.9, 8.1, 8.4, 8.2, 7.8, 7.1, 6.2, 5.5, 5.1, 4.8, 4.6, 4.5, 4.4, 4.2, 3.8, 3.4, 3.0, 2.8, 2.8, 2.7, 2.6, 2.5, 2.5, 2.8, 3.3, 3.7, 3.9, 4.0, 3.9, 3.5, 2.9, 2.5, 2.3, 2.2, 2.4, 3.0, 3.9, 4.3, 4.0, 3.3, 2.7, 2.4, 2.1, 1.9, 1.8, 1.7], ""ammonia"": [null, null, null, null, null, null, null, null, null, null, null, null, null, null, null, null, null, null, null, null, null, null, null, null, null, null, null, null, null, null, null, null, null, null, null, null, null, null, null, null, null, null, null, null, null, null, null, null, null, null, null, null, null, null, null, null, null, null, null, null, null, null, null, null, null, null, null, null, null, null, null, null, null, null, null, null, null, null, null, null, null, null, null, null, null, null, null, null, null, null, null, null, null, null, null, null, null, null, null, null, null, null, null, null, null, null, null, null, null, null, null, null, null, null, null, null, null, null, null, null], ""us_aqi"": [89, 89, 88, 88, 86, 84, 82, 81, 81, 81, 81, 82, 90, 93, 91, 86, 87, 87, 87, 87, 88, 90, 94, 98, 102, 106, 110, 112, 114, 115, 117, 119, 120, 122, 124, 125, 127, 129, 131, 132, 133, 133, 134, 134, 134, 133, 132, 130, 127, 124, 122, 120, 119, 118, 118, 118, 118, 118, 118, 118, 117, 116, 114, 113, 111, 110, 109, 108, 105, 101, 98, 95, 94, 93, 93, 94, 95, 97, 98, 99, 101, 102, 103, 104, 105, 107, 108, 109, 110, 111, 111, 112, 112, 112, 113, 113, 113, 113, 112, 111, 110, 109, 108, 107, 107, 106, 106, 106, 105, 105, 105, 106, 107, 109, 111, 113, 114, 115, 116, 116]}}}"
2026-07-27T21:17:57.369305+00:00,Khairpur Mir's,PK,27.5295,68.7592,,,,,,,,,,,,,,,,,aqicn,success,4.260202300036326,"{""air_quality"": {""status"": ""error"", ""data"": ""Invalid key""}}"
2026-07-27T21:17:55.677207+00:00,Larkana,PK,27.5598,68.212,34.96,48.0,994.0,5.68,165.0,44.0,,4.0,29.76,131.51,80.86,0.0,1.15,1.82,41.19,3.13,openweather,success,1.1856721000513062,"{""weather"": {""coord"": {""lon"": 68.212, ""lat"": 27.5598}, ""weather"": [{""id"": 802, ""main"": ""Clouds"", ""description"": ""scattered clouds"", ""icon"": ""03n""}], ""base"": ""stations"", ""main"": {""temp"": 34.96, ""feels_like"": 39.82, ""temp_min"": 34.96, ""temp_max"": 34.96, ""pressure"": 994, ""humidity"": 48, ""sea_level"": 994, ""grnd_level"": 988}, ""visibility"": 10000, ""wind"": {""speed"": 5.68, ""deg"": 165, ""gust"": 9.61}, ""clouds"": {""all"": 44}, ""dt"": 1785187074, ""sys"": {""country"": ""PK"", ""sunrise"": 1785199679, ""sunset"": 1785248345}, ""timezone"": 18000, ""id"": 1172128, ""name"": ""Larkana"", ""cod"": 200}, ""air_quality"": {""coord"": {""lon"": 68.212, ""lat"": 27.5598}, ""list"": [{""main"": {""aqi"": 4}, ""components"": {""co"": 80.86, ""no"": 0, ""no2"": 1.15, ""o3"": 41.19, ""so2"": 1.82, ""pm2_5"": 29.76, ""pm10"": 131.51, ""nh3"": 3.13}, ""dt"": 1785187074}]}}"
2026-07-27T21:15,Larkana,PK,27.5598,68.212,32.1,60.0,994.4,10.9,174.0,14.0,0.0,116.0,52.2,60.3,598.0,,31.1,7.2,31.0,,openmeteo,success,3.8663678999291733,"{""weather"": {""latitude"": 27.592266, ""longitude"": 68.206276, ""generationtime_ms"": 2.8734207153320312, ""utc_offset_seconds"": 0, ""timezone"": ""GMT"", ""timezone_abbreviation"": ""GMT"", ""elevation"": 51.0, ""current_units"": {""time"": ""iso8601"", ""interval"": ""seconds"", ""temperature_2m"": ""°C"", ""relative_humidity_2m"": ""%"", ""pressure_msl"": ""hPa"", ""wind_speed_10m"": ""km/h"", ""wind_direction_10m"": ""°"", ""cloud_cover"": ""%"", ""rain"": ""mm""}, ""current"": {""time"": ""2026-07-27T21:15"", ""interval"": 900, ""temperature_2m"": 32.1, ""relative_humidity_2m"": 60, ""pressure_msl"": 994.4, ""wind_speed_10m"": 10.9, ""wind_direction_10m"": 174, ""cloud_cover"": 14, ""rain"": 0.0}}, ""air_quality"": {""latitude"": 27.599998, ""longitude"": 68.2, ""generationtime_ms"": 0.46765804290771484, ""utc_offset_seconds"": 0, ""timezone"": ""GMT"", ""timezone_abbreviation"": ""GMT"", ""elevation"": 51.0, ""hourly_units"": {""time"": ""iso8601"", ""pm10"": ""μg/m³"", ""pm2_5"": ""μg/m³"", ""carbon_monoxide"": ""μg/m³"", ""nitrogen_dioxide"": ""μg/m³"", ""ozone"": ""μg/m³"", ""sulphur_dioxide"": ""μg/m³"", ""ammonia"": ""μg/m³"", ""us_aqi"": ""USAQI""}, ""hourly"": {""time"": [""2026-07-27T00:00"", ""2026-07-27T01:00"", ""2026-07-27T02:00"", ""2026-07-27T03:00"", ""2026-07-27T04:00"", ""2026-07-27T05:00"", ""2026-07-27T06:00"", ""2026-07-27T07:00"", ""2026-07-27T08:00"", ""2026-07-27T09:00"", ""2026-07-27T10:00"", ""2026-07-27T11:00"", ""2026-07-27T12:00"", ""2026-07-27T13:00"", ""2026-07-27T14:00"", ""2026-07-27T15:00"", ""2026-07-27T16:00"", ""2026-07-27T17:00"", ""2026-07-27T18:00"", ""2026-07-27T19:00"", ""2026-07-27T20:00"", ""2026-07-27T21:00"", ""2026-07-27T22:00"", ""2026-07-27T23:00"", ""2026-07-28T00:00"", ""2026-07-28T01:00"", ""2026-07-28T02:00"", ""2026-07-28T03:00"", ""2026-07-28T04:00"", ""2026-07-28T05:00"", ""2026-07-28T06:00"", ""2026-07-28T07:00"", ""2026-07-28T08:00"", ""2026-07-28T09:00"", ""2026-07-28T10:00"", ""2026-07-28T11:00"", ""2026-07-28T12:00"", ""2026-07-28T13:00"", ""2026-07-28T14:00"", ""2026-07-28T15:00"", ""2026-07-28T16:00"", ""2026-07-28T17:00"", ""2026-07-28T18:00"", ""2026-07-28T19:00"", ""2026-07-28T20:00"", ""2026-07-28T21:00"", ""2026-07-28T22:00"", ""2026-07-28T23:00"", ""2026-07-29T00:00"", ""2026-07-29T01:00"", ""2026-07-29T02:00"", ""2026-07-29T03:00"", ""2026-07-29T04:00"", ""2026-07-29T05:00"", ""2026-07-29T06:00"", ""2026-07-29T07:00"", ""2026-07-29T08:00"", ""2026-07-29T09:00"", ""2026-07-29T10:00"", ""2026-07-29T11:00"", ""2026-07-29T12:00"", ""2026-07-29T13:00"", ""2026-07-29T14:00"", ""2026-07-29T15:00"", ""2026-07-29T16:00"", ""2026-07-29T17:00"", ""2026-07-29T18:00"", ""2026-07-29T19:00"", ""2026-07-29T20:00"", ""2026-07-29T21:00"", ""2026-07-29T22:00"", ""2026-07-29T23:00"", ""2026-07-30T00:00"", ""2026-07-30T01:00"", ""2026-07-30T02:00"", ""2026-07-30T03:00"", ""2026-07-30T04:00"", ""2026-07-30T05:00"", ""2026-07-30T06:00"", ""2026-07-30T07:00"", ""2026-07-30T08:00"", ""2026-07-30T09:00"", ""2026-07-30T10:00"", ""2026-07-30T11:00"", ""2026-07-30T12:00"", ""2026-07-30T13:00"", ""2026-07-30T14:00"", ""2026-07-30T15:00"", ""2026-07-30T16:00"", ""2026-07-30T17:00"", ""2026-07-30T18:00"", ""2026-07-30T19:00"", ""2026-07-30T20:00"", ""2026-07-30T21:00"", ""2026-07-30T22:00"", ""2026-07-30T23:00"", ""2026-07-31T00:00"", ""2026-07-31T01:00"", ""2026-07-31T02:00"", ""2026-07-31T03:00"", ""2026-07-31T04:00"", ""2026-07-31T05:00"", ""2026-07-31T06:00"", ""2026-07-31T07:00"", ""2026-07-31T08:00"", ""2026-07-31T09:00"", ""2026-07-31T10:00"", ""2026-07-31T11:00"", ""2026-07-31T12:00"", ""2026-07-31T13:00"", ""2026-07-31T14:00"", ""2026-07-31T15:00"", ""2026-07-31T16:00"", ""2026-07-31T17:00"", ""2026-07-31T18:00"", ""2026-07-31T19:00"", ""2026-07-31T20:00"", ""2026-07-31T21:00"", ""2026-07-31T22:00"", ""2026-07-31T23:00""], ""pm10"": [60.3, 54.4, 47.6, 32.8, 21.2, 24.5, 32.2, 41.3, 52.0, 63.6, 71.0, 74.5, 76.6, 75.2, 80.1, 94.3, 95.0, 94.1, 122.9, 166.7, 201.2, 217.0, 223.1, 217.9, 204.4, 187.2, 175.6, 166.7, 167.6, 183.5, 191.4, 189.1, 184.4, 182.5, 185.3, 190.5, 198.4, 205.4, 176.5, 181.6, 177.0, 152.7, 168.1, 215.1, 236.1, 241.2, 226.3, 196.0, 156.9, 128.5, 111.3, 107.6, 112.5, 122.9, 131.8, 143.4, 160.7, 168.1, 159.3, 146.2, 134.6, 120.6, 92.4, 81.7, 65.9, 53.3, 49.7, 47.0, 46.2, 51.8, 60.3, 68.9, 78.2, 88.0, 102.2, 143.4, 168.1, 190.0, 207.2, 208.6, 204.9, 202.1, 199.8, 197.0, 188.6, 171.4, 129.5, 115.3, 90.1, 65.0, 55.9, 53.7, 54.7, 57.3, 58.2, 56.7, 53.9, 50.9, 50.3, 53.6, 67.8, 99.2, 122.5, 131.8, 144.4, 154.6, 163.4, 166.7, 169.0, 171.4, 149.0, 143.0, 136.9, 121.1, 102.4, 85.2, 77.3, 74.5, 69.4, 67.1], ""pm2_5"": [52.2, 48.5, 44.5, 31.1, 19.2, 18.9, 21.8, 24.6, 27.0, 29.9, 32.4, 33.6, 34.7, 36.7, 43.2, 54.4, 57.9, 51.3, 54.9, 65.0, 76.4, 85.0, 89.6, 89.9, 86.8, 81.3, 73.8, 64.0, 57.7, 56.8, 56.8, 55.9, 54.2, 53.3, 53.3, 54.6, 56.9, 59.8, 64.5, 73.6, 78.9, 73.8, 71.5, 80.3, 88.5, 91.5, 88.0, 79.6, 69.2, 58.8, 49.6, 44.0, 42.3, 42.6, 43.1, 43.7, 45.5, 47.1, 46.4, 44.5, 42.5, 40.5, 40.2, 41.6, 38.0, 33.5, 31.3, 29.5, 28.9, 30.2, 32.0, 34.2, 37.4, 41.4, 47.4, 56.1, 61.7, 65.2, 66.1, 63.8, 61.2, 59.5, 58.1, 56.9, 55.3, 52.7, 51.3, 53.4, 48.3, 38.5, 33.4, 31.1, 30.2, 29.8, 29.7, 29.5, 29.2, 29.3, 30.3, 32.4, 37.1, 42.4, 43.7, 44.4, 46.3, 47.5, 48.4, 48.5, 48.9, 49.7, 53.2, 58.8, 59.0, 55.5, 47.8, 41.3, 37.6, 34.7, 32.6, 31.8], ""carbon_monoxide"": [598.0, 608.0, 627.0, 604.0, 494.0, 342.0, 226.0, 185.0, 181.0, 178.0, 159.0, 141.0, 140.0, 171.0, 219.0, 259.0, 287.0, 306.0, 306.0, 272.0, 217.0, 177.0, 165.0, 167.0, 170.0, 171.0, 174.0, 175.0, 173.0, 168.0, 163.0, 156.0, 147.0, 141.0, 132.0, 125.0, 138.0, 197.0, 276.0, 318.0, 284.0, 213.0, 162.0, 158.0, 174.0, 189.0, 193.0, 196.0, 200.0, 210.0, 221.0, 224.0, 212.0, 193.0, 176.0, 165.0, 157.0, 151.0, 143.0, 136.0, 140.0, 166.0, 204.0, 228.0, 228.0, 216.0, 201.0, 184.0, 165.0, 152.0, 147.0, 147.0, 155.0, 175.0, 203.0, 221.0, 223.0, 216.0, 208.0, 200.0, 191.0, 183.0, 175.0, 169.0, 174.0, 202.0, 242.0, 264.0, 254.0, 226.0, 200.0, 179.0, 159.0, 146.0, 142.0, 145.0, 150.0, 159.0, 170.0, 178.0, 179.0, 176.0, 172.0, 167.0, 161.0, 155.0, 149.0, 143.0, 145.0, 162.0, 187.0, 204.0, 205.0, 199.0, 191.0, 182.0, 171.0, 165.0, 168.0, 176.0], ""nitrogen_dioxide"": [31.1, 25.5, 17.7, 11.2, 7.2, 4.4, 2.5, 1.5, 1.4, 1.5, 1.1, 0.9, 1.9, 5.6, 10.6, 13.6, 12.6, 9.7, 7.3, 6.4, 6.1, 6.1, 6.6, 7.4, 7.8, 7.4, 6.5, 5.5, 4.3, 2.9, 1.8, 1.3, 1.1, 1.1, 0.8, 0.5, 1.6, 5.3, 10.3, 13.5, 13.5, 11.8, 10.0, 8.4, 6.8, 5.9, 6.4, 7.6, 8.4, 8.4, 8.0, 7.2, 5.7, 3.8, 2.3, 1.6, 1.2, 1.1, 0.9, 0.9, 1.5, 3.5, 6.2, 7.8, 7.1, 5.4, 4.1, 3.9, 4.2, 4.7, 5.3, 6.1, 6.7, 7.1, 7.3, 6.9, 5.6, 3.7, 2.2, 1.5, 1.2, 1.1, 0.9, 0.8, 1.5, 3.9, 7.1, 8.8, 7.6, 4.9, 2.9, 2.5, 2.8, 3.2, 3.7, 4.3, 4.7, 5.0, 5.1, 4.9, 4.0, 2.6, 1.6, 1.2, 1.0, 1.0, 0.8, 0.8, 1.5, 3.9, 7.1, 8.9, 8.2, 6.1, 4.5, 4.0, 4.0, 4.0, 4.0, 4.0], ""ozone"": [31.0, 45.0, 64.0, 83.0, 102.0, 120.0, 133.0, 138.0, 138.0, 137.0, 136.0, 133.0, 127.0, 114.0, 98.0, 84.0, 77.0, 73.0, 68.0, 59.0, 49.0, 41.0, 36.0, 33.0, 32.0, 33.0, 36.0, 43.0, 58.0, 77.0, 92.0, 100.0, 103.0, 105.0, 105.0, 103.0, 99.0, 90.0, 79.0, 71.0, 68.0, 68.0, 67.0, 64.0, 60.0, 56.0, 52.0, 47.0, 44.0, 42.0, 41.0, 46.0, 63.0, 85.0, 103.0, 111.0, 115.0, 115.0, 113.0, 109.0, 102.0, 91.0, 78.0, 69.0, 69.0, 73.0, 76.0, 74.0, 71.0, 67.0, 61.0, 55.0, 51.0, 50.0, 51.0, 58.0, 76.0, 100.0, 118.0, 125.0, 127.0, 126.0, 125.0, 123.0, 117.0, 104.0, 87.0, 75.0, 72.0, 74.0, 75.0, 72.0, 68.0, 63.0, 57.0, 51.0, 48.0, 48.0, 52.0, 60.0, 77.0, 99.0, 114.0, 116.0, 110.0, 105.0, 104.0, 102.0, 99.0, 91.0, 80.0, 72.0, 68.0, 66.0, 63.0, 59.0, 54.0, 51.0, 50.0, 50.0], ""sulphur_dioxide"": [7.2, 7.0, 6.7, 6.6, 6.9, 7.4, 7.7, 7.5, 7.0, 6.5, 6.0, 5.6, 5.4, 5.8, 6.6, 7.1, 7.1, 6.8, 6.4, 5.8, 5.0, 4.4, 4.1, 4.0, 4.0, 4.1, 4.3, 4.6, 5.1, 5.7, 6.1, 6.0, 5.7, 5.4, 5.0, 4.6, 4.5, 5.2, 6.2, 6.9, 7.1, 7.0, 6.7, 6.1, 5.3, 5.0, 5.4, 6.3, 7.1, 7.8, 8.5, 8.8, 8.6, 7.9, 7.3, 6.7, 6.0, 5.4, 4.8, 4.3, 4.0, 4.0, 4.3, 4.4, 4.3, 4.1, 3.9, 3.7, 3.5, 3.4, 3.5, 3.7, 4.2, 5.2, 6.6, 7.5, 7.8, 7.7, 7.5, 7.1, 6.6, 6.1, 5.7, 5.3, 5.1, 5.2, 5.5, 5.5, 5.0, 4.2, 3.5, 3.2, 3.0, 2.9, 2.8, 2.8, 3.0, 3.6, 4.4, 5.1, 5.6, 5.9, 5.9, 5.3, 4.3, 3.5, 3.1, 2.9, 2.9, 3.4, 4.3, 4.7, 4.4, 3.7, 3.1, 2.7, 2.3, 2.0, 1.9, 1.9], ""ammonia"": [null, null, null, null, null, null, null, null, null, null, null, null, null, null, null, null, null, null, null, null, null, null, null, null, null, null, null, null, null, null, null, null, null, null, null, null, null, null, null, null, null, null, null, null, null, null, null, null, null, null, null, null, null, null, null, null, null, null, null, null, null, null, null, null, null, null, null, null, null, null, null, null, null, null, null, null, null, null, null, null, null, null, null, null, null, null, null, null, null, null, null, null, null, null, null, null, null, null, null, null, null, null, null, null, null, null, null, null, null, null, null, null, null, null, null, null, null, null, null, null], ""us_aqi"": [116, 118, 119, 120, 120, 118, 116, 115, 115, 114, 115, 115, 116, 117, 119, 120, 121, 121, 119, 117, 117, 118, 121, 124, 128, 132, 135, 138, 142, 146, 150, 151, 152, 153, 153, 154, 155, 155, 156, 157, 157, 158, 158, 159, 159, 160, 160, 160, 160, 159, 158, 158, 157, 157, 156, 156, 155, 155, 155, 155, 155, 154, 154, 153, 152, 151, 148, 144, 138, 132, 126, 120, 115, 112, 110, 110, 111, 113, 116, 118, 120, 122, 123, 124, 126, 127, 128, 129, 131, 132, 132, 132, 133, 133, 133, 132, 132, 131, 130, 128, 126, 123, 121, 118, 116, 115, 113, 112, 112, 111, 111, 111, 111, 112, 114, 116, 117, 118, 118, 118]}}}"
2026-07-27T21:17:57.420570+00:00,Larkana,PK,27.5598,68.212,,,,,,,,,,,,,,,,,aqicn,success,2.746101400000043,"{""air_quality"": {""status"": ""error"", ""data"": ""Invalid key""}}"
2026-07-27T21:18:17.779849+00:00,Gambat,PK,27.3517,68.5247,33.2,54.0,994.0,6.42,168.0,41.0,,4.0,28.36,124.8,87.39,0.0,1.16,1.46,42.36,2.81,openweather,success,22.47008699993603,"{""weather"": {""coord"": {""lon"": 68.5247, ""lat"": 27.3517}, ""weather"": [{""id"": 802, ""main"": ""Clouds"", ""description"": ""scattered clouds"", ""icon"": ""03n""}], ""base"": ""stations"", ""main"": {""temp"": 33.2, ""feels_like"": 37.94, ""temp_min"": 33.2, ""temp_max"": 33.2, ""pressure"": 994, ""humidity"": 54, ""sea_level"": 994, ""grnd_level"": 988}, ""visibility"": 10000, ""wind"": {""speed"": 6.42, ""deg"": 168, ""gust"": 10.73}, ""clouds"": {""all"": 41}, ""dt"": 1785187096, ""sys"": {""country"": ""PK"", ""sunrise"": 1785199627, ""sunset"": 1785248247}, ""timezone"": 18000, ""id"": 1179061, ""name"": ""Gambat"", ""cod"": 200}, ""air_quality"": {""coord"": {""lon"": 68.5247, ""lat"": 27.3517}, ""list"": [{""main"": {""aqi"": 4}, ""components"": {""co"": 87.39, ""no"": 0, ""no2"": 1.16, ""o3"": 42.36, ""so2"": 1.46, ""pm2_5"": 28.36, ""pm10"": 124.8, ""nh3"": 2.81}, ""dt"": 1785187096}]}}"
2026-07-27T21:15,Gambat,PK,27.3517,68.5247,31.1,63.0,994.8,13.6,174.0,30.0,0.0,122.0,35.4,37.5,879.0,,16.6,4.9,36.0,,openmeteo,success,2.1797676000278443,"{""weather"": {""latitude"": 27.311071, ""longitude"": 68.50446, ""generationtime_ms"": 4.113435745239258, ""utc_offset_seconds"": 0, ""timezone"": ""GMT"", ""timezone_abbreviation"": ""GMT"", ""elevation"": 52.0, ""current_units"": {""time"": ""iso8601"", ""interval"": ""seconds"", ""temperature_2m"": ""°C"", ""relative_humidity_2m"": ""%"", ""pressure_msl"": ""hPa"", ""wind_speed_10m"": ""km/h"", ""wind_direction_10m"": ""°"", ""cloud_cover"": ""%"", ""rain"": ""mm""}, ""current"": {""time"": ""2026-07-27T21:15"", ""interval"": 900, ""temperature_2m"": 31.1, ""relative_humidity_2m"": 63, ""pressure_msl"": 994.8, ""wind_speed_10m"": 13.6, ""wind_direction_10m"": 174, ""cloud_cover"": 30, ""rain"": 0.0}}, ""air_quality"": {""latitude"": 27.400002, ""longitude"": 68.5, ""generationtime_ms"": 0.2944469451904297, ""utc_offset_seconds"": 0, ""timezone"": ""GMT"", ""timezone_abbreviation"": ""GMT"", ""elevation"": 52.0, ""hourly_units"": {""time"": ""iso8601"", ""pm10"": ""μg/m³"", ""pm2_5"": ""μg/m³"", ""carbon_monoxide"": ""μg/m³"", ""nitrogen_dioxide"": ""μg/m³"", ""ozone"": ""μg/m³"", ""sulphur_dioxide"": ""μg/m³"", ""ammonia"": ""μg/m³"", ""us_aqi"": ""USAQI""}, ""hourly"": {""time"": [""2026-07-27T00:00"", ""2026-07-27T01:00"", ""2026-07-27T02:00"", ""2026-07-27T03:00"", ""2026-07-27T04:00"", ""2026-07-27T05:00"", ""2026-07-27T06:00"", ""2026-07-27T07:00"", ""2026-07-27T08:00"", ""2026-07-27T09:00"", ""2026-07-27T10:00"", ""2026-07-27T11:00"", ""2026-07-27T12:00"", ""2026-07-27T13:00"", ""2026-07-27T14:00"", ""2026-07-27T15:00"", ""2026-07-27T16:00"", ""2026-07-27T17:00"", ""2026-07-27T18:00"", ""2026-07-27T19:00"", ""2026-07-27T20:00"", ""2026-07-27T21:00"", ""2026-07-27T22:00"", ""2026-07-27T23:00"", ""2026-07-28T00:00"", ""2026-07-28T01:00"", ""2026-07-28T02:00"", ""2026-07-28T03:00"", ""2026-07-28T04:00"", ""2026-07-28T05:00"", ""2026-07-28T06:00"", ""2026-07-28T07:00"", ""2026-07-28T08:00"", ""2026-07-28T09:00"", ""2026-07-28T10:00"", ""2026-07-28T11:00"", ""2026-07-28T12:00"", ""2026-07-28T13:00"", ""2026-07-28T14:00"", ""2026-07-28T15:00"", ""2026-07-28T16:00"", ""2026-07-28T17:00"", ""2026-07-28T18:00"", ""2026-07-28T19:00"", ""2026-07-28T20:00"", ""2026-07-28T21:00"", ""2026-07-28T22:00"", ""2026-07-28T23:00"", ""2026-07-29T00:00"", ""2026-07-29T01:00"", ""2026-07-29T02:00"", ""2026-07-29T03:00"", ""2026-07-29T04:00"", ""2026-07-29T05:00"", ""2026-07-29T06:00"", ""2026-07-29T07:00"", ""2026-07-29T08:00"", ""2026-07-29T09:00"", ""2026-07-29T10:00"", ""2026-07-29T11:00"", ""2026-07-29T12:00"", ""2026-07-29T13:00"", ""2026-07-29T14:00"", ""2026-07-29T15:00"", ""2026-07-29T16:00"", ""2026-07-29T17:00"", ""2026-07-29T18:00"", ""2026-07-29T19:00"", ""2026-07-29T20:00"", ""2026-07-29T21:00"", ""2026-07-29T22:00"", ""2026-07-29T23:00"", ""2026-07-30T00:00"", ""2026-07-30T01:00"", ""2026-07-30T02:00"", ""2026-07-30T03:00"", ""2026-07-30T04:00"", ""2026-07-30T05:00"", ""2026-07-30T06:00"", ""2026-07-30T07:00"", ""2026-07-30T08:00"", ""2026-07-30T09:00"", ""2026-07-30T10:00"", ""2026-07-30T11:00"", ""2026-07-30T12:00"", ""2026-07-30T13:00"", ""2026-07-30T14:00"", ""2026-07-30T15:00"", ""2026-07-30T16:00"", ""2026-07-30T17:00"", ""2026-07-30T18:00"", ""2026-07-30T19:00"", ""2026-07-30T20:00"", ""2026-07-30T21:00"", ""2026-07-30T22:00"", ""2026-07-30T23:00"", ""2026-07-31T00:00"", ""2026-07-31T01:00"", ""2026-07-31T02:00"", ""2026-07-31T03:00"", ""2026-07-31T04:00"", ""2026-07-31T05:00"", ""2026-07-31T06:00"", ""2026-07-31T07:00"", ""2026-07-31T08:00"", ""2026-07-31T09:00"", ""2026-07-31T10:00"", ""2026-07-31T11:00"", ""2026-07-31T12:00"", ""2026-07-31T13:00"", ""2026-07-31T14:00"", ""2026-07-31T15:00"", ""2026-07-31T16:00"", ""2026-07-31T17:00"", ""2026-07-31T18:00"", ""2026-07-31T19:00"", ""2026-07-31T20:00"", ""2026-07-31T21:00"", ""2026-07-31T22:00"", ""2026-07-31T23:00""], ""pm10"": [37.5, 34.2, 31.5, 28.0, 22.1, 25.8, 36.4, 48.9, 62.9, 73.6, 82.9, 93.6, 106.9, 127.1, 123.9, 126.2, 127.6, 170.9, 235.6, 276.6, 293.4, 287.8, 272.9, 244.0, 214.2, 190.0, 172.8, 178.8, 198.8, 219.8, 233.8, 237.0, 244.0, 255.2, 270.1, 282.2, 294.3, 303.6, 261.7, 251.5, 231.9, 265.4, 349.2, 348.3, 311.1, 288.7, 245.9, 198.4, 159.3, 129.9, 117.8, 122.5, 124.8, 127.6, 127.6, 131.8, 140.2, 138.3, 129.0, 119.7, 115.0, 111.1, 102.2, 81.3, 68.2, 58.1, 57.0, 68.9, 92.9, 120.6, 143.0, 158.3, 165.8, 175.6, 176.0, 174.6, 176.0, 181.1, 196.5, 210.0, 204.4, 196.5, 188.1, 178.8, 167.2, 149.9, 126.7, 96.6, 79.2, 67.5, 60.1, 57.2, 56.9, 56.8, 54.4, 50.4, 47.0, 47.4, 54.9, 67.8, 85.0, 112.7, 137.8, 141.1, 143.9, 144.8, 143.4, 141.6, 142.0, 140.2, 133.2, 109.4, 87.5, 62.9, 50.4, 46.0, 47.4, 52.2, 53.7, 53.3], ""pm2_5"": [35.4, 32.9, 31.1, 26.5, 19.6, 20.0, 23.1, 26.2, 29.7, 32.5, 34.9, 37.6, 40.4, 44.7, 48.7, 54.2, 55.1, 62.2, 77.8, 90.3, 98.3, 101.5, 99.0, 91.5, 82.2, 73.1, 64.7, 58.6, 58.1, 60.5, 62.9, 63.6, 64.5, 66.6, 69.6, 71.9, 74.0, 75.9, 75.0, 77.1, 76.4, 81.7, 96.4, 102.2, 101.5, 97.3, 87.5, 75.0, 63.1, 53.2, 47.4, 44.7, 43.3, 42.6, 41.4, 40.6, 41.2, 41.2, 40.0, 38.6, 38.1, 38.0, 38.0, 37.8, 35.7, 33.3, 32.6, 34.7, 40.0, 46.8, 53.3, 58.7, 62.6, 66.1, 67.1, 64.7, 61.7, 60.1, 59.5, 59.6, 57.4, 55.3, 53.4, 51.8, 49.9, 47.6, 45.2, 42.6, 38.6, 35.0, 32.5, 30.7, 29.9, 29.6, 29.1, 28.6, 28.5, 29.5, 32.5, 36.9, 42.4, 46.9, 47.5, 46.1, 45.5, 44.7, 43.5, 42.6, 42.6, 42.4, 42.0, 44.5, 39.2, 30.9, 26.3, 24.7, 24.5, 25.8, 26.8, 27.3], ""carbon_monoxide"": [879.0, 746.0, 558.0, 408.0, 335.0, 300.0, 271.0, 240.0, 215.0, 194.0, 169.0, 148.0, 148.0, 189.0, 252.0, 295.0, 303.0, 293.0, 270.0, 229.0, 176.0, 137.0, 125.0, 127.0, 131.0, 134.0, 140.0, 144.0, 146.0, 146.0, 144.0, 137.0, 128.0, 121.0, 117.0, 115.0, 122.0, 145.0, 175.0, 197.0, 201.0, 195.0, 190.0, 188.0, 187.0, 187.0, 188.0, 189.0, 190.0, 191.0, 192.0, 190.0, 182.0, 171.0, 161.0, 152.0, 144.0, 137.0, 130.0, 125.0, 127.0, 145.0, 171.0, 188.0, 186.0, 175.0, 163.0, 151.0, 138.0, 131.0, 129.0, 133.0, 149.0, 191.0, 246.0, 278.0, 267.0, 233.0, 203.0, 184.0, 167.0, 156.0, 147.0, 143.0, 153.0, 196.0, 253.0, 281.0, 252.0, 194.0, 149.0, 133.0, 131.0, 130.0, 128.0, 128.0, 133.0, 147.0, 166.0, 177.0, 174.0, 164.0, 155.0, 150.0, 145.0, 143.0, 142.0, 143.0, 147.0, 158.0, 173.0, 180.0, 173.0, 159.0, 149.0, 149.0, 152.0, 155.0, 155.0, 154.0], ""nitrogen_dioxide"": [16.6, 14.0, 10.2, 7.0, 4.7, 2.9, 1.6, 1.0, 1.0, 1.0, 0.8, 0.7, 1.2, 2.8, 5.0, 6.4, 6.2, 5.1, 4.3, 4.2, 4.3, 4.6, 5.1, 5.8, 6.1, 5.8, 5.1, 4.3, 3.3, 2.1, 1.2, 0.8, 0.8, 0.8, 0.7, 0.6, 1.0, 2.5, 4.5, 5.7, 5.3, 4.2, 3.6, 4.1, 5.1, 6.1, 7.2, 8.3, 8.9, 8.5, 7.6, 6.4, 4.9, 3.1, 1.7, 1.1, 0.9, 0.8, 0.7, 0.7, 0.9, 1.6, 2.6, 3.2, 3.1, 2.7, 2.6, 3.0, 3.8, 4.6, 5.6, 6.6, 7.4, 7.9, 8.2, 7.8, 6.2, 3.8, 2.0, 1.2, 0.9, 0.7, 0.6, 0.7, 0.9, 1.4, 2.0, 2.4, 2.4, 2.1, 2.0, 2.2, 2.5, 2.9, 3.4, 3.9, 4.4, 5.1, 5.7, 5.7, 4.6, 2.8, 1.4, 0.8, 0.7, 0.6, 0.5, 0.5, 0.9, 2.2, 3.8, 4.7, 4.1, 2.8, 1.7, 1.4, 1.3, 1.4, 1.6, 1.8], ""ozone"": [36.0, 46.0, 59.0, 75.0, 94.0, 115.0, 130.0, 134.0, 132.0, 129.0, 127.0, 125.0, 119.0, 108.0, 94.0, 81.0, 71.0, 62.0, 55.0, 49.0, 44.0, 41.0, 38.0, 37.0, 37.0, 38.0, 40.0, 45.0, 57.0, 73.0, 85.0, 91.0, 95.0, 97.0, 99.0, 100.0, 99.0, 95.0, 88.0, 82.0, 77.0, 73.0, 69.0, 64.0, 58.0, 53.0, 47.0, 42.0, 39.0, 38.0, 39.0, 45.0, 61.0, 81.0, 97.0, 104.0, 105.0, 105.0, 104.0, 100.0, 97.0, 94.0, 91.0, 88.0, 87.0, 88.0, 86.0, 81.0, 74.0, 67.0, 60.0, 54.0, 49.0, 46.0, 45.0, 50.0, 68.0, 92.0, 110.0, 117.0, 118.0, 117.0, 116.0, 113.0, 109.0, 104.0, 97.0, 91.0, 87.0, 83.0, 78.0, 72.0, 64.0, 58.0, 53.0, 48.0, 47.0, 49.0, 54.0, 63.0, 82.0, 106.0, 121.0, 120.0, 111.0, 103.0, 100.0, 97.0, 93.0, 85.0, 75.0, 68.0, 65.0, 63.0, 63.0, 64.0, 66.0, 67.0, 66.0, 65.0], ""sulphur_dioxide"": [4.9, 4.7, 4.4, 4.3, 4.6, 5.2, 5.5, 5.4, 5.1, 4.8, 4.6, 4.5, 4.5, 4.9, 5.5, 5.9, 5.8, 5.4, 4.9, 4.4, 3.7, 3.3, 3.2, 3.2, 3.3, 3.4, 3.6, 3.9, 4.4, 5.0, 5.3, 5.2, 4.9, 4.6, 4.5, 4.4, 4.4, 4.7, 5.2, 5.4, 5.1, 4.7, 4.4, 4.6, 5.0, 5.5, 6.3, 7.3, 8.0, 8.2, 8.2, 7.9, 7.4, 6.6, 5.9, 5.3, 4.7, 4.2, 3.8, 3.6, 3.5, 3.7, 4.0, 4.2, 4.2, 4.0, 4.0, 4.2, 4.4, 4.8, 5.3, 5.8, 6.4, 7.2, 8.0, 8.4, 8.0, 7.1, 6.3, 5.9, 5.7, 5.4, 5.1, 4.8, 4.5, 4.3, 4.2, 4.0, 3.6, 3.2, 2.9, 2.8, 2.8, 2.9, 2.9, 3.0, 3.5, 4.7, 6.2, 7.4, 7.9, 8.0, 7.7, 6.7, 5.3, 4.2, 3.6, 3.4, 3.2, 3.2, 3.3, 3.2, 2.8, 2.4, 2.0, 1.9, 1.9, 2.0, 2.1, 2.2], ""ammonia"": [null, null, null, null, null, null, null, null, null, null, null, null, null, null, null, null, null, null, null, null, null, null, null, null, null, null, null, null, null, null, null, null, null, null, null, null, null, null, null, null, null, null, null, null, null, null, null, null, null, null, null, null, null, null, null, null, null, null, null, null, null, null, null, null, null, null, null, null, null, null, null, null, null, null, null, null, null, null, null, null, null, null, null, null, null, null, null, null, null, null, null, null, null, null, null, null, null, null, null, null, null, null, null, null, null, null, null, null, null, null, null, null, null, null, null, null, null, null, null, null], ""us_aqi"": [122, 118, 116, 113, 112, 110, 108, 106, 106, 106, 106, 107, 108, 110, 112, 114, 116, 117, 117, 118, 120, 124, 128, 133, 138, 143, 147, 150, 151, 152, 153, 155, 156, 157, 158, 159, 160, 161, 162, 162, 163, 164, 164, 165, 165, 165, 165, 165, 164, 164, 163, 163, 162, 162, 161, 161, 160, 159, 159, 158, 157, 156, 155, 153, 152, 151, 149, 142, 135, 128, 123, 120, 118, 118, 119, 121, 123, 125, 127, 129, 131, 133, 134, 136, 137, 138, 139, 140, 140, 141, 141, 141, 140, 139, 138, 135, 132, 128, 125, 121, 118, 116, 115, 113, 112, 111, 110, 109, 108, 107, 106, 106, 106, 106, 106, 105, 105, 104, 104, 103]}}}"
2026-07-27T21:17:56.506031+00:00,Gambat,PK,27.3517,68.5247,,,,,,,,,,,,,,,,,aqicn,success,1.1067511000437662,"{""air_quality"": {""status"": ""error"", ""data"": ""Invalid key""}}"
2026-07-27T21:17:59.197064+00:00,Lahore,PK,31.5204,74.3587,33.58,49.0,996.0,2.22,179.0,86.0,,3.0,46.0,56.87,749.65,0.04,18.45,1.27,19.26,18.54,openweather,success,3.5793345000129193,"{""weather"": {""coord"": {""lon"": 74.3587, ""lat"": 31.5204}, ""weather"": [{""id"": 804, ""main"": ""Clouds"", ""description"": ""overcast clouds"", ""icon"": ""04n""}], ""base"": ""stations"", ""main"": {""temp"": 33.58, ""feels_like"": 37.18, ""temp_min"": 33.58, ""temp_max"": 33.58, ""pressure"": 996, ""humidity"": 49, ""sea_level"": 996, ""grnd_level"": 972}, ""visibility"": 10000, ""wind"": {""speed"": 2.22, ""deg"": 179, ""gust"": 3.59}, ""clouds"": {""all"": 86}, ""dt"": 1785186964, ""sys"": {""country"": ""PK"", ""sunrise"": 1785197749, ""sunset"": 1785247324}, ""timezone"": 18000, ""id"": 1347925, ""name"": ""Lahore Cantonment"", ""cod"": 200}, ""air_quality"": {""coord"": {""lon"": 74.3587, ""lat"": 31.5204}, ""list"": [{""main"": {""aqi"": 3}, ""components"": {""co"": 749.65, ""no"": 0.04, ""no2"": 18.45, ""o3"": 19.26, ""so2"": 1.27, ""pm2_5"": 46, ""pm10"": 56.87, ""nh3"": 18.54}, ""dt"": 1785187078}]}}"
2026-07-27T21:15,Lahore,PK,31.5204,74.3587,29.5,91.0,996.5,3.5,99.0,98.0,0.1,157.0,90.1,91.3,2230.0,,40.7,21.9,60.0,,openmeteo,success,2.0850626999745145,"{""weather"": {""latitude"": 31.528997, ""longitude"": 74.38995, ""generationtime_ms"": 0.12409687042236328, ""utc_offset_seconds"": 0, ""timezone"": ""GMT"", ""timezone_abbreviation"": ""GMT"", ""elevation"": 220.0, ""current_units"": {""time"": ""iso8601"", ""interval"": ""seconds"", ""temperature_2m"": ""°C"", ""relative_humidity_2m"": ""%"", ""pressure_msl"": ""hPa"", ""wind_speed_10m"": ""km/h"", ""wind_direction_10m"": ""°"", ""cloud_cover"": ""%"", ""rain"": ""mm""}, ""current"": {""time"": ""2026-07-27T21:15"", ""interval"": 900, ""temperature_2m"": 29.5, ""relative_humidity_2m"": 91, ""pressure_msl"": 996.5, ""wind_speed_10m"": 3.5, ""wind_direction_10m"": 99, ""cloud_cover"": 98, ""rain"": 0.1}}, ""air_quality"": {""latitude"": 31.5, ""longitude"": 74.40001, ""generationtime_ms"": 0.3108978271484375, ""utc_offset_seconds"": 0, ""timezone"": ""GMT"", ""timezone_abbreviation"": ""GMT"", ""elevation"": 220.0, ""hourly_units"": {""time"": ""iso8601"", ""pm10"": ""μg/m³"", ""pm2_5"": ""μg/m³"", ""carbon_monoxide"": ""μg/m³"", ""nitrogen_dioxide"": ""μg/m³"", ""ozone"": ""μg/m³"", ""sulphur_dioxide"": ""μg/m³"", ""ammonia"": ""μg/m³"", ""us_aqi"": ""USAQI""}, ""hourly"": {""time"": [""2026-07-27T00:00"", ""2026-07-27T01:00"", ""2026-07-27T02:00"", ""2026-07-27T03:00"", ""2026-07-27T04:00"", ""2026-07-27T05:00"", ""2026-07-27T06:00"", ""2026-07-27T07:00"", ""2026-07-27T08:00"", ""2026-07-27T09:00"", ""2026-07-27T10:00"", ""2026-07-27T11:00"", ""2026-07-27T12:00"", ""2026-07-27T13:00"", ""2026-07-27T14:00"", ""2026-07-27T15:00"", ""2026-07-27T16:00"", ""2026-07-27T17:00"", ""2026-07-27T18:00"", ""2026-07-27T19:00"", ""2026-07-27T20:00"", ""2026-07-27T21:00"", ""2026-07-27T22:00"", ""2026-07-27T23:00"", ""2026-07-28T00:00"", ""2026-07-28T01:00"", ""2026-07-28T02:00"", ""2026-07-28T03:00"", ""2026-07-28T04:00"", ""2026-07-28T05:00"", ""2026-07-28T06:00"", ""2026-07-28T07:00"", ""2026-07-28T08:00"", ""2026-07-28T09:00"", ""2026-07-28T10:00"", ""2026-07-28T11:00"", ""2026-07-28T12:00"", ""2026-07-28T13:00"", ""2026-07-28T14:00"", ""2026-07-28T15:00"", ""2026-07-28T16:00"", ""2026-07-28T17:00"", ""2026-07-28T18:00"", ""2026-07-28T19:00"", ""2026-07-28T20:00"", ""2026-07-28T21:00"", ""2026-07-28T22:00"", ""2026-07-28T23:00"", ""2026-07-29T00:00"", ""2026-07-29T01:00"", ""2026-07-29T02:00"", ""2026-07-29T03:00"", ""2026-07-29T04:00"", ""2026-07-29T05:00"", ""2026-07-29T06:00"", ""2026-07-29T07:00"", ""2026-07-29T08:00"", ""2026-07-29T09:00"", ""2026-07-29T10:00"", ""2026-07-29T11:00"", ""2026-07-29T12:00"", ""2026-07-29T13:00"", ""2026-07-29T14:00"", ""2026-07-29T15:00"", ""2026-07-29T16:00"", ""2026-07-29T17:00"", ""2026-07-29T18:00"", ""2026-07-29T19:00"", ""2026-07-29T20:00"", ""2026-07-29T21:00"", ""2026-07-29T22:00"", ""2026-07-29T23:00"", ""2026-07-30T00:00"", ""2026-07-30T01:00"", ""2026-07-30T02:00"", ""2026-07-30T03:00"", ""2026-07-30T04:00"", ""2026-07-30T05:00"", ""2026-07-30T06:00"", ""2026-07-30T07:00"", ""2026-07-30T08:00"", ""2026-07-30T09:00"", ""2026-07-30T10:00"", ""2026-07-30T11:00"", ""2026-07-30T12:00"", ""2026-07-30T13:00"", ""2026-07-30T14:00"", ""2026-07-30T15:00"", ""2026-07-30T16:00"", ""2026-07-30T17:00"", ""2026-07-30T18:00"", ""2026-07-30T19:00"", ""2026-07-30T20:00"", ""2026-07-30T21:00"", ""2026-07-30T22:00"", ""2026-07-30T23:00"", ""2026-07-31T00:00"", ""2026-07-31T01:00"", ""2026-07-31T02:00"", ""2026-07-31T03:00"", ""2026-07-31T04:00"", ""2026-07-31T05:00"", ""2026-07-31T06:00"", ""2026-07-31T07:00"", ""2026-07-31T08:00"", ""2026-07-31T09:00"", ""2026-07-31T10:00"", ""2026-07-31T11:00"", ""2026-07-31T12:00"", ""2026-07-31T13:00"", ""2026-07-31T14:00"", ""2026-07-31T15:00"", ""2026-07-31T16:00"", ""2026-07-31T17:00"", ""2026-07-31T18:00"", ""2026-07-31T19:00"", ""2026-07-31T20:00"", ""2026-07-31T21:00"", ""2026-07-31T22:00"", ""2026-07-31T23:00""], ""pm10"": [91.3, 91.3, 79.9, 61.0, 53.1, 51.5, 55.6, 59.1, 58.3, 57.5, 57.4, 56.8, 59.5, 65.9, 78.5, 99.9, 112.0, 89.2, 80.1, 75.9, 69.6, 59.8, 51.1, 47.8, 42.6, 34.8, 30.2, 28.6, 30.4, 32.5, 33.5, 37.0, 40.0, 40.4, 40.4, 41.0, 40.4, 40.5, 44.0, 44.7, 49.6, 57.2, 57.7, 57.5, 58.7, 58.7, 53.0, 47.1, 40.3, 30.7, 26.9, 22.0, 22.7, 23.9, 24.8, 27.0, 30.2, 33.4, 37.8, 38.9, 39.8, 41.3, 59.1, 76.6, 80.3, 67.1, 58.4, 52.4, 48.9, 47.1, 42.7, 40.5, 36.2, 31.8, 25.4, 20.7, 18.5, 16.8, 18.6, 15.4, 16.6, 19.0, 21.7, 23.3, 25.6, 29.2, 32.4, 40.7, 47.1, 52.6, 56.0, 50.4, 48.8, 49.4, 46.0, 39.7, 35.5, 29.3, 26.2, 25.8, 28.3, 25.3, 27.0, 25.2, 23.7, 25.3, 25.9, 26.1, 26.4, 28.9, 36.8, 44.8, 51.5, 51.1, 53.2, 53.8, 52.9, 52.7, 51.0, 48.7], ""pm2_5"": [90.1, 90.1, 78.7, 59.6, 51.7, 50.2, 54.1, 57.4, 56.0, 54.5, 53.4, 52.0, 53.8, 61.0, 74.5, 95.2, 107.8, 85.9, 77.5, 74.0, 67.8, 57.5, 49.7, 46.8, 41.3, 33.9, 29.1, 27.1, 27.9, 28.9, 29.2, 31.8, 33.9, 34.2, 34.2, 34.6, 34.5, 35.5, 40.9, 42.4, 47.6, 55.2, 55.5, 55.1, 56.1, 55.6, 49.1, 43.8, 36.8, 27.9, 24.6, 19.4, 18.3, 19.0, 19.2, 21.8, 23.1, 25.5, 29.4, 30.5, 31.7, 33.9, 53.7, 71.5, 76.1, 63.6, 55.3, 49.9, 47.0, 45.6, 40.7, 38.0, 34.2, 30.6, 24.6, 20.1, 18.1, 16.5, 18.3, 15.2, 16.2, 18.5, 21.0, 22.7, 24.9, 28.6, 32.0, 40.4, 46.9, 52.4, 55.8, 50.3, 48.5, 49.2, 45.8, 39.3, 35.3, 28.9, 25.8, 25.4, 27.8, 24.0, 25.7, 24.6, 23.4, 25.1, 25.8, 26.0, 26.3, 28.8, 36.8, 44.7, 51.3, 51.0, 53.1, 53.7, 52.7, 52.6, 50.9, 48.5], ""carbon_monoxide"": [2230.0, 2063.0, 1820.0, 1572.0, 1325.0, 1073.0, 869.0, 733.0, 646.0, 598.0, 504.0, 451.0, 688.0, 1559.0, 2721.0, 3395.0, 3126.0, 2369.0, 1712.0, 1374.0, 1136.0, 928.0, 709.0, 519.0, 409.0, 436.0, 544.0, 609.0, 569.0, 487.0, 432.0, 426.0, 448.0, 500.0, 603.0, 736.0, 845.0, 915.0, 960.0, 964.0, 906.0, 807.0, 712.0, 630.0, 551.0, 493.0, 460.0, 449.0, 463.0, 526.0, 614.0, 666.0, 640.0, 577.0, 537.0, 536.0, 557.0, 615.0, 663.0, 747.0, 1015.0, 1733.0, 2634.0, 3074.0, 2619.0, 1702.0, 972.0, 695.0, 606.0, 558.0, 509.0, 501.0, 513.0, 553.0, 613.0, 645.0, 621.0, 570.0, 529.0, 509.0, 500.0, 508.0, 544.0, 598.0, 645.0, 678.0, 703.0, 720.0, 729.0, 730.0, 715.0, 674.0, 618.0, 569.0, 526.0, 490.0, 494.0, 581.0, 708.0, 775.0, 705.0, 574.0, 515.0, 614.0, 784.0, 897.0, 872.0, 790.0, 760.0, 859.0, 1009.0, 1090.0, 1036.0, 913.0, 796.0, 703.0, 615.0, 551.0, 525.0, 522.0], ""nitrogen_dioxide"": [40.7, 36.8, 31.1, 25.1, 18.5, 11.5, 6.6, 4.9, 5.2, 6.3, 4.4, 3.2, 13.4, 48.1, 94.1, 122.2, 116.2, 92.4, 69.6, 53.6, 38.8, 27.2, 20.1, 16.3, 14.5, 15.3, 18.0, 19.2, 16.8, 12.8, 9.6, 7.9, 7.0, 6.9, 6.9, 7.7, 11.9, 22.4, 36.2, 47.4, 54.3, 58.6, 58.8, 53.1, 43.5, 34.3, 26.2, 18.6, 14.2, 15.9, 21.0, 23.6, 20.9, 15.7, 11.6, 9.5, 8.4, 8.5, 7.3, 7.3, 16.6, 45.3, 83.1, 107.7, 107.6, 94.1, 79.1, 65.0, 49.3, 36.1, 26.6, 19.5, 15.3, 15.6, 18.7, 20.4, 18.6, 15.3, 12.4, 10.1, 8.2, 7.4, 6.8, 7.3, 12.3, 25.6, 43.3, 57.1, 64.6, 68.1, 66.6, 57.0, 42.3, 30.2, 23.5, 19.4, 17.6, 19.5, 23.6, 25.2, 21.3, 14.8, 9.8, 7.4, 6.6, 8.1, 12.3, 18.8, 27.2, 39.4, 53.4, 63.4, 66.6, 65.7, 62.5, 56.5, 48.1, 40.4, 34.1, 28.6], ""ozone"": [60.0, 78.0, 103.0, 134.0, 174.0, 220.0, 252.0, 262.0, 259.0, 251.0, 244.0, 233.0, 207.0, 152.0, 84.0, 37.0, 32.0, 49.0, 66.0, 76.0, 85.0, 91.0, 91.0, 88.0, 86.0, 87.0, 89.0, 95.0, 108.0, 124.0, 142.0, 161.0, 181.0, 195.0, 205.0, 210.0, 201.0, 169.0, 124.0, 87.0, 66.0, 53.0, 46.0, 45.0, 49.0, 56.0, 66.0, 79.0, 88.0, 87.0, 81.0, 82.0, 95.0, 114.0, 131.0, 145.0, 158.0, 168.0, 180.0, 189.0, 181.0, 140.0, 83.0, 40.0, 28.0, 31.0, 36.0, 40.0, 47.0, 55.0, 65.0, 77.0, 87.0, 92.0, 95.0, 100.0, 109.0, 120.0, 131.0, 143.0, 156.0, 166.0, 175.0, 180.0, 173.0, 143.0, 101.0, 67.0, 49.0, 39.0, 36.0, 40.0, 51.0, 60.0, 66.0, 70.0, 73.0, 71.0, 68.0, 72.0, 91.0, 117.0, 138.0, 149.0, 154.0, 152.0, 141.0, 124.0, 105.0, 84.0, 61.0, 43.0, 33.0, 29.0, 27.0, 28.0, 32.0, 36.0, 41.0, 46.0], ""sulphur_dioxide"": [21.9, 23.0, 24.6, 26.1, 27.7, 29.3, 29.6, 27.7, 24.4, 21.7, 19.8, 18.3, 18.1, 20.2, 23.6, 25.8, 25.9, 24.9, 23.2, 20.7, 17.6, 14.6, 11.8, 9.2, 7.6, 7.6, 8.5, 9.4, 10.0, 10.6, 11.0, 11.2, 11.3, 11.5, 12.0, 12.7, 13.1, 13.0, 12.6, 12.4, 12.7, 13.3, 13.6, 13.5, 13.2, 12.5, 10.9, 8.8, 7.6, 8.1, 9.4, 10.6, 11.3, 11.8, 12.3, 12.6, 12.7, 13.1, 13.8, 14.6, 15.9, 18.1, 20.7, 22.0, 21.1, 18.9, 16.6, 14.4, 12.1, 10.1, 8.4, 7.1, 6.6, 7.5, 9.3, 10.7, 11.3, 11.7, 11.9, 12.1, 12.1, 12.3, 12.7, 13.3, 13.5, 13.2, 12.5, 12.2, 12.5, 13.2, 13.4, 13.0, 12.2, 11.2, 9.9, 8.5, 7.7, 7.8, 8.6, 9.5, 10.8, 12.4, 13.3, 13.2, 12.5, 11.5, 10.0, 8.2, 7.3, 8.1, 9.7, 11.0, 11.5, 11.6, 11.5, 11.2, 10.6, 10.0, 9.2, 8.4], ""ammonia"": [null, null, null, null, null, null, null, null, null, null, null, null, null, null, null, null, null, null, null, null, null, null, null, null, null, null, null, null, null, null, null, null, null, null, null, null, null, null, null, null, null, null, null, null, null, null, null, null, null, null, null, null, null, null, null, null, null, null, null, null, null, null, null, null, null, null, null, null, null, null, null, null, null, null, null, null, null, null, null, null, null, null, null, null, null, null, null, null, null, null, null, null, null, null, null, null, null, null, null, null, null, null, null, null, null, null, null, null, null, null, null, null, null, null, null, null, null, null, null, null], ""us_aqi"": [157, 158, 159, 160, 160, 160, 160, 161, 162, 174, 201, 210, 217, 219, 214, 203, 171, 167, 167, 166, 165, 164, 162, 160, 158, 157, 155, 153, 152, 152, 151, 150, 148, 146, 144, 142, 149, 164, 171, 168, 156, 134, 117, 115, 113, 112, 111, 111, 111, 111, 110, 109, 109, 108, 107, 106, 104, 103, 102, 102, 118, 136, 141, 131, 109, 108, 109, 109, 109, 108, 107, 106, 105, 105, 105, 105, 105, 105, 105, 105, 104, 104, 103, 102, 118, 131, 136, 130, 113, 93, 93, 93, 93, 93, 93, 93, 94, 94, 94, 94, 94, 95, 95, 96, 97, 97, 98, 98, 98, 99, 99, 99, 99, 100, 99, 99, 100, 100, 100, 101]}}}"
2026-07-27T21:17:58.784208+00:00,Lahore,PK,31.5204,74.3587,,,,,,,,,,,,,,,,,aqicn,success,2.27793229999952,"{""air_quality"": {""status"": ""error"", ""data"": ""Invalid key""}}"
